isbn,book_title,author,raw_website_name,offer_type,price,edition,condition
9780448448862,Who Was Abraham Lincoln?,"Pascal, Janet B.; Who HQ @ BookFinder.com",Amazon.com,used,25.0,"10/26/08. Pages 112. In stock Usually ships within 4 to 5 days. From : Seattlegoodwill, United States",
9780448448862,Who Was Abraham Lincoln?,"Pascal, Janet B.; Who HQ @ BookFinder.com",Amazon.com,used,37.0,"10/26/08. Pages 112. In Stock. From : more-than-words, United States",
9780448448862,Who Was Abraham Lincoln?,"Pascal, Janet B.; Who HQ @ BookFinder.com",Amazon.com,used,38.0,"10/26/08. Pages 112. In Stock. From : more-than-words, United States",
9780448448862,Who Was Abraham Lincoln?,"Pascal, Janet B.; Who HQ @ BookFinder.com",Amazon.com,used,39.0,"10/26/08. Pages 112. In Stock. From : more-than-words, United States",
9780448448862,Who Was Abraham Lincoln?,"Pascal, Janet B.; Who HQ @ BookFinder.com",Amazon.com,used,46.0,"10/26/08. Pages 112. In Stock. From : WÖLF, United States",
9780448448862,Who Was Abraham Lincoln?,"Pascal, Janet B.; Who HQ @ BookFinder.com",Amazon.com,used,25.0,"10/26/08. Pages 112. In stock Usually ships within 4 to 5 days. From : Seattlegoodwill, United States",
9780448448862,Who Was Abraham Lincoln?,"Pascal, Janet B.; Who HQ @ BookFinder.com",Amazon.com,used,37.0,"10/26/08. Pages 112. In Stock. From : more-than-words, United States",
9780448448862,Who Was Abraham Lincoln?,"Pascal, Janet B.; Who HQ @ BookFinder.com",Amazon.com,used,38.0,"10/26/08. Pages 112. In Stock. From : more-than-words, United States",
9780448448862,Who Was Abraham Lincoln?,"Pascal, Janet B.; Who HQ @ BookFinder.com",Amazon.com,used,39.0,"10/26/08. Pages 112. In Stock. From : more-than-words, United States",
9780448448862,Who Was Abraham Lincoln?,"Pascal, Janet B.; Who HQ @ BookFinder.com",Amazon.com,used,45.0,"10/26/08. Pages 112. In Stock. From : WÖLF, United States",
9780394747095,The Words: The Autobiography of Jean-Paul Sartre,Jean-Paul Sartre @ BookFinder.com,Amazon.com,used,12.0,"First Vintage Edition. Pages 256. In Stock. From : GreatBookDealz, United States",
9780394747095,The Words: The Autobiography of Jean-Paul Sartre,Jean-Paul Sartre @ BookFinder.com,Amazon.com,used,14.0,"First Vintage Edition. Pages 256. In Stock. From : Big River Books LLC, United States",
9780394747095,The Words: The Autobiography of Jean-Paul Sartre,Jean-Paul Sartre @ BookFinder.com,Amazon.com,used,15.0,"First Vintage Edition. Pages 256. In stock Usually ships within 3 to 4 days. From : ThriftBooks-Dallas, United States",
9780394747095,The Words: The Autobiography of Jean-Paul Sartre,Jean-Paul Sartre @ BookFinder.com,Amazon.com,used,16.0,"First Vintage Edition. Pages 256. In stock Usually ships within 3 to 4 days. From : ThriftBooks-Chicago, United States",
9780394747095,The Words: The Autobiography of Jean-Paul Sartre,Jean-Paul Sartre @ BookFinder.com,Amazon.com,used,17.0,"First Vintage Edition. Pages 256. In stock Usually ships within 3 to 4 days. From : ThriftBooks-Atlanta, United States",
9780394747095,The Words: The Autobiography of Jean-Paul Sartre,Jean-Paul Sartre @ BookFinder.com,Amazon.com,used,18.0,"First Vintage Edition. Pages 256. In stock Usually ships within 3 to 4 days. From : ThriftBooks-Phoenix, United States",
9780394747095,The Words: The Autobiography of Jean-Paul Sartre,Jean-Paul Sartre @ BookFinder.com,Amazon.com,used,19.0,"First Vintage Edition. Pages 256. In stock Usually ships within 3 to 4 days. From : ThriftBooks-Seattle, United States",
9780394747095,The Words: The Autobiography of Jean-Paul Sartre,Jean-Paul Sartre @ BookFinder.com,Amazon.com,used,20.0,"First Vintage Edition. Pages 256. In stock Usually ships within 3 to 4 days. From : ThriftBooks-Phoenix, United States",
9780394747095,The Words: The Autobiography of Jean-Paul Sartre,Jean-Paul Sartre @ BookFinder.com,Amazon.com,used,21.0,"First Vintage Edition. Pages 256. In stock Usually ships within 3 to 4 days. From : ThriftBooks-Baltimore, United States",
9780394747095,The Words: The Autobiography of Jean-Paul Sartre,Jean-Paul Sartre @ BookFinder.com,Amazon.com,used,39.0,"First Vintage Edition. Pages 256. In Stock. From : Hawking Books, United States",
9780394747095,The Words: The Autobiography of Jean-Paul Sartre,Jean-Paul Sartre @ BookFinder.com,Amazon.com,used,1.0,"First Vintage Edition. Pages 256. In Stock. From : bestplus18, United States",
9780394747095,The Words: The Autobiography of Jean-Paul Sartre,Jean-Paul Sartre @ BookFinder.com,Amazon.com (Prime),used,2.0,"First Vintage Edition. Pages 256. Fulfillment by Amazon. Amazon Prime. Not a Prime member? Try Amazon Prime 30-Day Free Trial which includes Prime Video, Prime Music and Prime Reading. From : Amazon.com (Prime), United States",
9780394747095,The Words: The Autobiography of Jean-Paul Sartre,Jean-Paul Sartre @ BookFinder.com,Amazon.com,used,3.0,"First Vintage Edition. Pages 256. Fulfillment by Amazon. From : Amazon.com, United States",
9780394747095,The Words: The Autobiography of Jean-Paul Sartre,Jean-Paul Sartre @ BookFinder.com,Amazon.com,used,9.0,"First Vintage Edition. Pages 256. In stock Usually ships within 4 to 5 days. From : BuyWorldwide, Australia",
9780394747095,The Words: The Autobiography of Jean-Paul Sartre,Jean-Paul Sartre @ BookFinder.com,Amazon.com,used,10.0,"First Vintage Edition. Pages 256. Usually ships within 2 to 3 weeks. From : Windy Books, United States",
9780394747095,The Words: The Autobiography of Jean-Paul Sartre,Jean-Paul Sartre @ BookFinder.com,Amazon.com,used,11.0,"First Vintage Edition. Pages 256. Usually ships within 2 to 3 weeks. From : booksXpress, United States",
9780394747095,The Words: The Autobiography of Jean-Paul Sartre,Jean-Paul Sartre @ BookFinder.com,Amazon.com,used,15.0,"First Vintage Edition. Pages 256. In stock Usually ships within 4 to 5 days. From : allnewbooks, United States",
9780394747095,The Words: The Autobiography of Jean-Paul Sartre,Jean-Paul Sartre @ BookFinder.com,Amazon.com,used,19.0,"First Vintage Edition. Pages 256. Usually ships within 9 to 10 days. From : GrandEagleRetail, United States",
9780394747095,The Words: The Autobiography of Jean-Paul Sartre,Jean-Paul Sartre @ BookFinder.com,Amazon.com,used,22.0,"First Vintage Edition. Pages 256. In Stock. From : LABYRINTH BOOKS, United States",
9780394747095,The Words: The Autobiography of Jean-Paul Sartre,Jean-Paul Sartre @ BookFinder.com,Amazon.com,used,24.0,"First Vintage Edition. Pages 256. Usually ships within 9 to 10 days. From : tabletopart, United States",
9780394747095,The Words: The Autobiography of Jean-Paul Sartre,Jean-Paul Sartre @ BookFinder.com,Amazon.com,used,33.0,"First Vintage Edition. Pages 256. In Stock. From : Books Unplugged, United States",
9780394747095,The Words: The Autobiography of Jean-Paul Sartre,Jean-Paul Sartre @ BookFinder.com,Amazon.com,used,12.0,"First Vintage Edition. Pages 256. In Stock. From : GreatBookDealz, United States",
9780394747095,The Words: The Autobiography of Jean-Paul Sartre,Jean-Paul Sartre @ BookFinder.com,Amazon.com,used,14.0,"First Vintage Edition. Pages 256. In Stock. From : Big River Books LLC, United States",
9780394747095,The Words: The Autobiography of Jean-Paul Sartre,Jean-Paul Sartre @ BookFinder.com,Amazon.com,used,15.0,"First Vintage Edition. Pages 256. In stock Usually ships within 3 to 4 days. From : ThriftBooks-Dallas, United States",
9780394747095,The Words: The Autobiography of Jean-Paul Sartre,Jean-Paul Sartre @ BookFinder.com,Amazon.com,used,16.0,"First Vintage Edition. Pages 256. In stock Usually ships within 3 to 4 days. From : ThriftBooks-Chicago, United States",
9780394747095,The Words: The Autobiography of Jean-Paul Sartre,Jean-Paul Sartre @ BookFinder.com,Amazon.com,used,17.0,"First Vintage Edition. Pages 256. In stock Usually ships within 3 to 4 days. From : ThriftBooks-Atlanta, United States",
9780394747095,The Words: The Autobiography of Jean-Paul Sartre,Jean-Paul Sartre @ BookFinder.com,Amazon.com,used,18.0,"First Vintage Edition. Pages 256. In stock Usually ships within 3 to 4 days. From : ThriftBooks-Phoenix, United States",
9780394747095,The Words: The Autobiography of Jean-Paul Sartre,Jean-Paul Sartre @ BookFinder.com,Amazon.com,used,19.0,"First Vintage Edition. Pages 256. In stock Usually ships within 3 to 4 days. From : ThriftBooks-Seattle, United States",
9780394747095,The Words: The Autobiography of Jean-Paul Sartre,Jean-Paul Sartre @ BookFinder.com,Amazon.com,used,20.0,"First Vintage Edition. Pages 256. In stock Usually ships within 3 to 4 days. From : ThriftBooks-Phoenix, United States",
9780394747095,The Words: The Autobiography of Jean-Paul Sartre,Jean-Paul Sartre @ BookFinder.com,Amazon.com,used,21.0,"First Vintage Edition. Pages 256. In stock Usually ships within 3 to 4 days. From : ThriftBooks-Baltimore, United States",
9780394747095,The Words: The Autobiography of Jean-Paul Sartre,Jean-Paul Sartre @ BookFinder.com,Amazon.com,used,39.0,"First Vintage Edition. Pages 256. In Stock. From : Hawking Books, United States",
9781789430905,Little Women,"Alcott, Louisa May @ BookFinder.com",Amazon.com,used,2.0,"Illustrated. Pages 150. In stock Usually ships within 2 to 3 days. From : Bahamut Media, United States",
9781789430905,Little Women,"Alcott, Louisa May @ BookFinder.com",Amazon.com,used,4.0,"Illustrated. Pages 150. In stock Usually ships within 2 to 3 days. From : awesomebooksusa, United States",
9781789430905,Little Women,"Alcott, Louisa May @ BookFinder.com",Amazon.com,used,2.0,"Illustrated. Pages 150. In stock Usually ships within 2 to 3 days. From : Bahamut Media, United States",
9781789430905,Little Women,"Alcott, Louisa May @ BookFinder.com",Amazon.com,used,4.0,"Illustrated. Pages 150. In stock Usually ships within 2 to 3 days. From : awesomebooksusa, United States",
9780712610469,The Medicine Way,"Meadows, Kenneth @ BookFinder.com",Amazon.com,used,6.0,"2nd. Pages 256. In Stock. From : Hawking Books, United States",
9780712610469,The Medicine Way,"Meadows, Kenneth @ BookFinder.com",Amazon.com,used,7.0,"2nd. Pages 256. In stock Usually ships within 2 to 3 days. From : Bahamut Media, United States",
9780712610469,The Medicine Way,"Meadows, Kenneth @ BookFinder.com",Amazon.com,used,8.0,"2nd. Pages 256. In stock Usually ships within 2 to 3 days. From : awesomebooksusa, United States",
9780712610469,The Medicine Way,"Meadows, Kenneth @ BookFinder.com",Amazon.com,used,9.0,"2nd. Pages 256. In Stock. From : Hawking Books, United States",
9780712610469,The Medicine Way,"Meadows, Kenneth @ BookFinder.com",Amazon.com,used,10.0,"2nd. Pages 256. In Stock. From : Animal Crackers Originals, United States",
9780712610469,The Medicine Way,"Meadows, Kenneth @ BookFinder.com",Amazon.com,used,11.0,"2nd. Pages 256. In Stock. From : laggscape, United States",
9780712610469,The Medicine Way,"Meadows, Kenneth @ BookFinder.com",Amazon.com,used,20.0,"2nd. Pages 256. In Stock. From : worldofbooksusa, United Kingdom",
9780712610469,The Medicine Way,"Meadows, Kenneth @ BookFinder.com",Amazon.com,used,44.0,"2nd. Pages 256. In stock Usually ships within 4 to 5 days. From : BAY EXPRESS - Miami books, Netherlands",
9780712610469,The Medicine Way,"Meadows, Kenneth @ BookFinder.com",Amazon.com,used,6.0,"2nd. Pages 256. In Stock. From : Hawking Books, United States",
9780712610469,The Medicine Way,"Meadows, Kenneth @ BookFinder.com",Amazon.com,used,7.0,"2nd. Pages 256. In stock Usually ships within 2 to 3 days. From : Bahamut Media, United States",
9780712610469,The Medicine Way,"Meadows, Kenneth @ BookFinder.com",Amazon.com,used,8.0,"2nd. Pages 256. In stock Usually ships within 2 to 3 days. From : awesomebooksusa, United States",
9780712610469,The Medicine Way,"Meadows, Kenneth @ BookFinder.com",Amazon.com,used,9.0,"2nd. Pages 256. In Stock. From : Hawking Books, United States",
9780712610469,The Medicine Way,"Meadows, Kenneth @ BookFinder.com",Amazon.com,used,10.0,"2nd. Pages 256. In Stock. From : Animal Crackers Originals, United States",
9780712610469,The Medicine Way,"Meadows, Kenneth @ BookFinder.com",Amazon.com,used,11.0,"2nd. Pages 256. In Stock. From : laggscape, United States",
9780712610469,The Medicine Way,"Meadows, Kenneth @ BookFinder.com",Amazon.com,used,20.0,"2nd. Pages 256. In Stock. From : worldofbooksusa, United Kingdom",
9780712610469,The Medicine Way,"Meadows, Kenneth @ BookFinder.com",Amazon.com,used,44.0,"2nd. Pages 256. In stock Usually ships within 4 to 5 days. From : BAY EXPRESS - Miami books, Netherlands",
9781529017205,The Snail and the Whale Festive Edition,"Donaldson, Julia @ BookFinder.com",Amazon.com,used,3.0,"Main Market. Pages 32. In stock Usually ships within 3 to 4 days. From : ThriftBooks-Dallas, United States",
9781529017205,The Snail and the Whale Festive Edition,"Donaldson, Julia @ BookFinder.com",Amazon.com,used,8.0,"Main Market. Pages 32. In stock Usually ships within 2 to 3 days. From : awesomebooksusa, United States",
9781529017205,The Snail and the Whale Festive Edition,"Donaldson, Julia @ BookFinder.com",Amazon.com,used,9.0,"Main Market. Pages 32. In stock Usually ships within 2 to 3 days. From : Bahamut Media, United States",
9781529017205,The Snail and the Whale Festive Edition,"Donaldson, Julia @ BookFinder.com",Amazon.com,used,19.0,"Main Market. Pages 32. In Stock. From : WeBuyBooks-UK, United Kingdom",
9781529017205,The Snail and the Whale Festive Edition,"Donaldson, Julia @ BookFinder.com",Amazon.com,used,20.0,"Main Market. Pages 32. In Stock. From : WeBuyBooks-UK, United Kingdom",
9781529017205,The Snail and the Whale Festive Edition,"Donaldson, Julia @ BookFinder.com",Amazon.com,used,23.0,"Main Market. Pages 32. In Stock. From : WeBuyBooks-UK, United Kingdom",
9781529017205,The Snail and the Whale Festive Edition,"Donaldson, Julia @ BookFinder.com",Amazon.com,used,33.0,"Main Market. Pages 32. In Stock. From : worldofbooksusa, United Kingdom",
9781529017205,The Snail and the Whale Festive Edition,"Donaldson, Julia @ BookFinder.com",Amazon.com,used,34.0,"Main Market. Pages 32. In Stock. From : worldofbooksusa, United Kingdom",
9781529017205,The Snail and the Whale Festive Edition,"Donaldson, Julia @ BookFinder.com",Amazon.com,used,35.0,"Main Market. Pages 32. In Stock. From : worldofbooksusa, United Kingdom",
9781529017205,The Snail and the Whale Festive Edition,"Donaldson, Julia @ BookFinder.com",Amazon.com,used,36.0,"Main Market. Pages 32. In Stock. From : BetterWorldBooksUK, United Kingdom",
9781529017205,The Snail and the Whale Festive Edition,"Donaldson, Julia @ BookFinder.com",Amazon.com (Prime),used,18.0,"Main Market. Pages 32. In Stock. Fulfillment by Amazon. Amazon Prime. Not a Prime member? Try Amazon Prime 30-Day Free Trial which includes Prime Video, Prime Music and Prime Reading. From : Amazon.com (Prime), United States",
9781529017205,The Snail and the Whale Festive Edition,"Donaldson, Julia @ BookFinder.com",Amazon.com,used,19.0,"Main Market. Pages 32. In Stock. Fulfillment by Amazon. From : Amazon.com, United States",
9781529017205,The Snail and the Whale Festive Edition,"Donaldson, Julia @ BookFinder.com",Amazon.com,used,3.0,"Main Market. Pages 32. In stock Usually ships within 3 to 4 days. From : ThriftBooks-Dallas, United States",
9781529017205,The Snail and the Whale Festive Edition,"Donaldson, Julia @ BookFinder.com",Amazon.com,used,8.0,"Main Market. Pages 32. In stock Usually ships within 2 to 3 days. From : awesomebooksusa, United States",
9781529017205,The Snail and the Whale Festive Edition,"Donaldson, Julia @ BookFinder.com",Amazon.com,used,9.0,"Main Market. Pages 32. In stock Usually ships within 2 to 3 days. From : Bahamut Media, United States",
9781529017205,The Snail and the Whale Festive Edition,"Donaldson, Julia @ BookFinder.com",Amazon.com,used,19.0,"Main Market. Pages 32. In Stock. From : WeBuyBooks-UK, United Kingdom",
9781529017205,The Snail and the Whale Festive Edition,"Donaldson, Julia @ BookFinder.com",Amazon.com,used,20.0,"Main Market. Pages 32. In Stock. From : WeBuyBooks-UK, United Kingdom",
9781529017205,The Snail and the Whale Festive Edition,"Donaldson, Julia @ BookFinder.com",Amazon.com,used,23.0,"Main Market. Pages 32. In Stock. From : WeBuyBooks-UK, United Kingdom",
9781529017205,The Snail and the Whale Festive Edition,"Donaldson, Julia @ BookFinder.com",Amazon.com,used,33.0,"Main Market. Pages 32. In Stock. From : worldofbooksusa, United Kingdom",
9781529017205,The Snail and the Whale Festive Edition,"Donaldson, Julia @ BookFinder.com",Amazon.com,used,34.0,"Main Market. Pages 32. In Stock. From : worldofbooksusa, United Kingdom",
9781529017205,The Snail and the Whale Festive Edition,"Donaldson, Julia @ BookFinder.com",Amazon.com,used,35.0,"Main Market. Pages 32. In Stock. From : worldofbooksusa, United Kingdom",
9781529017205,The Snail and the Whale Festive Edition,"Donaldson, Julia @ BookFinder.com",Amazon.com,used,36.0,"Main Market. Pages 32. In Stock. From : BetterWorldBooksUK, United Kingdom",
9780965593199,Fermat's Enigma: The Epic Quest To Solve The World's Greatest Mathematical Problem.,"Simon / John Lynch, Foreword Singh @ BookFinder.com",Amazon.com,used,13.0,"Reprint. Pages 315. In Stock. From : World of Books (previously glenthebookseller), United States",
9780965593199,Fermat's Enigma: The Epic Quest To Solve The World's Greatest Mathematical Problem.,"Simon / John Lynch, Foreword Singh @ BookFinder.com",Amazon.com,used,14.0,"Reprint. Pages 315. In stock Usually ships within 3 to 4 days. From : ThriftBooks-Phoenix, United States",
9780965593199,Fermat's Enigma: The Epic Quest To Solve The World's Greatest Mathematical Problem.,"Simon / John Lynch, Foreword Singh @ BookFinder.com",Amazon.com,used,22.0,"Reprint. Pages 315. In Stock. From : BooksRun, United States",
9780965593199,Fermat's Enigma: The Epic Quest To Solve The World's Greatest Mathematical Problem.,"Simon / John Lynch, Foreword Singh @ BookFinder.com",Amazon.com,used,23.0,"Reprint. Pages 315. In Stock. From : HPB-Ruby, United States",
9780965593199,Fermat's Enigma: The Epic Quest To Solve The World's Greatest Mathematical Problem.,"Simon / John Lynch, Foreword Singh @ BookFinder.com",Amazon.com,used,24.0,"Reprint. Pages 315. In Stock. From : HPB-Diamond, United States",
9780965593199,Fermat's Enigma: The Epic Quest To Solve The World's Greatest Mathematical Problem.,"Simon / John Lynch, Foreword Singh @ BookFinder.com",Amazon.com,used,25.0,"Reprint. Pages 315. In Stock. From : HPB-Ruby, United States",
9780965593199,Fermat's Enigma: The Epic Quest To Solve The World's Greatest Mathematical Problem.,"Simon / John Lynch, Foreword Singh @ BookFinder.com",Amazon.com,used,35.0,"Reprint. Pages 315. In Stock. From : saveontextbooks1, United States",
9780965593199,Fermat's Enigma: The Epic Quest To Solve The World's Greatest Mathematical Problem.,"Simon / John Lynch, Foreword Singh @ BookFinder.com",Amazon.com,used,36.0,"Reprint. Pages 315. In Stock. From : HPB-Emerald, United States",
9780965593199,Fermat's Enigma: The Epic Quest To Solve The World's Greatest Mathematical Problem.,"Simon / John Lynch, Foreword Singh @ BookFinder.com",Amazon.com,used,38.0,"Reprint. Pages 315. In Stock. From : Amazing Books Pittsburgh, United States",
9780965593199,Fermat's Enigma: The Epic Quest To Solve The World's Greatest Mathematical Problem.,"Simon / John Lynch, Foreword Singh @ BookFinder.com",Amazon.com,used,50.0,"Reprint. Pages 315. In Stock. From : Ambernbeyond, United States",
9780965593199,Fermat's Enigma: The Epic Quest To Solve The World's Greatest Mathematical Problem.,"Simon / John Lynch, Foreword Singh @ BookFinder.com",Amazon.com,used,2.0,"Reprint. Pages 315. In Stock. From : Ambernbeyond, United States",
9780965593199,Fermat's Enigma: The Epic Quest To Solve The World's Greatest Mathematical Problem.,"Simon / John Lynch, Foreword Singh @ BookFinder.com",Amazon.com,used,3.0,"Reprint. Pages 315. In Stock. From : Books-R-Keen, United States",
9780965593199,Fermat's Enigma: The Epic Quest To Solve The World's Greatest Mathematical Problem.,"Simon / John Lynch, Foreword Singh @ BookFinder.com",Amazon.com,used,4.0,"Reprint. Pages 315. In Stock. From : Blue Mountain Collectibles LLC, United States",
9780965593199,Fermat's Enigma: The Epic Quest To Solve The World's Greatest Mathematical Problem.,"Simon / John Lynch, Foreword Singh @ BookFinder.com",Amazon.com,used,13.0,"Reprint. Pages 315. In Stock. From : World of Books (previously glenthebookseller), United States",
9780965593199,Fermat's Enigma: The Epic Quest To Solve The World's Greatest Mathematical Problem.,"Simon / John Lynch, Foreword Singh @ BookFinder.com",Amazon.com,used,14.0,"Reprint. Pages 315. In stock Usually ships within 3 to 4 days. From : ThriftBooks-Phoenix, United States",
9780965593199,Fermat's Enigma: The Epic Quest To Solve The World's Greatest Mathematical Problem.,"Simon / John Lynch, Foreword Singh @ BookFinder.com",Amazon.com,used,22.0,"Reprint. Pages 315. In Stock. From : BooksRun, United States",
9780965593199,Fermat's Enigma: The Epic Quest To Solve The World's Greatest Mathematical Problem.,"Simon / John Lynch, Foreword Singh @ BookFinder.com",Amazon.com,used,23.0,"Reprint. Pages 315. In Stock. From : HPB-Ruby, United States",
9780965593199,Fermat's Enigma: The Epic Quest To Solve The World's Greatest Mathematical Problem.,"Simon / John Lynch, Foreword Singh @ BookFinder.com",Amazon.com,used,24.0,"Reprint. Pages 315. In Stock. From : HPB-Diamond, United States",
9780965593199,Fermat's Enigma: The Epic Quest To Solve The World's Greatest Mathematical Problem.,"Simon / John Lynch, Foreword Singh @ BookFinder.com",Amazon.com,used,25.0,"Reprint. Pages 315. In Stock. From : HPB-Ruby, United States",
9780965593199,Fermat's Enigma: The Epic Quest To Solve The World's Greatest Mathematical Problem.,"Simon / John Lynch, Foreword Singh @ BookFinder.com",Amazon.com,used,35.0,"Reprint. Pages 315. In Stock. From : saveontextbooks1, United States",
9780965593199,Fermat's Enigma: The Epic Quest To Solve The World's Greatest Mathematical Problem.,"Simon / John Lynch, Foreword Singh @ BookFinder.com",Amazon.com,used,36.0,"Reprint. Pages 315. In Stock. From : HPB-Emerald, United States",
9780965593199,Fermat's Enigma: The Epic Quest To Solve The World's Greatest Mathematical Problem.,"Simon / John Lynch, Foreword Singh @ BookFinder.com",Amazon.com,used,38.0,"Reprint. Pages 315. In Stock. From : Amazing Books Pittsburgh, United States",
9780439261395,Bright Shadow,Avi @ BookFinder.com,Amazon.com,used,7.0,"0. Pages 180. In Stock. From : more-than-words, United States",
9780439261395,Bright Shadow,Avi @ BookFinder.com,Amazon.com,used,8.0,"0. Pages 180. In Stock. From : World of Books (previously glenthebookseller), United States",
9780439261395,Bright Shadow,Avi @ BookFinder.com,Amazon.com,used,9.0,"0. Pages 180. In Stock. From : World of Books (previously glenthebookseller), United States",
9780439261395,Bright Shadow,Avi @ BookFinder.com,Amazon.com,used,11.0,"0. Pages 180. In Stock. From : onceuponatimebooks, United States",
9780439261395,Bright Shadow,Avi @ BookFinder.com,Amazon.com,used,14.0,"0. Pages 180. In Stock. From : hagitb, United States",
9780439261395,Bright Shadow,Avi @ BookFinder.com,Amazon.com,used,25.0,"0. Pages 180. In Stock. From : THE B00K N00K, United States",
9780439261395,Bright Shadow,Avi @ BookFinder.com,Amazon.com,used,29.0,"0. Pages 180. In Stock. From : HPB-Ruby, United States",
9780439261395,Bright Shadow,Avi @ BookFinder.com,Amazon.com,used,30.0,"0. Pages 180. In Stock. From : Half Price Books Inc, United States",
9780439261395,Bright Shadow,Avi @ BookFinder.com,Amazon.com,used,33.0,"0. Pages 180. In Stock. From : Half Price Books Inc, United States",
9780439261395,Bright Shadow,Avi @ BookFinder.com,Amazon.com,used,34.0,"0. Pages 180. In Stock. From : Rbookmark, United States",
9780439261395,Bright Shadow,Avi @ BookFinder.com,Amazon.com,used,7.0,"0. Pages 180. In Stock. From : more-than-words, United States",
9780439261395,Bright Shadow,Avi @ BookFinder.com,Amazon.com,used,8.0,"0. Pages 180. In Stock. From : World of Books (previously glenthebookseller), United States",
9780439261395,Bright Shadow,Avi @ BookFinder.com,Amazon.com,used,9.0,"0. Pages 180. In Stock. From : World of Books (previously glenthebookseller), United States",
9780439261395,Bright Shadow,Avi @ BookFinder.com,Amazon.com,used,11.0,"0. Pages 180. In Stock. From : onceuponatimebooks, United States",
9780439261395,Bright Shadow,Avi @ BookFinder.com,Amazon.com,used,14.0,"0. Pages 180. In Stock. From : hagitb, United States",
9780439261395,Bright Shadow,Avi @ BookFinder.com,Amazon.com,used,25.0,"0. Pages 180. In Stock. From : THE B00K N00K, United States",
9780439261395,Bright Shadow,Avi @ BookFinder.com,Amazon.com,used,29.0,"0. Pages 180. In Stock. From : HPB-Ruby, United States",
9780439261395,Bright Shadow,Avi @ BookFinder.com,Amazon.com,used,30.0,"0. Pages 180. In Stock. From : Half Price Books Inc, United States",
9780439261395,Bright Shadow,Avi @ BookFinder.com,Amazon.com,used,33.0,"0. Pages 180. In Stock. From : Half Price Books Inc, United States",
9780439261395,Bright Shadow,Avi @ BookFinder.com,Amazon.com,used,34.0,"0. Pages 180. In Stock. From : Rbookmark, United States",
9780553136869,The King Must Die,"Renault, Mary @ BookFinder.com",Amazon.com,used,3.0,"Ninth Printing. Pages 0. In stock Usually ships within 3 to 4 days. From : ThriftBooks-Baltimore, United States",
9780553136869,The King Must Die,"Renault, Mary @ BookFinder.com",Amazon.com,used,7.0,"Ninth Printing. Pages 0. In Stock. From : BetterWorldBooksUK, United Kingdom",
9780553136869,The King Must Die,"Renault, Mary @ BookFinder.com",Amazon.com,used,3.0,"Ninth Printing. Pages 0. In stock Usually ships within 3 to 4 days. From : ThriftBooks-Baltimore, United States",
9780553136869,The King Must Die,"Renault, Mary @ BookFinder.com",Amazon.com,used,7.0,"Ninth Printing. Pages 0. In Stock. From : BetterWorldBooksUK, United Kingdom",
9780373536146,Rainy Day Dreams,Margaret Ripy @ BookFinder.com,Amazon.com,used,1.0,"First Edition. Pages 252. In Stock. From : MrBidAuctions, United States",
9780373536146,Rainy Day Dreams,Margaret Ripy @ BookFinder.com,Amazon.com,used,1.0,"First Edition. Pages 252. In Stock. From : MrBidAuctions, United States",
9781433134142,Power Play: Explorando y empujando fronteras en una escuela en Tejas through a multilingual play-based early learning curriculum (Childhood Studies),"Kinard, Tim; Gainer, Jesse; Huerta, Mary Esther Soto @ BookFinder.com",Amazon.com,used,1.0,"New. Pages 242. Usually ships within 6 to 7 days. From : BOOKS etc. _, United States",
9781433134142,Power Play: Explorando y empujando fronteras en una escuela en Tejas through a multilingual play-based early learning curriculum (Childhood Studies),"Kinard, Tim; Gainer, Jesse; Huerta, Mary Esther Soto @ BookFinder.com",Amazon.com,used,2.0,"New. Pages 242. Usually ships within 6 to 7 days. From : BOOKS etc. _, United States",
9781433134142,Power Play: Explorando y empujando fronteras en una escuela en Tejas through a multilingual play-based early learning curriculum (Childhood Studies),"Kinard, Tim; Gainer, Jesse; Huerta, Mary Esther Soto @ BookFinder.com",Amazon.com,used,23.0,"New. Pages 242. In stock Usually ships within 4 to 5 days. From : TheWorldShopUSA, Australia",
9781433134142,Power Play: Explorando y empujando fronteras en una escuela en Tejas through a multilingual play-based early learning curriculum (Childhood Studies),"Kinard, Tim; Gainer, Jesse; Huerta, Mary Esther Soto @ BookFinder.com",Amazon.com,used,34.0,"New. Pages 242. In Stock. From : RAREWAVES-IMPORTS, United Kingdom",
9781433134142,Power Play: Explorando y empujando fronteras en una escuela en Tejas through a multilingual play-based early learning curriculum (Childhood Studies),"Kinard, Tim; Gainer, Jesse; Huerta, Mary Esther Soto @ BookFinder.com",Amazon.com,used,1.0,"New. Pages 242. Usually ships within 6 to 7 days. From : BOOKS etc. _, United States",
9781433134142,Power Play: Explorando y empujando fronteras en una escuela en Tejas through a multilingual play-based early learning curriculum (Childhood Studies),"Kinard, Tim; Gainer, Jesse; Huerta, Mary Esther Soto @ BookFinder.com",Amazon.com,used,20.0,"New. Pages 242. In stock Usually ships within 4 to 5 days. From : TheWorldShopUSA, Australia",
9781433134142,Power Play: Explorando y empujando fronteras en una escuela en Tejas through a multilingual play-based early learning curriculum (Childhood Studies),"Kinard, Tim; Gainer, Jesse; Huerta, Mary Esther Soto @ BookFinder.com",Amazon.com,used,31.0,"New. Pages 242. In Stock. From : RAREWAVES-IMPORTS, United Kingdom",
9781433134142,Power Play: Explorando y empujando fronteras en una escuela en Tejas through a multilingual play-based early learning curriculum (Childhood Studies),"Kinard, Tim; Gainer, Jesse; Huerta, Mary Esther Soto @ BookFinder.com",Amazon.com,used,1.0,"New. Pages 242. Usually ships within 6 to 7 days. From : BOOKS etc. _, United States",
9781414319131,,@ BookFinder.com,Amazon.com,used,2.0,"Anniversary Format: Kindle eBook. Pages 461. Available for download now. From : Amazon.com, United States",
9781414319131,,@ BookFinder.com,Amazon.com,used,2.0,"Anniversary Format: Kindle eBook. Pages 461. Available for download now. From : Amazon.com, United States",
9780345320285,"The Emerald City of Oz (Wizard of Oz, No. 6)",L. Frank Baum @ BookFinder.com,Amazon.com,used,15.0,"First Edition. Pages 299. In stock Usually ships within 3 to 4 days. From : ThriftBooks-Phoenix, United States",
9780345320285,"The Emerald City of Oz (Wizard of Oz, No. 6)",L. Frank Baum @ BookFinder.com,Amazon.com,used,16.0,"First Edition. Pages 299. In stock Usually ships within 3 to 4 days. From : ThriftBooks-Baltimore, United States",
9780345320285,"The Emerald City of Oz (Wizard of Oz, No. 6)",L. Frank Baum @ BookFinder.com,Amazon.com,used,23.0,"First Edition. Pages 299. In Stock. From : Half Price Books Inc, United States",
9780345320285,"The Emerald City of Oz (Wizard of Oz, No. 6)",L. Frank Baum @ BookFinder.com,Amazon.com,used,28.0,"First Edition. Pages 299. In Stock. From : Better World Books: West, United States",
9780345320285,"The Emerald City of Oz (Wizard of Oz, No. 6)",L. Frank Baum @ BookFinder.com,Amazon.com,used,30.0,"First Edition. Pages 299. In Stock. From : Biblioteka, United States",
9780345320285,"The Emerald City of Oz (Wizard of Oz, No. 6)",L. Frank Baum @ BookFinder.com,Amazon.com,used,34.0,"First Edition. Pages 299. In Stock. From : King Crab Books LLC, United States",
9780345320285,"The Emerald City of Oz (Wizard of Oz, No. 6)",L. Frank Baum @ BookFinder.com,Amazon.com,used,15.0,"First Edition. Pages 299. In stock Usually ships within 3 to 4 days. From : ThriftBooks-Phoenix, United States",
9780345320285,"The Emerald City of Oz (Wizard of Oz, No. 6)",L. Frank Baum @ BookFinder.com,Amazon.com,used,16.0,"First Edition. Pages 299. In stock Usually ships within 3 to 4 days. From : ThriftBooks-Baltimore, United States",
9780345320285,"The Emerald City of Oz (Wizard of Oz, No. 6)",L. Frank Baum @ BookFinder.com,Amazon.com,used,23.0,"First Edition. Pages 299. In Stock. From : Half Price Books Inc, United States",
9780345320285,"The Emerald City of Oz (Wizard of Oz, No. 6)",L. Frank Baum @ BookFinder.com,Amazon.com,used,28.0,"First Edition. Pages 299. In Stock. From : Better World Books: West, United States",
9780345320285,"The Emerald City of Oz (Wizard of Oz, No. 6)",L. Frank Baum @ BookFinder.com,Amazon.com,used,30.0,"First Edition. Pages 299. In Stock. From : Biblioteka, United States",
9780345320285,"The Emerald City of Oz (Wizard of Oz, No. 6)",L. Frank Baum @ BookFinder.com,Amazon.com,used,34.0,"First Edition. Pages 299. In Stock. From : King Crab Books LLC, United States",
9780751517545,London After Midnight,@ BookFinder.com,Amazon.com,used,7.0,"New Ed Format: Import. Pages 352. In stock Usually ships within 2 to 3 days. From : awesomebooksusa, United States",
9780751517545,London After Midnight,@ BookFinder.com,Amazon.com,used,8.0,"New Ed Format: Import. Pages 352. In stock Usually ships within 2 to 3 days. From : Bahamut Media, United States",
9780751517545,London After Midnight,@ BookFinder.com,Amazon.com,used,11.0,"New Ed Format: Import. Pages 352. In stock Usually ships within 2 to 3 days. From : bookbot, Czech Republic",
9780751517545,London After Midnight,@ BookFinder.com,Amazon.com,used,27.0,"New Ed Format: Import. Pages 352. Usually ships within 10 to 11 days. From : D. Wade, Bookseller, United States",
9780751517545,London After Midnight,@ BookFinder.com,Amazon.com,used,7.0,"New Ed Format: Import. Pages 352. In stock Usually ships within 2 to 3 days. From : awesomebooksusa, United States",
9780751517545,London After Midnight,@ BookFinder.com,Amazon.com,used,8.0,"New Ed Format: Import. Pages 352. In stock Usually ships within 2 to 3 days. From : Bahamut Media, United States",
9780751517545,London After Midnight,@ BookFinder.com,Amazon.com,used,11.0,"New Ed Format: Import. Pages 352. In stock Usually ships within 2 to 3 days. From : bookbot, Czech Republic",
9780751517545,London After Midnight,@ BookFinder.com,Amazon.com,used,27.0,"New Ed Format: Import. Pages 352. Usually ships within 10 to 11 days. From : D. Wade, Bookseller, United States",
9781602857360,Mornings in Jenin (Center Point Platinum Reader's Circle (Large Print)),"Abulhawa, Susan @ BookFinder.com",Amazon.com,used,4.0,"Large Print Format: Large Print. Pages 463. In stock Usually ships within 3 to 4 days. From : ThriftBooks-Dallas, United States",
9781602857360,Mornings in Jenin (Center Point Platinum Reader's Circle (Large Print)),"Abulhawa, Susan @ BookFinder.com",Amazon.com,used,5.0,"Large Print Format: Large Print. Pages 463. In stock Usually ships within 3 to 4 days. From : ThriftBooks-Phoenix, United States",
9781602857360,Mornings in Jenin (Center Point Platinum Reader's Circle (Large Print)),"Abulhawa, Susan @ BookFinder.com",Amazon.com,used,4.0,"Large Print Format: Large Print. Pages 463. In stock Usually ships within 3 to 4 days. From : ThriftBooks-Dallas, United States",
9781602857360,Mornings in Jenin (Center Point Platinum Reader's Circle (Large Print)),"Abulhawa, Susan @ BookFinder.com",Amazon.com,used,5.0,"Large Print Format: Large Print. Pages 463. In stock Usually ships within 3 to 4 days. From : ThriftBooks-Phoenix, United States",
9780899192192,Someone Is Hiding on Alcatraz Island,"Bunting, Eve @ BookFinder.com",Amazon.com,used,9.0,"First Edition. Pages 136. In Stock. From : World of Books (previously glenthebookseller), United States",
9780899192192,Someone Is Hiding on Alcatraz Island,"Bunting, Eve @ BookFinder.com",Amazon.com,used,10.0,"First Edition. Pages 136. In Stock. Fulfillment by Amazon. From : MARGUSH LLC, United States",
9780899192192,Someone Is Hiding on Alcatraz Island,"Bunting, Eve @ BookFinder.com",Amazon.com (Prime),used,11.0,"First Edition. Pages 136. In Stock. Fulfillment by Amazon. Amazon Prime. Not a Prime member? Try Amazon Prime 30-Day Free Trial which includes Prime Video, Prime Music and Prime Reading. From : MARGUSH LLC, United States",
9780899192192,Someone Is Hiding on Alcatraz Island,"Bunting, Eve @ BookFinder.com",Amazon.com,used,12.0,"First Edition. Pages 136. In Stock. From : YourOnlineBookstore, United States",
9780899192192,Someone Is Hiding on Alcatraz Island,"Bunting, Eve @ BookFinder.com",Amazon.com,used,13.0,"First Edition. Pages 136. In Stock. From : Gulf Coast Books LLC, United States",
9780899192192,Someone Is Hiding on Alcatraz Island,"Bunting, Eve @ BookFinder.com",Amazon.com,used,16.0,"First Edition. Pages 136. In Stock. Fulfillment by Amazon. From : Jenson Books Inc, United States",
9780899192192,Someone Is Hiding on Alcatraz Island,"Bunting, Eve @ BookFinder.com",Amazon.com (Prime),used,17.0,"First Edition. Pages 136. In Stock. Fulfillment by Amazon. Amazon Prime. Not a Prime member? Try Amazon Prime 30-Day Free Trial which includes Prime Video, Prime Music and Prime Reading. From : Jenson Books Inc, United States",
9780899192192,Someone Is Hiding on Alcatraz Island,"Bunting, Eve @ BookFinder.com",Amazon.com,used,20.0,"First Edition. Pages 136. In Stock. From : onceuponatimebooks, United States",
9780899192192,Someone Is Hiding on Alcatraz Island,"Bunting, Eve @ BookFinder.com",Amazon.com,used,30.0,"First Edition. Pages 136. In stock Usually ships within 3 to 4 days. From : ThriftBooks-Phoenix, United States",
9780899192192,Someone Is Hiding on Alcatraz Island,"Bunting, Eve @ BookFinder.com",Amazon.com,used,31.0,"First Edition. Pages 136. In stock Usually ships within 3 to 4 days. From : ThriftBooks-Dallas, United States",
9780899192192,Someone Is Hiding on Alcatraz Island,"Bunting, Eve @ BookFinder.com",Amazon.com,used,37.0,"First Edition. Pages 136. In Stock. From : J. Knight Books and More, United States",
9780899192192,Someone Is Hiding on Alcatraz Island,"Bunting, Eve @ BookFinder.com",Amazon.com,used,44.0,"First Edition. Pages 136. In Stock. From : WonderBook, United States",
9780899192192,Someone Is Hiding on Alcatraz Island,"Bunting, Eve @ BookFinder.com",Amazon.com,used,1.0,"First Edition. Pages 136. In Stock. From : AllStarBooks57, United States",
9780899192192,Someone Is Hiding on Alcatraz Island,"Bunting, Eve @ BookFinder.com",Amazon.com,used,9.0,"First Edition. Pages 136. In Stock. From : World of Books (previously glenthebookseller), United States",
9780899192192,Someone Is Hiding on Alcatraz Island,"Bunting, Eve @ BookFinder.com",Amazon.com,used,10.0,"First Edition. Pages 136. In Stock. Fulfillment by Amazon. From : MARGUSH LLC, United States",
9780899192192,Someone Is Hiding on Alcatraz Island,"Bunting, Eve @ BookFinder.com",Amazon.com (Prime),used,11.0,"First Edition. Pages 136. In Stock. Fulfillment by Amazon. Amazon Prime. Not a Prime member? Try Amazon Prime 30-Day Free Trial which includes Prime Video, Prime Music and Prime Reading. From : MARGUSH LLC, United States",
9780899192192,Someone Is Hiding on Alcatraz Island,"Bunting, Eve @ BookFinder.com",Amazon.com,used,12.0,"First Edition. Pages 136. In Stock. From : YourOnlineBookstore, United States",
9780899192192,Someone Is Hiding on Alcatraz Island,"Bunting, Eve @ BookFinder.com",Amazon.com,used,13.0,"First Edition. Pages 136. In Stock. From : Gulf Coast Books LLC, United States",
9780899192192,Someone Is Hiding on Alcatraz Island,"Bunting, Eve @ BookFinder.com",Amazon.com,used,16.0,"First Edition. Pages 136. In Stock. Fulfillment by Amazon. From : Jenson Books Inc, United States",
9780899192192,Someone Is Hiding on Alcatraz Island,"Bunting, Eve @ BookFinder.com",Amazon.com (Prime),used,17.0,"First Edition. Pages 136. In Stock. Fulfillment by Amazon. Amazon Prime. Not a Prime member? Try Amazon Prime 30-Day Free Trial which includes Prime Video, Prime Music and Prime Reading. From : Jenson Books Inc, United States",
9780899192192,Someone Is Hiding on Alcatraz Island,"Bunting, Eve @ BookFinder.com",Amazon.com,used,20.0,"First Edition. Pages 136. In Stock. From : onceuponatimebooks, United States",
9780899192192,Someone Is Hiding on Alcatraz Island,"Bunting, Eve @ BookFinder.com",Amazon.com,used,30.0,"First Edition. Pages 136. In stock Usually ships within 3 to 4 days. From : ThriftBooks-Phoenix, United States",
9780899192192,Someone Is Hiding on Alcatraz Island,"Bunting, Eve @ BookFinder.com",Amazon.com,used,31.0,"First Edition. Pages 136. In stock Usually ships within 3 to 4 days. From : ThriftBooks-Dallas, United States",
9780899192192,Someone Is Hiding on Alcatraz Island,"Bunting, Eve @ BookFinder.com",Amazon.com,used,37.0,"First Edition. Pages 136. In Stock. From : J. Knight Books and More, United States",
9780899192192,Someone Is Hiding on Alcatraz Island,"Bunting, Eve @ BookFinder.com",Amazon.com,used,44.0,"First Edition. Pages 136. In Stock. From : WonderBook, United States",
9781555978242,Her Body and Other Parties,"MacHado, Carmen Maria @ BookFinder.com",Amazon.com,used,3.0,"Limited Edition. Pages 245. In Stock. From : Knowledge-Exchange, United States",
9781555978242,Her Body and Other Parties,"MacHado, Carmen Maria @ BookFinder.com",Amazon.com,used,4.0,"Limited Edition. Pages 245. In Stock. From : GLOBALIXIR, United States",
9781555978242,Her Body and Other Parties,"MacHado, Carmen Maria @ BookFinder.com",Amazon.com,used,6.0,"Limited Edition. Pages 245. In Stock. From : Blue Vase Books, United States",
9781555978242,Her Body and Other Parties,"MacHado, Carmen Maria @ BookFinder.com",Amazon.com,used,7.0,"Limited Edition. Pages 245. In stock Usually ships within 2 to 3 days. From : GoodwillBooks, United States",
9781555978242,Her Body and Other Parties,"MacHado, Carmen Maria @ BookFinder.com",Amazon.com,used,10.0,"Limited Edition. Pages 245. In Stock. Fulfillment by Amazon. From : Bank-A-Books, United States",
9781555978242,Her Body and Other Parties,"MacHado, Carmen Maria @ BookFinder.com",Amazon.com (Prime),used,11.0,"Limited Edition. Pages 245. In Stock. Fulfillment by Amazon. Amazon Prime. Not a Prime member? Try Amazon Prime 30-Day Free Trial which includes Prime Video, Prime Music and Prime Reading. From : Bank-A-Books, United States",
9781555978242,Her Body and Other Parties,"MacHado, Carmen Maria @ BookFinder.com",Amazon.com,used,12.0,"Limited Edition. Pages 245. In Stock. From : NovelIdeaBookStore, United States",
9781555978242,Her Body and Other Parties,"MacHado, Carmen Maria @ BookFinder.com",Amazon.com,used,13.0,"Limited Edition. Pages 245. In Stock. From : The Sales, United States",
9781555978242,Her Body and Other Parties,"MacHado, Carmen Maria @ BookFinder.com",Amazon.com,used,14.0,"Limited Edition. Pages 245. In Stock. From : Friends of Washoe County Library Reno,NV, United States",
9781555978242,Her Body and Other Parties,"MacHado, Carmen Maria @ BookFinder.com",Amazon.com,used,15.0,"Limited Edition. Pages 245. In Stock. From : Books, Music etc, United States",
9781555978242,Her Body and Other Parties,"MacHado, Carmen Maria @ BookFinder.com",Amazon.com,used,16.0,"limited hardcover edition; Signed; Used: Like New/No jacket; Fine in blaclk boards.No jacket as issued. Powells ""Indespensible"" series. With author signature on a Powells tipped in page. clean fresh copy. Lacking the booklet. The Powell's limited hardcover edition of what was a paperback originally.-Quality Counts! All books shipped in cardboard NOT bubblewrap and all books with dust jackets have mylar jacket protectors. Hardcover. Edition: Limited Edition. Pages 245. In Stock. From : Jim Kay, United States",
9781555978242,Her Body and Other Parties,"MacHado, Carmen Maria @ BookFinder.com",Amazon.com,used,18.0,"Limited Edition. Pages 245. In Stock. Fulfillment by Amazon. From : Heartland Dry Goods, United States",
9781555978242,Her Body and Other Parties,"MacHado, Carmen Maria @ BookFinder.com",Amazon.com (Prime),used,19.0,"Limited Edition. Pages 245. In Stock. Fulfillment by Amazon. Amazon Prime. Not a Prime member? Try Amazon Prime 30-Day Free Trial which includes Prime Video, Prime Music and Prime Reading. From : Heartland Dry Goods, United States",
9781555978242,Her Body and Other Parties,"MacHado, Carmen Maria @ BookFinder.com",Amazon.com,used,20.0,"Limited Edition. Pages 245. In Stock. From : 😎 Pacific Coast Book Sellers 🇺🇸, United States",
9781555978242,Her Body and Other Parties,"MacHado, Carmen Maria @ BookFinder.com",Amazon.com,used,23.0,"Limited Edition. Pages 245. In Stock. From : kathmandubooks, United States",
9781555978242,Her Body and Other Parties,"MacHado, Carmen Maria @ BookFinder.com",Amazon.com,used,24.0,"Limited Edition. Pages 245. In Stock. From : mstlysfl, United States",
9781555978242,Her Body and Other Parties,"MacHado, Carmen Maria @ BookFinder.com",Amazon.com,used,39.0,"Limited Edition. Pages 245. In Stock. From : thebookforest, United States",
9781555978242,Her Body and Other Parties,"MacHado, Carmen Maria @ BookFinder.com",Amazon.com,used,40.0,"Limited Edition. Pages 245. In stock Usually ships within 2 to 3 days. From : Big River Books LLC, United States",
9781555978242,Her Body and Other Parties,"MacHado, Carmen Maria @ BookFinder.com",Amazon.com,used,9.0,"Limited Edition. Pages 245. In Stock. From : thebookforest, United States",
9781555978242,Her Body and Other Parties,"MacHado, Carmen Maria @ BookFinder.com",Amazon.com,used,10.0,"Limited Edition. Pages 245. In stock Usually ships within 2 to 3 days. From : Big River Books LLC, United States",
9781555978242,Her Body and Other Parties,"MacHado, Carmen Maria @ BookFinder.com",Amazon.com,used,3.0,"Limited Edition. Pages 245. In Stock. From : Knowledge-Exchange, United States",
9781555978242,Her Body and Other Parties,"MacHado, Carmen Maria @ BookFinder.com",Amazon.com,used,4.0,"Limited Edition. Pages 245. In Stock. From : GLOBALIXIR, United States",
9781555978242,Her Body and Other Parties,"MacHado, Carmen Maria @ BookFinder.com",Amazon.com,used,6.0,"Limited Edition. Pages 245. In Stock. From : Blue Vase Books, United States",
9781555978242,Her Body and Other Parties,"MacHado, Carmen Maria @ BookFinder.com",Amazon.com,used,7.0,"Limited Edition. Pages 245. In stock Usually ships within 2 to 3 days. From : GoodwillBooks, United States",
9781555978242,Her Body and Other Parties,"MacHado, Carmen Maria @ BookFinder.com",Amazon.com,used,10.0,"Limited Edition. Pages 245. In Stock. Fulfillment by Amazon. From : Bank-A-Books, United States",
9781555978242,Her Body and Other Parties,"MacHado, Carmen Maria @ BookFinder.com",Amazon.com (Prime),used,11.0,"Limited Edition. Pages 245. In Stock. Fulfillment by Amazon. Amazon Prime. Not a Prime member? Try Amazon Prime 30-Day Free Trial which includes Prime Video, Prime Music and Prime Reading. From : Bank-A-Books, United States",
9781555978242,Her Body and Other Parties,"MacHado, Carmen Maria @ BookFinder.com",Amazon.com,used,12.0,"Limited Edition. Pages 245. In Stock. From : NovelIdeaBookStore, United States",
9781555978242,Her Body and Other Parties,"MacHado, Carmen Maria @ BookFinder.com",Amazon.com,used,13.0,"Limited Edition. Pages 245. In Stock. From : The Sales, United States",
9781555978242,Her Body and Other Parties,"MacHado, Carmen Maria @ BookFinder.com",Amazon.com,used,14.0,"Limited Edition. Pages 245. In Stock. From : Friends of Washoe County Library Reno,NV, United States",
9781555978242,Her Body and Other Parties,"MacHado, Carmen Maria @ BookFinder.com",Amazon.com,used,15.0,"Limited Edition. Pages 245. In Stock. From : Books, Music etc, United States",
9781555978242,Her Body and Other Parties,"MacHado, Carmen Maria @ BookFinder.com",Amazon.com,used,16.0,"limited hardcover edition; Signed; Used: Like New/No jacket; Fine in blaclk boards.No jacket as issued. Powells ""Indespensible"" series. With author signature on a Powells tipped in page. clean fresh copy. Lacking the booklet. The Powell's limited hardcover edition of what was a paperback originally.-Quality Counts! All books shipped in cardboard NOT bubblewrap and all books with dust jackets have mylar jacket protectors. Hardcover. Edition: Limited Edition. Pages 245. In Stock. From : Jim Kay, United States",
9781555978242,Her Body and Other Parties,"MacHado, Carmen Maria @ BookFinder.com",Amazon.com,used,18.0,"Limited Edition. Pages 245. In Stock. Fulfillment by Amazon. From : Heartland Dry Goods, United States",
9781555978242,Her Body and Other Parties,"MacHado, Carmen Maria @ BookFinder.com",Amazon.com (Prime),used,19.0,"Limited Edition. Pages 245. In Stock. Fulfillment by Amazon. Amazon Prime. Not a Prime member? Try Amazon Prime 30-Day Free Trial which includes Prime Video, Prime Music and Prime Reading. From : Heartland Dry Goods, United States",
9781555978242,Her Body and Other Parties,"MacHado, Carmen Maria @ BookFinder.com",Amazon.com,used,20.0,"Limited Edition. Pages 245. In Stock. From : 😎 Pacific Coast Book Sellers 🇺🇸, United States",
9781555978242,Her Body and Other Parties,"MacHado, Carmen Maria @ BookFinder.com",Amazon.com,used,23.0,"Limited Edition. Pages 245. In Stock. From : kathmandubooks, United States",
9781555978242,Her Body and Other Parties,"MacHado, Carmen Maria @ BookFinder.com",Amazon.com,used,24.0,"Limited Edition. Pages 245. In Stock. From : mstlysfl, United States",
9788413371139,Cándido o el optimismo (Narrativa) (Spanish Edition),"Voltaire, Voltaire @ BookFinder.com",Amazon.com,used,1.0,"1. Pages 126. In Stock. Fulfillment by Amazon. From : Amazon.com, United States",
9788413371139,Cándido o el optimismo (Narrativa) (Spanish Edition),"Voltaire, Voltaire @ BookFinder.com",Amazon.com (Prime),used,2.0,"1. Pages 126. In Stock. Fulfillment by Amazon. Amazon Prime. Not a Prime member? Try Amazon Prime 30-Day Free Trial which includes Prime Video, Prime Music and Prime Reading. From : Amazon.com (Prime), United States",
9788413371139,Cándido o el optimismo (Narrativa) (Spanish Edition),"Voltaire, Voltaire @ BookFinder.com",Amazon.com,used,8.0,"1. Pages 126. In Stock. From : WEST BOOKS, Canada",
9788413371139,Cándido o el optimismo (Narrativa) (Spanish Edition),"Voltaire, Voltaire @ BookFinder.com",Amazon.com,used,9.0,"1. Pages 126. Usually ships within 2 to 3 weeks. From : Windy Books, United States",
9788413371139,Cándido o el optimismo (Narrativa) (Spanish Edition),"Voltaire, Voltaire @ BookFinder.com",Amazon.com,used,10.0,"1. Pages 126. Usually ships within 2 to 3 weeks. From : booksXpress, United States",
9788413371139,Cándido o el optimismo (Narrativa) (Spanish Edition),"Voltaire, Voltaire @ BookFinder.com",Amazon.com.au,used,11.0,1. Pages 126. In stock. Fulfillment by Amazon. From : Amazon AU,
9788413371139,Cándido o el optimismo (Narrativa) (Spanish Edition),"Voltaire, Voltaire @ BookFinder.com",Amazon.com,used,18.0,"1. Pages 126. Usually ships within 2 to 3 weeks. From : PBShop UK, United Kingdom",
9788413371139,Cándido o el optimismo (Narrativa) (Spanish Edition),"Voltaire, Voltaire @ BookFinder.com",Amazon.com,used,1.0,"1. Pages 126. In Stock. Fulfillment by Amazon. From : Amazon.com, United States",
9788413371139,Cándido o el optimismo (Narrativa) (Spanish Edition),"Voltaire, Voltaire @ BookFinder.com",Amazon.com (Prime),used,2.0,"1. Pages 126. In Stock. Fulfillment by Amazon. Amazon Prime. Not a Prime member? Try Amazon Prime 30-Day Free Trial which includes Prime Video, Prime Music and Prime Reading. From : Amazon.com (Prime), United States",
9788413371139,Cándido o el optimismo (Narrativa) (Spanish Edition),"Voltaire, Voltaire @ BookFinder.com",Amazon.com,used,8.0,"1. Pages 126. In Stock. From : WEST BOOKS, Canada",
9788413371139,Cándido o el optimismo (Narrativa) (Spanish Edition),"Voltaire, Voltaire @ BookFinder.com",Amazon.com,used,9.0,"1. Pages 126. Usually ships within 2 to 3 weeks. From : Windy Books, United States",
9788413371139,Cándido o el optimismo (Narrativa) (Spanish Edition),"Voltaire, Voltaire @ BookFinder.com",Amazon.com,used,10.0,"1. Pages 126. Usually ships within 2 to 3 weeks. From : booksXpress, United States",
9788413371139,Cándido o el optimismo (Narrativa) (Spanish Edition),"Voltaire, Voltaire @ BookFinder.com",Amazon.com.au,used,11.0,1. Pages 126. In stock. Fulfillment by Amazon. From : Amazon AU,
9788413371139,Cándido o el optimismo (Narrativa) (Spanish Edition),"Voltaire, Voltaire @ BookFinder.com",Amazon.com,used,18.0,"1. Pages 126. Usually ships within 2 to 3 weeks. From : PBShop UK, United Kingdom",
9780233983851,Hospital of the Transfiguration,"Lem, Stanislaw @ BookFinder.com",Amazon.com,used,11.0,"First Edition Format: Import. Pages 224. In Stock. From : Sell Books ✅, United Kingdom",
9780233983851,Hospital of the Transfiguration,"Lem, Stanislaw @ BookFinder.com",Amazon.com,used,12.0,"First Edition Format: Import. Pages 224. In Stock. From : the_book_community, United States",
9780233983851,Hospital of the Transfiguration,"Lem, Stanislaw @ BookFinder.com",Amazon.com,used,13.0,"First Edition Format: Import. Pages 224. In stock Usually ships within 3 to 4 days. From : Serendipity UnLtd, United States",
9780233983851,Hospital of the Transfiguration,"Lem, Stanislaw @ BookFinder.com",Amazon.com,used,11.0,"First Edition Format: Import. Pages 224. In Stock. From : Sell Books ✅, United Kingdom",
9780233983851,Hospital of the Transfiguration,"Lem, Stanislaw @ BookFinder.com",Amazon.com,used,12.0,"First Edition Format: Import. Pages 224. In Stock. From : the_book_community, United States",
9780233983851,Hospital of the Transfiguration,"Lem, Stanislaw @ BookFinder.com",Amazon.com,used,13.0,"First Edition Format: Import. Pages 224. In stock Usually ships within 3 to 4 days. From : Serendipity UnLtd, United States",
9780470267264,Healing Psoriasis: The Natural Alternative,"Pagano D.C., John O. A. @ BookFinder.com",Amazon.com,used,27.0,"1. Pages 352. In Stock. From : GreatBookDealz, United States",
9780470267264,Healing Psoriasis: The Natural Alternative,"Pagano D.C., John O. A. @ BookFinder.com",Amazon.com,used,28.0,"1. Pages 352. In Stock. From : GREENWORLD GOODS, United States",
9780470267264,Healing Psoriasis: The Natural Alternative,"Pagano D.C., John O. A. @ BookFinder.com",Amazon.com,used,29.0,"1. Pages 352. In Stock. From : MegaReads, United States",
9780470267264,Healing Psoriasis: The Natural Alternative,"Pagano D.C., John O. A. @ BookFinder.com",Amazon.com,used,30.0,"1. Pages 352. In Stock. From : Evergreengoodwillbooks, United States",
9780470267264,Healing Psoriasis: The Natural Alternative,"Pagano D.C., John O. A. @ BookFinder.com",Amazon.com,used,31.0,"1. Pages 352. In stock Usually ships within 2 to 3 days. From : Goodwillswpa, United States",
9780470267264,Healing Psoriasis: The Natural Alternative,"Pagano D.C., John O. A. @ BookFinder.com",Amazon.com,used,36.0,"1. Pages 352. In Stock. From : YourOnlineBookstore, United States",
9780470267264,Healing Psoriasis: The Natural Alternative,"Pagano D.C., John O. A. @ BookFinder.com",Amazon.com,used,37.0,"1. Pages 352. In Stock. From : Orion LLC, United States",
9780470267264,Healing Psoriasis: The Natural Alternative,"Pagano D.C., John O. A. @ BookFinder.com",Amazon.com,used,38.0,"1. Pages 352. In Stock. From : Off The Shelf STL, United States",
9780470267264,Healing Psoriasis: The Natural Alternative,"Pagano D.C., John O. A. @ BookFinder.com",Amazon.com,used,39.0,"1. Pages 352. In stock Usually ships within 2 to 3 days. From : Reliant Distribution, United States",
9780470267264,Healing Psoriasis: The Natural Alternative,"Pagano D.C., John O. A. @ BookFinder.com",Amazon.com,used,44.0,"1. Pages 352. In stock Usually ships within 2 to 3 days. From : Goodwill of Colorado, United States",
9780470267264,Healing Psoriasis: The Natural Alternative,"Pagano D.C., John O. A. @ BookFinder.com",Amazon.com,used,7.0,"1. Pages 352. In Stock. From : Shakespeare Book House, United States",
9780470267264,Healing Psoriasis: The Natural Alternative,"Pagano D.C., John O. A. @ BookFinder.com",Amazon.com,used,8.0,"1. Pages 352. In Stock. From : Turner Enterprises - Support Small Biz!, United States",
9780470267264,Healing Psoriasis: The Natural Alternative,"Pagano D.C., John O. A. @ BookFinder.com",Amazon.com,used,9.0,"1. Pages 352. In Stock. From : Ambis Enterprises, United States",
9780470267264,Healing Psoriasis: The Natural Alternative,"Pagano D.C., John O. A. @ BookFinder.com",Amazon.com,used,11.0,"1. Pages 352. In Stock. From : morebooks25, United States",
9780470267264,Healing Psoriasis: The Natural Alternative,"Pagano D.C., John O. A. @ BookFinder.com",Amazon.com (Prime),used,13.0,"1. Pages 352. In Stock. Fulfillment by Amazon. Amazon Prime. Not a Prime member? Try Amazon Prime 30-Day Free Trial which includes Prime Video, Prime Music and Prime Reading. From : Amazon.com (Prime), United States",
9780470267264,Healing Psoriasis: The Natural Alternative,"Pagano D.C., John O. A. @ BookFinder.com",Amazon.com,used,14.0,"1. Pages 352. In Stock. Fulfillment by Amazon. From : Amazon.com, United States",
9780470267264,Healing Psoriasis: The Natural Alternative,"Pagano D.C., John O. A. @ BookFinder.com",Amazon.com,used,15.0,"1. Pages 352. In Stock. From : Books Unplugged, United States",
9780470267264,Healing Psoriasis: The Natural Alternative,"Pagano D.C., John O. A. @ BookFinder.com",Amazon.com,used,16.0,"1. Pages 352. In Stock. From : Shakespeare Book House, United States",
9780470267264,Healing Psoriasis: The Natural Alternative,"Pagano D.C., John O. A. @ BookFinder.com",Amazon.com,used,18.0,"1. Pages 352. In Stock. Fulfillment by Amazon. From : Kochan47, United States",
9780470267264,Healing Psoriasis: The Natural Alternative,"Pagano D.C., John O. A. @ BookFinder.com",Amazon.com (Prime),used,19.0,"1. Pages 352. In Stock. Fulfillment by Amazon. Amazon Prime. Not a Prime member? Try Amazon Prime 30-Day Free Trial which includes Prime Video, Prime Music and Prime Reading. From : Kochan47, United States",
9780470267264,Healing Psoriasis: The Natural Alternative,"Pagano D.C., John O. A. @ BookFinder.com",Amazon.com,used,29.0,"1. Pages 352. In stock Usually ships within 3 to 4 days. From : Pensive Keyboard Books, United States",
9780470267264,Healing Psoriasis: The Natural Alternative,"Pagano D.C., John O. A. @ BookFinder.com",Amazon.com,used,30.0,"1. Pages 352. In Stock. From : Teknik-books, United States",
9780470267264,Healing Psoriasis: The Natural Alternative,"Pagano D.C., John O. A. @ BookFinder.com",Amazon.com,used,27.0,"1. Pages 352. In Stock. From : GreatBookDealz, United States",
9780470267264,Healing Psoriasis: The Natural Alternative,"Pagano D.C., John O. A. @ BookFinder.com",Amazon.com,used,28.0,"1. Pages 352. In Stock. From : GREENWORLD GOODS, United States",
9780470267264,Healing Psoriasis: The Natural Alternative,"Pagano D.C., John O. A. @ BookFinder.com",Amazon.com,used,29.0,"1. Pages 352. In Stock. From : MegaReads, United States",
9780470267264,Healing Psoriasis: The Natural Alternative,"Pagano D.C., John O. A. @ BookFinder.com",Amazon.com,used,30.0,"1. Pages 352. In Stock. From : Evergreengoodwillbooks, United States",
9780470267264,Healing Psoriasis: The Natural Alternative,"Pagano D.C., John O. A. @ BookFinder.com",Amazon.com,used,31.0,"1. Pages 352. In stock Usually ships within 2 to 3 days. From : Goodwillswpa, United States",
9780470267264,Healing Psoriasis: The Natural Alternative,"Pagano D.C., John O. A. @ BookFinder.com",Amazon.com,used,36.0,"1. Pages 352. In Stock. From : YourOnlineBookstore, United States",
9780470267264,Healing Psoriasis: The Natural Alternative,"Pagano D.C., John O. A. @ BookFinder.com",Amazon.com,used,37.0,"1. Pages 352. In Stock. From : Orion LLC, United States",
9780470267264,Healing Psoriasis: The Natural Alternative,"Pagano D.C., John O. A. @ BookFinder.com",Amazon.com,used,38.0,"1. Pages 352. In Stock. From : Off The Shelf STL, United States",
9780470267264,Healing Psoriasis: The Natural Alternative,"Pagano D.C., John O. A. @ BookFinder.com",Amazon.com,used,39.0,"1. Pages 352. In stock Usually ships within 2 to 3 days. From : Reliant Distribution, United States",
9780470267264,Healing Psoriasis: The Natural Alternative,"Pagano D.C., John O. A. @ BookFinder.com",Amazon.com,used,44.0,"1. Pages 352. In stock Usually ships within 2 to 3 days. From : Goodwill of Colorado, United States",
9780679431312,"The Cossacks (Everyman's Library, #170)",Leo Tolstoy @ BookFinder.com,Amazon.com,used,16.0,"Reissue. Pages 224. In Stock. From : HPB-Emerald, United States",
9780679431312,"The Cossacks (Everyman's Library, #170)",Leo Tolstoy @ BookFinder.com,Amazon.com,used,17.0,"Reissue. Pages 224. In stock Usually ships within 3 to 4 days. From : ThriftBooks-Dallas, United States",
9780679431312,"The Cossacks (Everyman's Library, #170)",Leo Tolstoy @ BookFinder.com,Amazon.com,used,18.0,"Reissue. Pages 224. In stock Usually ships within 3 to 4 days. From : ThriftBooks-Phoenix, United States",
9780679431312,"The Cossacks (Everyman's Library, #170)",Leo Tolstoy @ BookFinder.com,Amazon.com,used,24.0,"Reissue. Pages 224. In Stock. From : Blue Leaf Books, United States",
9780679431312,"The Cossacks (Everyman's Library, #170)",Leo Tolstoy @ BookFinder.com,Amazon.com,used,32.0,"Reissue. Pages 224. In Stock. From : Gama1521, United States",
9780679431312,"The Cossacks (Everyman's Library, #170)",Leo Tolstoy @ BookFinder.com,Amazon.com,used,33.0,"Reissue. Pages 224. In stock Usually ships within 4 to 5 days. From : booksXpress, United States",
9780679431312,"The Cossacks (Everyman's Library, #170)",Leo Tolstoy @ BookFinder.com,Amazon.com,used,35.0,"Reissue. Pages 224. In Stock. From : Lives Matter, United States",
9780679431312,"The Cossacks (Everyman's Library, #170)",Leo Tolstoy @ BookFinder.com,Amazon.com,used,36.0,"Reissue. Pages 224. Usually ships within 12 to 13 days. From : SuperBookDeals---, United States",
9780679431312,"The Cossacks (Everyman's Library, #170)",Leo Tolstoy @ BookFinder.com,Amazon.com,used,39.0,"Reissue. Pages 224. In Stock. From : Better World Books: South, United States",
9780679431312,"The Cossacks (Everyman's Library, #170)",Leo Tolstoy @ BookFinder.com,Amazon.com,used,41.0,"Reissue. Pages 224. Usually ships within 12 to 13 days. From : SuperBookDeals---, United States",
9780679431312,"The Cossacks (Everyman's Library, #170)",Leo Tolstoy @ BookFinder.com,Amazon.com,used,42.0,"Reissue. Pages 224. Usually ships within 2 to 3 weeks. From : Windy Books, United States",
9780679431312,"The Cossacks (Everyman's Library, #170)",Leo Tolstoy @ BookFinder.com,Amazon.com,used,44.0,"Reissue. Pages 224. In stock Usually ships within 4 to 5 days. From : BuyWorldwide, Australia",
9780679431312,"The Cossacks (Everyman's Library, #170)",Leo Tolstoy @ BookFinder.com,Amazon.com,used,46.0,"Reissue. Pages 224. In Stock. Fulfillment by Amazon. From : Murfbooks, United States",
9780679431312,"The Cossacks (Everyman's Library, #170)",Leo Tolstoy @ BookFinder.com,Amazon.com (Prime),used,47.0,"Reissue. Pages 224. In Stock. Fulfillment by Amazon. Amazon Prime. Not a Prime member? Try Amazon Prime 30-Day Free Trial which includes Prime Video, Prime Music and Prime Reading. From : Murfbooks, United States",
9780679431312,"The Cossacks (Everyman's Library, #170)",Leo Tolstoy @ BookFinder.com,Amazon.com,used,3.0,"Reissue. Pages 224. In Stock. From : Gama1521, United States",
9780679431312,"The Cossacks (Everyman's Library, #170)",Leo Tolstoy @ BookFinder.com,Amazon.com,used,4.0,"Reissue. Pages 224. In stock Usually ships within 4 to 5 days. From : booksXpress, United States",
9780679431312,"The Cossacks (Everyman's Library, #170)",Leo Tolstoy @ BookFinder.com,Amazon.com,used,7.0,"Reissue. Pages 224. Usually ships within 12 to 13 days. From : SuperBookDeals---, United States",
9780679431312,"The Cossacks (Everyman's Library, #170)",Leo Tolstoy @ BookFinder.com,Amazon.com,used,8.0,"Reissue. Pages 224. Usually ships within 2 to 3 weeks. From : Windy Books, United States",
9780679431312,"The Cossacks (Everyman's Library, #170)",Leo Tolstoy @ BookFinder.com,Amazon.com,used,9.0,"Reissue. Pages 224. In stock Usually ships within 4 to 5 days. From : BuyWorldwide, Australia",
9780679431312,"The Cossacks (Everyman's Library, #170)",Leo Tolstoy @ BookFinder.com,Amazon.com,used,16.0,"Reissue. Pages 224. Usually ships within 9 to 10 days. From : GrandEagleRetail, United States",
9780679431312,"The Cossacks (Everyman's Library, #170)",Leo Tolstoy @ BookFinder.com,Amazon.com (Prime),used,17.0,"Reissue. Pages 224. In Stock. Fulfillment by Amazon. Amazon Prime. Not a Prime member? Try Amazon Prime 30-Day Free Trial which includes Prime Video, Prime Music and Prime Reading. From : Amazon.com (Prime), United States",
9780679431312,"The Cossacks (Everyman's Library, #170)",Leo Tolstoy @ BookFinder.com,Amazon.com,used,18.0,"Reissue. Pages 224. In Stock. Fulfillment by Amazon. From : Amazon.com, United States",
9780679431312,"The Cossacks (Everyman's Library, #170)",Leo Tolstoy @ BookFinder.com,Amazon.com,used,22.0,"Reissue. Pages 224. Usually ships within 9 to 10 days. From : tabletopart, United States",
9780679431312,"The Cossacks (Everyman's Library, #170)",Leo Tolstoy @ BookFinder.com,Amazon.com,used,35.0,"Reissue. Pages 224. In Stock. From : RAREWAVES-IMPORTS, United Kingdom",
9780679431312,"The Cossacks (Everyman's Library, #170)",Leo Tolstoy @ BookFinder.com,Amazon.com,used,36.0,"Reissue. Pages 224. Usually ships within 2 to 3 weeks. From : PBShop UK, United Kingdom",
9780679431312,"The Cossacks (Everyman's Library, #170)",Leo Tolstoy @ BookFinder.com,Amazon.com,used,16.0,"Reissue. Pages 224. In Stock. From : HPB-Emerald, United States",
9780679431312,"The Cossacks (Everyman's Library, #170)",Leo Tolstoy @ BookFinder.com,Amazon.com,used,17.0,"Reissue. Pages 224. In stock Usually ships within 3 to 4 days. From : ThriftBooks-Dallas, United States",
9780679431312,"The Cossacks (Everyman's Library, #170)",Leo Tolstoy @ BookFinder.com,Amazon.com,used,18.0,"Reissue. Pages 224. In stock Usually ships within 3 to 4 days. From : ThriftBooks-Phoenix, United States",
9780679431312,"The Cossacks (Everyman's Library, #170)",Leo Tolstoy @ BookFinder.com,Amazon.com,used,24.0,"Reissue. Pages 224. In Stock. From : Blue Leaf Books, United States",
9780679431312,"The Cossacks (Everyman's Library, #170)",Leo Tolstoy @ BookFinder.com,Amazon.com,used,31.0,"Reissue. Pages 224. In Stock. From : Lives Matter, United States",
9780679431312,"The Cossacks (Everyman's Library, #170)",Leo Tolstoy @ BookFinder.com,Amazon.com,used,32.0,"Reissue. Pages 224. Usually ships within 12 to 13 days. From : SuperBookDeals---, United States",
9780679431312,"The Cossacks (Everyman's Library, #170)",Leo Tolstoy @ BookFinder.com,Amazon.com,used,33.0,"Reissue. Pages 224. In Stock. From : Better World Books: South, United States",
9780679431312,"The Cossacks (Everyman's Library, #170)",Leo Tolstoy @ BookFinder.com,Amazon.com,used,37.0,"Reissue. Pages 224. In Stock. Fulfillment by Amazon. From : Murfbooks, United States",
9780679431312,"The Cossacks (Everyman's Library, #170)",Leo Tolstoy @ BookFinder.com,Amazon.com (Prime),used,38.0,"Reissue. Pages 224. In Stock. Fulfillment by Amazon. Amazon Prime. Not a Prime member? Try Amazon Prime 30-Day Free Trial which includes Prime Video, Prime Music and Prime Reading. From : Murfbooks, United States",
9780679431312,"The Cossacks (Everyman's Library, #170)",Leo Tolstoy @ BookFinder.com,Amazon.com,used,41.0,"Reissue. Pages 224. In Stock. From : BooksWork, United States",
9780679431312,"The Cossacks (Everyman's Library, #170)",Leo Tolstoy @ BookFinder.com,Amazon.com,used,44.0,"Reissue. Pages 224. In Stock. From : LuminaryBooks, United States",
9781405910231,livro bared to you day sylvia Ed. 0,Day @ BookFinder.com,Amazon.com.au,used,12.0,1st Format: Kindle eBook. Pages 341. Available for download now. From : PRH UK,
9780486284996,Narrative of the Life of Frederick Douglass,Frederick Douglass @ BookFinder.com,Amazon.com,used,1.0,"First Edition Format: Unabridged. Pages 96. In Stock. Fulfillment by Amazon. From : Amazon.com, United States",
9780486284996,Narrative of the Life of Frederick Douglass,Frederick Douglass @ BookFinder.com,Amazon.com (Prime),used,2.0,"First Edition Format: Unabridged. Pages 96. In Stock. Fulfillment by Amazon. Amazon Prime. Not a Prime member? Try Amazon Prime 30-Day Free Trial which includes Prime Video, Prime Music and Prime Reading. From : Amazon.com (Prime), United States",
9780486284996,Narrative of the Life of Frederick Douglass,Frederick Douglass @ BookFinder.com,Amazon.com,used,30.0,"First Edition Format: Unabridged. Pages 96. In Stock. From : Seattlegoodwill, United States",
9780486284996,Narrative of the Life of Frederick Douglass,Frederick Douglass @ BookFinder.com,Amazon.com,used,31.0,"First Edition Format: Unabridged. Pages 96. In Stock. From : Seattlegoodwill, United States",
9780486284996,Narrative of the Life of Frederick Douglass,Frederick Douglass @ BookFinder.com,Amazon.com,used,49.0,"First Edition Format: Unabridged. Pages 96. In Stock. Fulfillment by Amazon. From : GREENWORLD GOODS, United States",
9780486284996,Narrative of the Life of Frederick Douglass,Frederick Douglass @ BookFinder.com,Amazon.com (Prime),used,50.0,"First Edition Format: Unabridged. Pages 96. In Stock. Fulfillment by Amazon. Amazon Prime. Not a Prime member? Try Amazon Prime 30-Day Free Trial which includes Prime Video, Prime Music and Prime Reading. From : GREENWORLD GOODS, United States",
9780486284996,Narrative of the Life of Frederick Douglass,Frederick Douglass @ BookFinder.com,Amazon.com,used,1.0,"First Edition Format: Unabridged. Pages 96. In Stock. Fulfillment by Amazon. From : Amazon.com, United States",
9780486284996,Narrative of the Life of Frederick Douglass,Frederick Douglass @ BookFinder.com,Amazon.com (Prime),used,2.0,"First Edition Format: Unabridged. Pages 96. In Stock. Fulfillment by Amazon. Amazon Prime. Not a Prime member? Try Amazon Prime 30-Day Free Trial which includes Prime Video, Prime Music and Prime Reading. From : Amazon.com (Prime), United States",
9780486284996,Narrative of the Life of Frederick Douglass,Frederick Douglass @ BookFinder.com,Amazon.com,used,9.0,"First Edition Format: Unabridged. Pages 96. In Stock. From : AllStarBooks57, United States",
9780486284996,Narrative of the Life of Frederick Douglass,Frederick Douglass @ BookFinder.com,Amazon.com,used,17.0,"First Edition Format: Unabridged. Pages 96. In Stock. From : keeper_of_the_page, United States",
9780486284996,Narrative of the Life of Frederick Douglass,Frederick Douglass @ BookFinder.com,Amazon.com,used,19.0,"First Edition Format: Unabridged. Pages 96. In Stock. From : SFPA, United States",
9780486284996,Narrative of the Life of Frederick Douglass,Frederick Douglass @ BookFinder.com,Amazon.com,used,27.0,"First Edition Format: Unabridged. Pages 96. In Stock. From : Oak Shores, United States",
9780486284996,Narrative of the Life of Frederick Douglass,Frederick Douglass @ BookFinder.com,Amazon.com,used,33.0,"First Edition Format: Unabridged. Pages 96. In Stock. From : 2ndchancebooks, United States",
9780486284996,Narrative of the Life of Frederick Douglass,Frederick Douglass @ BookFinder.com,Amazon.com,used,34.0,"First Edition Format: Unabridged. Pages 96. In Stock. From : louise125, United States",
9780486284996,Narrative of the Life of Frederick Douglass,Frederick Douglass @ BookFinder.com,Amazon.com,used,39.0,"First Edition Format: Unabridged. Pages 96. In Stock. From : fadawayjmpr, United States",
9780486284996,Narrative of the Life of Frederick Douglass,Frederick Douglass @ BookFinder.com,Amazon.com,used,44.0,"First Edition Format: Unabridged. Pages 96. In Stock. From : RJS INT LLC, United States",
9780486284996,Narrative of the Life of Frederick Douglass,Frederick Douglass @ BookFinder.com,Amazon.com,used,49.0,"First Edition Format: Unabridged. Pages 96. In Stock. From : Red's Corner, United States",
9780486284996,Narrative of the Life of Frederick Douglass,Frederick Douglass @ BookFinder.com,Amazon.com,used,27.0,"First Edition Format: Unabridged. Pages 96. In Stock. From : Seattlegoodwill, United States",
9780486284996,Narrative of the Life of Frederick Douglass,Frederick Douglass @ BookFinder.com,Amazon.com,used,28.0,"First Edition Format: Unabridged. Pages 96. In Stock. From : Seattlegoodwill, United States",
9780486284996,Narrative of the Life of Frederick Douglass,Frederick Douglass @ BookFinder.com,Amazon.com,used,43.0,"First Edition Format: Unabridged. Pages 96. In Stock. Fulfillment by Amazon. From : GREENWORLD GOODS, United States",
9780486284996,Narrative of the Life of Frederick Douglass,Frederick Douglass @ BookFinder.com,Amazon.com (Prime),used,44.0,"First Edition Format: Unabridged. Pages 96. In Stock. Fulfillment by Amazon. Amazon Prime. Not a Prime member? Try Amazon Prime 30-Day Free Trial which includes Prime Video, Prime Music and Prime Reading. From : GREENWORLD GOODS, United States",
9780486284996,Narrative of the Life of Frederick Douglass,Frederick Douglass @ BookFinder.com,Amazon.com,used,46.0,"First Edition Format: Unabridged. Pages 96. In Stock. Fulfillment by Amazon. From : Jenson Books Inc, United States",
9780486284996,Narrative of the Life of Frederick Douglass,Frederick Douglass @ BookFinder.com,Amazon.com (Prime),used,47.0,"First Edition Format: Unabridged. Pages 96. In Stock. Fulfillment by Amazon. Amazon Prime. Not a Prime member? Try Amazon Prime 30-Day Free Trial which includes Prime Video, Prime Music and Prime Reading. From : Jenson Books Inc, United States",
9781857232509,A Spell for Chameleon,"Anthony, Piers @ BookFinder.com",Amazon.com,used,13.0,"New Ed Format: Import. Pages 344. In stock Usually ships within 4 to 5 days. From : Chocobooks., France",
9781857232509,A Spell for Chameleon,"Anthony, Piers @ BookFinder.com",Amazon.com,used,14.0,"New Ed Format: Import. Pages 344. In stock Usually ships within 2 to 3 days. From : worldofbooksusa, United Kingdom",
9781857232509,A Spell for Chameleon,"Anthony, Piers @ BookFinder.com",Amazon.com,used,13.0,"New Ed Format: Import. Pages 344. In stock Usually ships within 4 to 5 days. From : Chocobooks., France",
9781857232509,A Spell for Chameleon,"Anthony, Piers @ BookFinder.com",Amazon.com,used,14.0,"New Ed Format: Import. Pages 344. In stock Usually ships within 2 to 3 days. From : worldofbooksusa, United Kingdom",
9781402776915,,@ BookFinder.com,Amazon.com,used,2.0,"Abridged Format: Kindle eBook. Pages 103. Available for download now. From : Hachette Book Group, United States",
9781402776915,,@ BookFinder.com,Amazon.com,used,2.0,"Abridged Format: Kindle eBook. Pages 103. Available for download now. From : Hachette Book Group, United States",
9786070712722,El Señor de los Anillos 1: La comunidad del Anillo / The Lord of the Rings 1: The Fellowship of the Ring: La Comunidad del Anillo (Spanish Edition),"Tolkien, J.R.R. @ BookFinder.com",Amazon.com,used,2.0,"Reprint. Pages 570. In stock Usually ships within 3 to 4 days. From : ThriftBooks-Dallas, United States",
9786070712722,El Señor de los Anillos 1: La comunidad del Anillo / The Lord of the Rings 1: The Fellowship of the Ring: La Comunidad del Anillo (Spanish Edition),"Tolkien, J.R.R. @ BookFinder.com",Amazon.com,used,6.0,"Reprint. Pages 570. In Stock. Fulfillment by Amazon. From : Books For You Today, United States",
9786070712722,El Señor de los Anillos 1: La comunidad del Anillo / The Lord of the Rings 1: The Fellowship of the Ring: La Comunidad del Anillo (Spanish Edition),"Tolkien, J.R.R. @ BookFinder.com",Amazon.com (Prime),used,7.0,"Reprint. Pages 570. In Stock. Fulfillment by Amazon. Amazon Prime. Not a Prime member? Try Amazon Prime 30-Day Free Trial which includes Prime Video, Prime Music and Prime Reading. From : Books For You Today, United States",
9786070712722,El Señor de los Anillos 1: La comunidad del Anillo / The Lord of the Rings 1: The Fellowship of the Ring: La Comunidad del Anillo (Spanish Edition),"Tolkien, J.R.R. @ BookFinder.com",Amazon.com,used,12.0,"Reprint. Pages 570. In Stock. From : Libup Books!, United States",
9786070712722,El Señor de los Anillos 1: La comunidad del Anillo / The Lord of the Rings 1: The Fellowship of the Ring: La Comunidad del Anillo (Spanish Edition),"Tolkien, J.R.R. @ BookFinder.com",Amazon.com.au,used,31.0,Reprint. Pages 570. Usually dispatched within 2 to 3 weeks. From : SonicBW,
9786070712722,El Señor de los Anillos 1: La comunidad del Anillo / The Lord of the Rings 1: The Fellowship of the Ring: La Comunidad del Anillo (Spanish Edition),"Tolkien, J.R.R. @ BookFinder.com",Amazon.com.au,used,3.0,Reprint. Pages 570. Usually dispatched within 2 to 3 weeks. From : SonicBW,
9786070712722,El Señor de los Anillos 1: La comunidad del Anillo / The Lord of the Rings 1: The Fellowship of the Ring: La Comunidad del Anillo (Spanish Edition),"Tolkien, J.R.R. @ BookFinder.com",Amazon.com,used,2.0,"Reprint. Pages 570. In stock Usually ships within 3 to 4 days. From : ThriftBooks-Dallas, United States",
9786070712722,El Señor de los Anillos 1: La comunidad del Anillo / The Lord of the Rings 1: The Fellowship of the Ring: La Comunidad del Anillo (Spanish Edition),"Tolkien, J.R.R. @ BookFinder.com",Amazon.com,used,6.0,"Reprint. Pages 570. In Stock. Fulfillment by Amazon. From : Books For You Today, United States",
9786070712722,El Señor de los Anillos 1: La comunidad del Anillo / The Lord of the Rings 1: The Fellowship of the Ring: La Comunidad del Anillo (Spanish Edition),"Tolkien, J.R.R. @ BookFinder.com",Amazon.com (Prime),used,7.0,"Reprint. Pages 570. In Stock. Fulfillment by Amazon. Amazon Prime. Not a Prime member? Try Amazon Prime 30-Day Free Trial which includes Prime Video, Prime Music and Prime Reading. From : Books For You Today, United States",
9786070712722,El Señor de los Anillos 1: La comunidad del Anillo / The Lord of the Rings 1: The Fellowship of the Ring: La Comunidad del Anillo (Spanish Edition),"Tolkien, J.R.R. @ BookFinder.com",Amazon.com,used,12.0,"Reprint. Pages 570. In Stock. From : Libup Books!, United States",
9780451520838,Villette (Signet Classics),Charlotte Bronte @ BookFinder.com,Amazon.com,used,10.0,"Reissue. Pages 496. In Stock. From : World of Books (previously glenthebookseller), United States",
9780451520838,Villette (Signet Classics),Charlotte Bronte @ BookFinder.com,Amazon.com,used,11.0,"Reissue. Pages 496. In Stock. From : Starfrog Books, United States",
9780451520838,Villette (Signet Classics),Charlotte Bronte @ BookFinder.com,Amazon.com,used,15.0,"Reissue. Pages 496. In Stock. Fulfillment by Amazon. From : FFD_Distributors, United States",
9780451520838,Villette (Signet Classics),Charlotte Bronte @ BookFinder.com,Amazon.com (Prime),used,16.0,"Reissue. Pages 496. In Stock. Fulfillment by Amazon. Amazon Prime. Not a Prime member? Try Amazon Prime 30-Day Free Trial which includes Prime Video, Prime Music and Prime Reading. From : FFD_Distributors, United States",
9780451520838,Villette (Signet Classics),Charlotte Bronte @ BookFinder.com,Amazon.com,used,17.0,"Reissue. Pages 496. In Stock. From : AllStarBooks57, United States",
9780451520838,Villette (Signet Classics),Charlotte Bronte @ BookFinder.com,Amazon.com,used,26.0,"Reissue. Pages 496. In Stock. From : Mannabooks, United States",
9780451520838,Villette (Signet Classics),Charlotte Bronte @ BookFinder.com,Amazon.com,used,27.0,"Reissue. Pages 496. In Stock. From : Rbookmark, United States",
9780451520838,Villette (Signet Classics),Charlotte Bronte @ BookFinder.com,Amazon.com,used,28.0,"Reissue. Pages 496. In Stock. From : HPB-Diamond, United States",
9780451520838,Villette (Signet Classics),Charlotte Bronte @ BookFinder.com,Amazon.com,used,29.0,"Reissue. Pages 496. In Stock. From : HPB-Diamond, United States",
9780451520838,Villette (Signet Classics),Charlotte Bronte @ BookFinder.com,Amazon.com,used,30.0,"Reissue. Pages 496. In Stock. From : HPB-Emerald, United States",
9780451520838,Villette (Signet Classics),Charlotte Bronte @ BookFinder.com,Amazon.com,used,31.0,"Reissue. Pages 496. In Stock. From : HPB-Emerald, United States",
9780451520838,Villette (Signet Classics),Charlotte Bronte @ BookFinder.com,Amazon.com,used,37.0,"Reissue. Pages 496. In Stock. From : LOGOFAT, United States",
9780451520838,Villette (Signet Classics),Charlotte Bronte @ BookFinder.com,Amazon.com,used,1.0,"Reissue. Pages 496. In Stock. From : LOGOFAT, United States",
9780451520838,Villette (Signet Classics),Charlotte Bronte @ BookFinder.com,Amazon.com,used,10.0,"Reissue. Pages 496. In Stock. From : World of Books (previously glenthebookseller), United States",
9780451520838,Villette (Signet Classics),Charlotte Bronte @ BookFinder.com,Amazon.com,used,11.0,"Reissue. Pages 496. In Stock. From : Starfrog Books, United States",
9780451520838,Villette (Signet Classics),Charlotte Bronte @ BookFinder.com,Amazon.com,used,15.0,"Reissue. Pages 496. In Stock. Fulfillment by Amazon. From : FFD_Distributors, United States",
9780451520838,Villette (Signet Classics),Charlotte Bronte @ BookFinder.com,Amazon.com (Prime),used,16.0,"Reissue. Pages 496. In Stock. Fulfillment by Amazon. Amazon Prime. Not a Prime member? Try Amazon Prime 30-Day Free Trial which includes Prime Video, Prime Music and Prime Reading. From : FFD_Distributors, United States",
9780451520838,Villette (Signet Classics),Charlotte Bronte @ BookFinder.com,Amazon.com,used,17.0,"Reissue. Pages 496. In Stock. From : AllStarBooks57, United States",
9780451520838,Villette (Signet Classics),Charlotte Bronte @ BookFinder.com,Amazon.com,used,26.0,"Reissue. Pages 496. In Stock. From : Mannabooks, United States",
9780451520838,Villette (Signet Classics),Charlotte Bronte @ BookFinder.com,Amazon.com,used,27.0,"Reissue. Pages 496. In Stock. From : Rbookmark, United States",
9780451520838,Villette (Signet Classics),Charlotte Bronte @ BookFinder.com,Amazon.com,used,28.0,"Reissue. Pages 496. In Stock. From : HPB-Diamond, United States",
9780451520838,Villette (Signet Classics),Charlotte Bronte @ BookFinder.com,Amazon.com,used,29.0,"Reissue. Pages 496. In Stock. From : HPB-Diamond, United States",
9780451520838,Villette (Signet Classics),Charlotte Bronte @ BookFinder.com,Amazon.com,used,30.0,"Reissue. Pages 496. In Stock. From : HPB-Emerald, United States",
9780451520838,Villette (Signet Classics),Charlotte Bronte @ BookFinder.com,Amazon.com,used,31.0,"Reissue. Pages 496. In Stock. From : HPB-Emerald, United States",
9780835233262,Reader's Adviser: Vol.6 Indexes,"Sader, Marion @ BookFinder.com",Amazon.com,used,3.0,"14. Pages 823. In Stock. From : Robinson Street Books, United States",
9780835233262,Reader's Adviser: Vol.6 Indexes,"Sader, Marion @ BookFinder.com",Amazon.com.au,used,19.0,14th ed. Pages 823. Usually dispatched within 2 to 3 weeks. From : University Bookstore Boston USA,
9780835233262,Reader's Adviser: Vol.6 Indexes,"Sader, Marion @ BookFinder.com",Amazon.com.au,used,2.0,14th ed. Pages 823. Usually dispatched within 2 to 3 weeks. From : University Bookstore Boston USA,
9780835233262,Reader's Adviser: Vol.6 Indexes,"Sader, Marion @ BookFinder.com",Amazon.com,used,3.0,"14. Pages 823. In Stock. From : Robinson Street Books, United States",
9781592582150,The Life and Times of Charles Dickens,"Ackroyd, Peter @ BookFinder.com",Amazon.com.au,used,7.0,New. Pages 216. Usually dispatched within 2 to 3 weeks. From : SonicBW,
9781498774482,Smart Biosensor Technology (Optical Science and Engineering),@ BookFinder.com,Amazon.com,used,4.0,"2. Pages 600. In Stock. From : Knowledge Edge, Canada",
9781498774482,Smart Biosensor Technology (Optical Science and Engineering),@ BookFinder.com,Amazon.com,used,7.0,"2. Pages 600. In Stock. From : Lakeside Book Merchant, United States",
9781498774482,Smart Biosensor Technology (Optical Science and Engineering),@ BookFinder.com,Amazon.com,used,8.0,"2. Pages 600. In stock Usually ships within 2 to 3 days. From : pureprice ltd, United Kingdom",
9781498774482,Smart Biosensor Technology (Optical Science and Engineering),@ BookFinder.com,Amazon.com,used,12.0,"2. Pages 600. In Stock. From : textbooks_source, United States",
9781498774482,Smart Biosensor Technology (Optical Science and Engineering),@ BookFinder.com,Amazon.com,used,50.0,"2. Pages 600. In Stock. From : AJIT IMPEX, United States",
9781498774482,Smart Biosensor Technology (Optical Science and Engineering),@ BookFinder.com,Amazon.com,used,5.0,"2. Pages 600. In Stock. From : Lakeside Book Merchant, United States",
9781498774482,Smart Biosensor Technology (Optical Science and Engineering),@ BookFinder.com,Amazon.com,used,6.0,"2. Pages 600. In stock Usually ships within 2 to 3 days. From : pureprice ltd, United Kingdom",
9781498774482,Smart Biosensor Technology (Optical Science and Engineering),@ BookFinder.com,Amazon.com,used,10.0,"2. Pages 600. In Stock. From : textbooks_source, United States",
9781498774482,Smart Biosensor Technology (Optical Science and Engineering),@ BookFinder.com,Amazon.com,used,36.0,"2. Pages 600. In Stock. From : AJIT IMPEX, United States",
9781498774482,Smart Biosensor Technology (Optical Science and Engineering),@ BookFinder.com,Amazon.com,used,45.0,"2. Pages 600. In stock Usually ships within 3 to 4 days. From : Kentucky Book Store., United States",
9781498774482,Smart Biosensor Technology (Optical Science and Engineering),@ BookFinder.com,Amazon.com,used,1.0,"2. Pages 600. In Stock. From : Knowledge Edge, Canada",
9781498774482,Smart Biosensor Technology (Optical Science and Engineering),@ BookFinder.com,Amazon.com,used,7.0,"2. Pages 600. Usually ships within 11 to 12 days. From : tabletopart, United States",
9781498774482,Smart Biosensor Technology (Optical Science and Engineering),@ BookFinder.com,Amazon.com,used,8.0,"2. Pages 600. In Stock. From : I am Selling Old Textbooks, United States",
9781498774482,Smart Biosensor Technology (Optical Science and Engineering),@ BookFinder.com,Amazon.com,used,12.0,"2. Pages 600. Usually ships within 7 to 8 days. From : SuperBookDeals---, United States",
9783775718257,Christian Boltanski,@ BookFinder.com,Amazon.com,used,15.0,"First Edition. Pages 160. In stock Usually ships within 3 to 4 days. From : papercavalier 💂, United Kingdom",
9783775718257,Christian Boltanski,@ BookFinder.com,Amazon.com,used,16.0,"First Edition. Pages 160. In Stock. From : the_book_community, United States",
9783775718257,Christian Boltanski,@ BookFinder.com,Amazon.com,used,17.0,"First Edition. Pages 160. In stock Usually ships within 3 to 4 days. From : Serendipity UnLtd, United States",
9783775718257,Christian Boltanski,@ BookFinder.com,Amazon.com,used,21.0,"First Edition. Pages 160. In stock Usually ships within 4 to 5 days. From : Prestivo, France",
9783775718257,Christian Boltanski,@ BookFinder.com,Amazon.com,used,22.0,"First Edition. Pages 160. In stock Usually ships within 4 to 5 days. From : Prestivo, France",
9783775718257,Christian Boltanski,@ BookFinder.com,Amazon.com,used,23.0,"First Edition. Pages 160. In stock Usually ships within 4 to 5 days. From : BAY EXPRESS - Miami books, Netherlands",
9783775718257,Christian Boltanski,@ BookFinder.com,Amazon.com,used,28.0,"First Edition. Pages 160. In stock Usually ships within 3 to 4 days. From : Walletkite, France",
9783775718257,Christian Boltanski,@ BookFinder.com,Amazon.com,used,2.0,"First Edition. Pages 160. In stock Usually ships within 4 to 5 days. From : Prestivo, France",
9783775718257,Christian Boltanski,@ BookFinder.com,Amazon.com,used,15.0,"First Edition. Pages 160. In stock Usually ships within 3 to 4 days. From : papercavalier 💂, United Kingdom",
9783775718257,Christian Boltanski,@ BookFinder.com,Amazon.com,used,16.0,"First Edition. Pages 160. In Stock. From : the_book_community, United States",
9783775718257,Christian Boltanski,@ BookFinder.com,Amazon.com,used,17.0,"First Edition. Pages 160. In stock Usually ships within 3 to 4 days. From : Serendipity UnLtd, United States",
9783775718257,Christian Boltanski,@ BookFinder.com,Amazon.com,used,20.0,"First Edition. Pages 160. In stock Usually ships within 4 to 5 days. From : Prestivo, France",
9783775718257,Christian Boltanski,@ BookFinder.com,Amazon.com,used,21.0,"First Edition. Pages 160. In stock Usually ships within 4 to 5 days. From : BAY EXPRESS - Miami books, Netherlands",
9783775718257,Christian Boltanski,@ BookFinder.com,Amazon.com,used,25.0,"First Edition. Pages 160. In stock Usually ships within 3 to 4 days. From : Walletkite, France",
9780062502421,Shabono: A Visit to a Remote and Magical World in the South American Rain Forest,"Donner, Florinda @ BookFinder.com",Amazon.com,used,9.0,"First Edition. Pages 305. In Stock. From : onceuponatimebooks, United States",
9780062502421,Shabono: A Visit to a Remote and Magical World in the South American Rain Forest,"Donner, Florinda @ BookFinder.com",Amazon.com,used,10.0,"First Edition. Pages 305. In Stock. From : MegaReads, United States",
9780062502421,Shabono: A Visit to a Remote and Magical World in the South American Rain Forest,"Donner, Florinda @ BookFinder.com",Amazon.com,used,12.0,"First Edition. Pages 305. In Stock. From : WÖLF, United States",
9780062502421,Shabono: A Visit to a Remote and Magical World in the South American Rain Forest,"Donner, Florinda @ BookFinder.com",Amazon.com,used,14.0,"First Edition. Pages 305. In stock Usually ships within 3 to 4 days. From : ThriftBooks-Seattle, United States",
9780062502421,Shabono: A Visit to a Remote and Magical World in the South American Rain Forest,"Donner, Florinda @ BookFinder.com",Amazon.com,used,15.0,"First Edition. Pages 305. In stock Usually ships within 3 to 4 days. From : ThriftBooks-Baltimore, United States",
9780062502421,Shabono: A Visit to a Remote and Magical World in the South American Rain Forest,"Donner, Florinda @ BookFinder.com",Amazon.com,used,16.0,"First Edition. Pages 305. In stock Usually ships within 3 to 4 days. From : ThriftBooks-Chicago, United States",
9780062502421,Shabono: A Visit to a Remote and Magical World in the South American Rain Forest,"Donner, Florinda @ BookFinder.com",Amazon.com,used,17.0,"First Edition. Pages 305. In stock Usually ships within 3 to 4 days. From : ThriftBooks-Dallas, United States",
9780062502421,Shabono: A Visit to a Remote and Magical World in the South American Rain Forest,"Donner, Florinda @ BookFinder.com",Amazon.com,used,18.0,"First Edition. Pages 305. In stock Usually ships within 3 to 4 days. From : ThriftBooks-Phoenix, United States",
9780062502421,Shabono: A Visit to a Remote and Magical World in the South American Rain Forest,"Donner, Florinda @ BookFinder.com",Amazon.com,used,25.0,"First Edition. Pages 305. In Stock. From : World of Books (previously glenthebookseller), United States",
9780062502421,Shabono: A Visit to a Remote and Magical World in the South American Rain Forest,"Donner, Florinda @ BookFinder.com",Amazon.com,used,33.0,"First Edition. Pages 305. In Stock. From : One Planet Books, United States",
9780062502421,Shabono: A Visit to a Remote and Magical World in the South American Rain Forest,"Donner, Florinda @ BookFinder.com",Amazon.com,used,1.0,"First Edition. Pages 305. In Stock. Fulfillment by Amazon. From : Amazon.com, United States",
9780062502421,Shabono: A Visit to a Remote and Magical World in the South American Rain Forest,"Donner, Florinda @ BookFinder.com",Amazon.com (Prime),used,2.0,"First Edition. Pages 305. In Stock. Fulfillment by Amazon. Amazon Prime. Not a Prime member? Try Amazon Prime 30-Day Free Trial which includes Prime Video, Prime Music and Prime Reading. From : Amazon.com (Prime), United States",
9780062502421,Shabono: A Visit to a Remote and Magical World in the South American Rain Forest,"Donner, Florinda @ BookFinder.com",Amazon.com,used,6.0,"First Edition. Pages 305. In stock Usually ships within 2 to 3 days. From : Fifty Third Street Books, United States",
9780062502421,Shabono: A Visit to a Remote and Magical World in the South American Rain Forest,"Donner, Florinda @ BookFinder.com",Amazon.com,used,20.0,"First Edition. Pages 305. In stock Usually ships within 2 to 3 days. From : BarkingTreeBooks, United States",
9780062502421,Shabono: A Visit to a Remote and Magical World in the South American Rain Forest,"Donner, Florinda @ BookFinder.com",Amazon.com,used,21.0,"First Edition. Pages 305. In Stock. From : GF Books, Inc., United States",
9780062502421,Shabono: A Visit to a Remote and Magical World in the South American Rain Forest,"Donner, Florinda @ BookFinder.com",Amazon.com,used,28.0,"First Edition. Pages 305. Usually ships within 9 to 10 days. From : SuperBookDeals---, United States",
9780062502421,Shabono: A Visit to a Remote and Magical World in the South American Rain Forest,"Donner, Florinda @ BookFinder.com",Amazon.com,used,29.0,"First Edition. Pages 305. In Stock. From : MyPrepbooks, United States",
9780062502421,Shabono: A Visit to a Remote and Magical World in the South American Rain Forest,"Donner, Florinda @ BookFinder.com",Amazon.com,used,30.0,"First Edition. Pages 305. Usually ships within 11 to 12 days. From : bargainbookstores-, United States",
9780062502421,Shabono: A Visit to a Remote and Magical World in the South American Rain Forest,"Donner, Florinda @ BookFinder.com",Amazon.com,used,34.0,"First Edition. Pages 305. In Stock. From : Ambis Enterprises, United States",
9780062502421,Shabono: A Visit to a Remote and Magical World in the South American Rain Forest,"Donner, Florinda @ BookFinder.com",Amazon.com,used,37.0,"First Edition. Pages 305. In stock Usually ships within 3 to 4 days. From : Grand Canyon Book Shoppe, United States",
9780062502421,Shabono: A Visit to a Remote and Magical World in the South American Rain Forest,"Donner, Florinda @ BookFinder.com",Amazon.com,used,39.0,"First Edition. Pages 305. In stock Usually ships within 2 to 3 days. From : webdelicollc, United States",
9780062502421,Shabono: A Visit to a Remote and Magical World in the South American Rain Forest,"Donner, Florinda @ BookFinder.com",Amazon.com,used,9.0,"First Edition. Pages 305. In Stock. From : onceuponatimebooks, United States",
9780062502421,Shabono: A Visit to a Remote and Magical World in the South American Rain Forest,"Donner, Florinda @ BookFinder.com",Amazon.com,used,10.0,"First Edition. Pages 305. In Stock. From : MegaReads, United States",
9780062502421,Shabono: A Visit to a Remote and Magical World in the South American Rain Forest,"Donner, Florinda @ BookFinder.com",Amazon.com,used,12.0,"First Edition. Pages 305. In Stock. From : WÖLF, United States",
9780062502421,Shabono: A Visit to a Remote and Magical World in the South American Rain Forest,"Donner, Florinda @ BookFinder.com",Amazon.com,used,14.0,"First Edition. Pages 305. In stock Usually ships within 3 to 4 days. From : ThriftBooks-Seattle, United States",
9780062502421,Shabono: A Visit to a Remote and Magical World in the South American Rain Forest,"Donner, Florinda @ BookFinder.com",Amazon.com,used,15.0,"First Edition. Pages 305. In stock Usually ships within 3 to 4 days. From : ThriftBooks-Baltimore, United States",
9780062502421,Shabono: A Visit to a Remote and Magical World in the South American Rain Forest,"Donner, Florinda @ BookFinder.com",Amazon.com,used,16.0,"First Edition. Pages 305. In stock Usually ships within 3 to 4 days. From : ThriftBooks-Chicago, United States",
9780062502421,Shabono: A Visit to a Remote and Magical World in the South American Rain Forest,"Donner, Florinda @ BookFinder.com",Amazon.com,used,17.0,"First Edition. Pages 305. In stock Usually ships within 3 to 4 days. From : ThriftBooks-Dallas, United States",
9780062502421,Shabono: A Visit to a Remote and Magical World in the South American Rain Forest,"Donner, Florinda @ BookFinder.com",Amazon.com,used,18.0,"First Edition. Pages 305. In stock Usually ships within 3 to 4 days. From : ThriftBooks-Phoenix, United States",
9780062502421,Shabono: A Visit to a Remote and Magical World in the South American Rain Forest,"Donner, Florinda @ BookFinder.com",Amazon.com,used,25.0,"First Edition. Pages 305. In Stock. From : World of Books (previously glenthebookseller), United States",
9780062502421,Shabono: A Visit to a Remote and Magical World in the South American Rain Forest,"Donner, Florinda @ BookFinder.com",Amazon.com,used,33.0,"First Edition. Pages 305. In Stock. From : One Planet Books, United States",
9780312851828,A Fire upon the Deep,"Vinge, Vernor @ BookFinder.com",Amazon.com,used,1.0,"First Edition. Pages 391. In Stock. Fulfillment by Amazon. From : Cooper23 Books, United States",
9780312851828,A Fire upon the Deep,"Vinge, Vernor @ BookFinder.com",Amazon.com (Prime),used,2.0,"First Edition. Pages 391. In Stock. Fulfillment by Amazon. Amazon Prime. Not a Prime member? Try Amazon Prime 30-Day Free Trial which includes Prime Video, Prime Music and Prime Reading. From : Cooper23 Books, United States",
9780312851828,A Fire upon the Deep,"Vinge, Vernor @ BookFinder.com",Amazon.com,used,3.0,"First Edition. Pages 391. In Stock. From : Windflower Bookstore, United States",
9780312851828,A Fire upon the Deep,"Vinge, Vernor @ BookFinder.com",Amazon.com,used,4.0,"First Edition. Pages 391. In Stock. From : santa clara books, United States",
9780312851828,A Fire upon the Deep,"Vinge, Vernor @ BookFinder.com",Amazon.com,used,6.0,"First Edition. Pages 391. In Stock. Fulfillment by Amazon. From : Academic Overflow, United States",
9780312851828,A Fire upon the Deep,"Vinge, Vernor @ BookFinder.com",Amazon.com (Prime),used,7.0,"First Edition. Pages 391. In Stock. Fulfillment by Amazon. Amazon Prime. Not a Prime member? Try Amazon Prime 30-Day Free Trial which includes Prime Video, Prime Music and Prime Reading. From : Academic Overflow, United States",
9780312851828,A Fire upon the Deep,"Vinge, Vernor @ BookFinder.com",Amazon.com,used,8.0,"First Edition. Pages 391. In Stock. From : 3_t_enterprises, United States",
9780312851828,A Fire upon the Deep,"Vinge, Vernor @ BookFinder.com",Amazon.com,used,29.0,"First Edition. Pages 391. In Stock. From : Bookstore Brothers, United States",
9780312851828,A Fire upon the Deep,"Vinge, Vernor @ BookFinder.com",Amazon.com,used,30.0,"First Edition. Pages 391. In Stock. From : King Crab Books LLC, United States",
9780312851828,A Fire upon the Deep,"Vinge, Vernor @ BookFinder.com",Amazon.com,used,43.0,"First Edition. Pages 391. In Stock. Fulfillment by Amazon. From : FinnJohn, United States",
9780312851828,A Fire upon the Deep,"Vinge, Vernor @ BookFinder.com",Amazon.com (Prime),used,44.0,"First Edition. Pages 391. In Stock. Fulfillment by Amazon. Amazon Prime. Not a Prime member? Try Amazon Prime 30-Day Free Trial which includes Prime Video, Prime Music and Prime Reading. From : FinnJohn, United States",
9780312851828,A Fire upon the Deep,"Vinge, Vernor @ BookFinder.com",Amazon.com,used,46.0,"First Edition. Pages 391. In Stock. From : Fast Cat Books, United States",
9780312851828,A Fire upon the Deep,"Vinge, Vernor @ BookFinder.com",Amazon.com,used,7.0,"First Edition. Pages 391. In Stock. Fulfillment by Amazon. From : FinnJohn, United States",
9780312851828,A Fire upon the Deep,"Vinge, Vernor @ BookFinder.com",Amazon.com (Prime),used,8.0,"First Edition. Pages 391. In Stock. Fulfillment by Amazon. Amazon Prime. Not a Prime member? Try Amazon Prime 30-Day Free Trial which includes Prime Video, Prime Music and Prime Reading. From : FinnJohn, United States",
9780312851828,A Fire upon the Deep,"Vinge, Vernor @ BookFinder.com",Amazon.com,used,10.0,"First Edition. Pages 391. In Stock. From : Fast Cat Books, United States",
9780312851828,A Fire upon the Deep,"Vinge, Vernor @ BookFinder.com",Amazon.com,used,1.0,"First Edition. Pages 391. In Stock. Fulfillment by Amazon. From : Cooper23 Books, United States",
9780312851828,A Fire upon the Deep,"Vinge, Vernor @ BookFinder.com",Amazon.com (Prime),used,2.0,"First Edition. Pages 391. In Stock. Fulfillment by Amazon. Amazon Prime. Not a Prime member? Try Amazon Prime 30-Day Free Trial which includes Prime Video, Prime Music and Prime Reading. From : Cooper23 Books, United States",
9780312851828,A Fire upon the Deep,"Vinge, Vernor @ BookFinder.com",Amazon.com,used,3.0,"First Edition. Pages 391. In Stock. From : Windflower Bookstore, United States",
9780312851828,A Fire upon the Deep,"Vinge, Vernor @ BookFinder.com",Amazon.com,used,4.0,"First Edition. Pages 391. In Stock. From : santa clara books, United States",
9780312851828,A Fire upon the Deep,"Vinge, Vernor @ BookFinder.com",Amazon.com,used,6.0,"First Edition. Pages 391. In Stock. Fulfillment by Amazon. From : Academic Overflow, United States",
9780312851828,A Fire upon the Deep,"Vinge, Vernor @ BookFinder.com",Amazon.com (Prime),used,7.0,"First Edition. Pages 391. In Stock. Fulfillment by Amazon. Amazon Prime. Not a Prime member? Try Amazon Prime 30-Day Free Trial which includes Prime Video, Prime Music and Prime Reading. From : Academic Overflow, United States",
9780312851828,A Fire upon the Deep,"Vinge, Vernor @ BookFinder.com",Amazon.com,used,8.0,"First Edition. Pages 391. In Stock. From : 3_t_enterprises, United States",
9780312851828,A Fire upon the Deep,"Vinge, Vernor @ BookFinder.com",Amazon.com,used,27.0,"First Edition. Pages 391. In Stock. From : Bookstore Brothers, United States",
9780312851828,A Fire upon the Deep,"Vinge, Vernor @ BookFinder.com",Amazon.com,used,28.0,"First Edition. Pages 391. In Stock. From : King Crab Books LLC, United States",
9780312851828,A Fire upon the Deep,"Vinge, Vernor @ BookFinder.com",Amazon.com,used,38.0,"First Edition. Pages 391. In Stock. From : Lost Bookstore, United States",
9780393970630,America: A Narrative History,"Tindall, George Brown; Shi, David E. @ BookFinder.com",Amazon.com,used,3.0,"Brief 4th. Pages 1324. In stock Usually ships within 3 to 4 days. From : ThriftBooks-Baltimore, United States",
9780393970630,America: A Narrative History,"Tindall, George Brown; Shi, David E. @ BookFinder.com",Amazon.com,used,7.0,"Brief 4th. Pages 1324. In Stock. From : amandajoy87, United States",
9780393970630,America: A Narrative History,"Tindall, George Brown; Shi, David E. @ BookFinder.com",Amazon.com,used,10.0,"Brief 4th. Pages 1324. In Stock. From : WonderBook, United States",
9780393970630,America: A Narrative History,"Tindall, George Brown; Shi, David E. @ BookFinder.com",Amazon.com,used,12.0,"Brief 4th. Pages 1324. In Stock. From : HPB-Diamond, United States",
9780393970630,America: A Narrative History,"Tindall, George Brown; Shi, David E. @ BookFinder.com",Amazon.com,used,13.0,"Brief 4th. Pages 1324. In Stock. From : HPB-Diamond, United States",
9780393970630,America: A Narrative History,"Tindall, George Brown; Shi, David E. @ BookFinder.com",Amazon.com,used,23.0,"Brief 4th. Pages 1324. In Stock. From : Same_Day_Shipping, United States",
9780393970630,America: A Narrative History,"Tindall, George Brown; Shi, David E. @ BookFinder.com",Amazon.com,used,24.0,"Brief 4th. Pages 1324. In Stock. From : hofers419, United States",
9780393970630,America: A Narrative History,"Tindall, George Brown; Shi, David E. @ BookFinder.com",Amazon.com,used,32.0,"Brief 4th. Pages 1324. In stock Usually ships within 2 to 3 days. From : Bahamut Media, United States",
9780393970630,America: A Narrative History,"Tindall, George Brown; Shi, David E. @ BookFinder.com",Amazon.com,used,33.0,"Brief 4th. Pages 1324. In stock Usually ships within 2 to 3 days. From : awesomebooksusa, United States",
9780393970630,America: A Narrative History,"Tindall, George Brown; Shi, David E. @ BookFinder.com",Amazon.com,used,41.0,"Brief 4th. Pages 1324. In Stock. From : dustylanebooks, United States",
9780393970630,America: A Narrative History,"Tindall, George Brown; Shi, David E. @ BookFinder.com",Amazon.com,used,46.0,"Brief 4th. Pages 1324. In Stock. From : belskiy, United States",
9780393970630,America: A Narrative History,"Tindall, George Brown; Shi, David E. @ BookFinder.com",Amazon.com,used,48.0,"Brief 4th. Pages 1324. In Stock. From : louise125, United States",
9780393970630,America: A Narrative History,"Tindall, George Brown; Shi, David E. @ BookFinder.com",Amazon.com,used,2.0,"Brief 4th. Pages 1324. In Stock. From : belskiy, United States",
9780393970630,America: A Narrative History,"Tindall, George Brown; Shi, David E. @ BookFinder.com",Amazon.com,used,4.0,"Brief 4th. Pages 1324. In Stock. From : louise125, United States",
9780393970630,America: A Narrative History,"Tindall, George Brown; Shi, David E. @ BookFinder.com",Amazon.com,used,3.0,"Brief 4th. Pages 1324. In stock Usually ships within 3 to 4 days. From : ThriftBooks-Baltimore, United States",
9780393970630,America: A Narrative History,"Tindall, George Brown; Shi, David E. @ BookFinder.com",Amazon.com,used,7.0,"Brief 4th. Pages 1324. In Stock. From : amandajoy87, United States",
9780393970630,America: A Narrative History,"Tindall, George Brown; Shi, David E. @ BookFinder.com",Amazon.com,used,10.0,"Brief 4th. Pages 1324. In Stock. From : WonderBook, United States",
9780393970630,America: A Narrative History,"Tindall, George Brown; Shi, David E. @ BookFinder.com",Amazon.com,used,12.0,"Brief 4th. Pages 1324. In Stock. From : HPB-Diamond, United States",
9780393970630,America: A Narrative History,"Tindall, George Brown; Shi, David E. @ BookFinder.com",Amazon.com,used,13.0,"Brief 4th. Pages 1324. In Stock. From : HPB-Diamond, United States",
9780393970630,America: A Narrative History,"Tindall, George Brown; Shi, David E. @ BookFinder.com",Amazon.com,used,23.0,"Brief 4th. Pages 1324. In Stock. From : Same_Day_Shipping, United States",
9780393970630,America: A Narrative History,"Tindall, George Brown; Shi, David E. @ BookFinder.com",Amazon.com,used,24.0,"Brief 4th. Pages 1324. In Stock. From : hofers419, United States",
9780393970630,America: A Narrative History,"Tindall, George Brown; Shi, David E. @ BookFinder.com",Amazon.com,used,32.0,"Brief 4th. Pages 1324. In stock Usually ships within 2 to 3 days. From : Bahamut Media, United States",
9780393970630,America: A Narrative History,"Tindall, George Brown; Shi, David E. @ BookFinder.com",Amazon.com,used,33.0,"Brief 4th. Pages 1324. In stock Usually ships within 2 to 3 days. From : awesomebooksusa, United States",
9780393970630,America: A Narrative History,"Tindall, George Brown; Shi, David E. @ BookFinder.com",Amazon.com,used,41.0,"Brief 4th. Pages 1324. In Stock. From : dustylanebooks, United States",
9788843521746,Baj: Catalogo generale delle stampe originali (Italian Edition),"Baj, Enrico @ BookFinder.com",Amazon.com.au,used,12.0,Bilingual. Pages 180. Usually dispatched within 2 to 3 weeks. From : University Bookstore Boston USA,
9788843521746,Baj: Catalogo generale delle stampe originali (Italian Edition),"Baj, Enrico @ BookFinder.com",Amazon.com.au,used,11.0,Bilingual. Pages 180. Usually dispatched within 2 to 3 weeks. From : University Bookstore Boston USA,
9781591824558,"GTO: Great Teacher Onizuka, Vol. 21",Tohru Fujisawa @ BookFinder.com,Amazon.com,used,4.0,"First Edition. Pages 216. In Stock. From : WonderBook, United States",
9781591824558,"GTO: Great Teacher Onizuka, Vol. 21",Tohru Fujisawa @ BookFinder.com,Amazon.com,used,9.0,"First Edition. Pages 216. In Stock. From : Books Unplugged, United States",
9781591824558,"GTO: Great Teacher Onizuka, Vol. 21",Tohru Fujisawa @ BookFinder.com,Amazon.com,used,10.0,"First Edition. Pages 216. In Stock. From : textgood, United States",
9781591824558,"GTO: Great Teacher Onizuka, Vol. 21",Tohru Fujisawa @ BookFinder.com,Amazon.com,used,13.0,"First Edition. Pages 216. In Stock. Fulfillment by Amazon. From : BGV Books LLC, United States",
9781591824558,"GTO: Great Teacher Onizuka, Vol. 21",Tohru Fujisawa @ BookFinder.com,Amazon.com (Prime),used,14.0,"First Edition. Pages 216. In Stock. Fulfillment by Amazon. Amazon Prime. Not a Prime member? Try Amazon Prime 30-Day Free Trial which includes Prime Video, Prime Music and Prime Reading. From : BGV Books LLC, United States",
9781591824558,"GTO: Great Teacher Onizuka, Vol. 21",Tohru Fujisawa @ BookFinder.com,Amazon.com,used,41.0,"First Edition. Pages 216. In Stock. From : Friends of the Centreville Regional Library, United States",
9781591824558,"GTO: Great Teacher Onizuka, Vol. 21",Tohru Fujisawa @ BookFinder.com,Amazon.com,used,43.0,"First Edition. Pages 216. Usually ships within 9 to 10 days. From : CalMaz Books, United States",
9781591824558,"GTO: Great Teacher Onizuka, Vol. 21",Tohru Fujisawa @ BookFinder.com,Amazon.com,used,44.0,"First Edition. Pages 216. In Stock. From : Books Unplugged, United States",
9781591824558,"GTO: Great Teacher Onizuka, Vol. 21",Tohru Fujisawa @ BookFinder.com,Amazon.com,used,7.0,"First Edition. Pages 216. Usually ships within 9 to 10 days. From : CalMaz Books, United States",
9781591824558,"GTO: Great Teacher Onizuka, Vol. 21",Tohru Fujisawa @ BookFinder.com,Amazon.com,used,8.0,"First Edition. Pages 216. In Stock. From : Books Unplugged, United States",
9781591824558,"GTO: Great Teacher Onizuka, Vol. 21",Tohru Fujisawa @ BookFinder.com,Amazon.com,used,3.0,"First Edition. Pages 216. In Stock. From : WonderBook, United States",
9781591824558,"GTO: Great Teacher Onizuka, Vol. 21",Tohru Fujisawa @ BookFinder.com,Amazon.com,used,8.0,"First Edition. Pages 216. In Stock. From : Books Unplugged, United States",
9781591824558,"GTO: Great Teacher Onizuka, Vol. 21",Tohru Fujisawa @ BookFinder.com,Amazon.com,used,9.0,"First Edition. Pages 216. In Stock. From : textgood, United States",
9781591824558,"GTO: Great Teacher Onizuka, Vol. 21",Tohru Fujisawa @ BookFinder.com,Amazon.com,used,12.0,"First Edition. Pages 216. In Stock. Fulfillment by Amazon. From : BGV Books LLC, United States",
9781591824558,"GTO: Great Teacher Onizuka, Vol. 21",Tohru Fujisawa @ BookFinder.com,Amazon.com (Prime),used,13.0,"First Edition. Pages 216. In Stock. Fulfillment by Amazon. Amazon Prime. Not a Prime member? Try Amazon Prime 30-Day Free Trial which includes Prime Video, Prime Music and Prime Reading. From : BGV Books LLC, United States",
9781591824558,"GTO: Great Teacher Onizuka, Vol. 21",Tohru Fujisawa @ BookFinder.com,Amazon.com,used,36.0,"First Edition. Pages 216. In Stock. From : Friends of the Centreville Regional Library, United States",
9780545349260,The Dark Secret (Wings of Fire #4) (4),"Sutherland, Tui T. @ BookFinder.com",Amazon.com,used,42.0,"Reprint. Pages 336. In stock Usually ships within 4 to 5 days. From : Seattlegoodwill, United States",
9780545349260,The Dark Secret (Wings of Fire #4) (4),"Sutherland, Tui T. @ BookFinder.com",Amazon.com,used,43.0,"Reprint. Pages 336. In stock Usually ships within 4 to 5 days. From : Seattlegoodwill, United States",
9780545349260,The Dark Secret (Wings of Fire #4) (4),"Sutherland, Tui T. @ BookFinder.com",Amazon.com,used,1.0,"Reprint. Pages 336. In Stock. From : Smartbuysclearancebooks, United States",
9780545349260,The Dark Secret (Wings of Fire #4) (4),"Sutherland, Tui T. @ BookFinder.com",Amazon.com,used,2.0,"Reprint. Pages 336. In Stock. Fulfillment by Amazon. From : Amazon.com, United States",
9780545349260,The Dark Secret (Wings of Fire #4) (4),"Sutherland, Tui T. @ BookFinder.com",Amazon.com (Prime),used,3.0,"Reprint. Pages 336. In Stock. Fulfillment by Amazon. Amazon Prime. Not a Prime member? Try Amazon Prime 30-Day Free Trial which includes Prime Video, Prime Music and Prime Reading. From : Amazon.com (Prime), United States",
9780545349260,The Dark Secret (Wings of Fire #4) (4),"Sutherland, Tui T. @ BookFinder.com",Amazon.com,used,5.0,"Reprint. Pages 336. In Stock. From : Windflower Bookstore, United States",
9780545349260,The Dark Secret (Wings of Fire #4) (4),"Sutherland, Tui T. @ BookFinder.com",Amazon.com,used,6.0,"Reprint. Pages 336. In Stock. From : Service First Media, United States",
9780545349260,The Dark Secret (Wings of Fire #4) (4),"Sutherland, Tui T. @ BookFinder.com",Amazon.com,used,7.0,"Reprint. Pages 336. In Stock. From : PLUTO FINDS, United States",
9780545349260,The Dark Secret (Wings of Fire #4) (4),"Sutherland, Tui T. @ BookFinder.com",Amazon.com,used,14.0,"Reprint. Pages 336. In Stock. From : 1BookCentral, United States",
9780545349260,The Dark Secret (Wings of Fire #4) (4),"Sutherland, Tui T. @ BookFinder.com",Amazon.com,used,17.0,"Reprint. Pages 336. In Stock. From : villagebookstore, United States",
9780545349260,The Dark Secret (Wings of Fire #4) (4),"Sutherland, Tui T. @ BookFinder.com",Amazon.com,used,20.0,"Reprint. Pages 336. In Stock. From : Village Music World, United States",
9780545349260,The Dark Secret (Wings of Fire #4) (4),"Sutherland, Tui T. @ BookFinder.com",Amazon.com,used,21.0,"Reprint. Pages 336. In Stock. From : Village Music World, United States",
9780545349260,The Dark Secret (Wings of Fire #4) (4),"Sutherland, Tui T. @ BookFinder.com",Amazon.com,used,27.0,"Reprint. Pages 336. In Stock. Fulfillment by Amazon. From : FindAnyBook, United States",
9780545349260,The Dark Secret (Wings of Fire #4) (4),"Sutherland, Tui T. @ BookFinder.com",Amazon.com (Prime),used,28.0,"Reprint. Pages 336. In Stock. Fulfillment by Amazon. Amazon Prime. Not a Prime member? Try Amazon Prime 30-Day Free Trial which includes Prime Video, Prime Music and Prime Reading. From : FindAnyBook, United States",
9780545349260,The Dark Secret (Wings of Fire #4) (4),"Sutherland, Tui T. @ BookFinder.com",Amazon.com,used,42.0,"Reprint. Pages 336. In stock Usually ships within 4 to 5 days. From : Seattlegoodwill, United States",
9780545349260,The Dark Secret (Wings of Fire #4) (4),"Sutherland, Tui T. @ BookFinder.com",Amazon.com,used,43.0,"Reprint. Pages 336. In stock Usually ships within 4 to 5 days. From : Seattlegoodwill, United States",
9780064443074,The High-Rise Private Eyes #2: The Case of the Climbing Cat (I Can Read Level 2),"Rylant, Cynthia @ BookFinder.com",Amazon.com,used,15.0,"Illustrated Format: Illustrated. Pages 48. In Stock. From : more-than-words, United States",
9780064443074,The High-Rise Private Eyes #2: The Case of the Climbing Cat (I Can Read Level 2),"Rylant, Cynthia @ BookFinder.com",Amazon.com,used,17.0,"Illustrated Format: Illustrated. Pages 48. In Stock. From : Zoom Books Company, United States",
9780064443074,The High-Rise Private Eyes #2: The Case of the Climbing Cat (I Can Read Level 2),"Rylant, Cynthia @ BookFinder.com",Amazon.com,used,18.0,"Illustrated Format: Illustrated. Pages 48. In Stock. From : World of Books (previously glenthebookseller), United States",
9780064443074,The High-Rise Private Eyes #2: The Case of the Climbing Cat (I Can Read Level 2),"Rylant, Cynthia @ BookFinder.com",Amazon.com,used,19.0,"Illustrated Format: Illustrated. Pages 48. In Stock. From : YourOnlineBookstore, United States",
9780064443074,The High-Rise Private Eyes #2: The Case of the Climbing Cat (I Can Read Level 2),"Rylant, Cynthia @ BookFinder.com",Amazon.com,used,21.0,"Illustrated Format: Illustrated. Pages 48. In Stock. From : onceuponatimebooks, United States",
9780064443074,The High-Rise Private Eyes #2: The Case of the Climbing Cat (I Can Read Level 2),"Rylant, Cynthia @ BookFinder.com",Amazon.com,used,22.0,"Illustrated Format: Illustrated. Pages 48. In Stock. From : Orion LLC, United States",
9780064443074,The High-Rise Private Eyes #2: The Case of the Climbing Cat (I Can Read Level 2),"Rylant, Cynthia @ BookFinder.com",Amazon.com,used,41.0,"Illustrated Format: Illustrated. Pages 48. In stock Usually ships within 3 to 4 days. From : ThriftBooks-Phoenix, United States",
9780064443074,The High-Rise Private Eyes #2: The Case of the Climbing Cat (I Can Read Level 2),"Rylant, Cynthia @ BookFinder.com",Amazon.com,used,42.0,"Illustrated Format: Illustrated. Pages 48. In stock Usually ships within 3 to 4 days. From : ThriftBooks-Dallas, United States",
9780064443074,The High-Rise Private Eyes #2: The Case of the Climbing Cat (I Can Read Level 2),"Rylant, Cynthia @ BookFinder.com",Amazon.com,used,43.0,"Illustrated Format: Illustrated. Pages 48. In stock Usually ships within 2 to 3 days. From : Lions Den Books321, United States",
9780064443074,The High-Rise Private Eyes #2: The Case of the Climbing Cat (I Can Read Level 2),"Rylant, Cynthia @ BookFinder.com",Amazon.com,used,44.0,"Illustrated Format: Illustrated. Pages 48. In stock Usually ships within 3 to 4 days. From : ThriftBooks-Baltimore, United States",
9780064443074,The High-Rise Private Eyes #2: The Case of the Climbing Cat (I Can Read Level 2),"Rylant, Cynthia @ BookFinder.com",Amazon.com,used,5.0,"Illustrated Format: Illustrated. Pages 48. In stock Usually ships within 2 to 3 days. From : Lions Den Books321, United States",
9780064443074,The High-Rise Private Eyes #2: The Case of the Climbing Cat (I Can Read Level 2),"Rylant, Cynthia @ BookFinder.com",Amazon.com,used,6.0,"Illustrated Format: Illustrated. Pages 48. In Stock. From : Books Unplugged, United States",
9780064443074,The High-Rise Private Eyes #2: The Case of the Climbing Cat (I Can Read Level 2),"Rylant, Cynthia @ BookFinder.com",Amazon.com,used,15.0,"Illustrated Format: Illustrated. Pages 48. In Stock. From : more-than-words, United States",
9780064443074,The High-Rise Private Eyes #2: The Case of the Climbing Cat (I Can Read Level 2),"Rylant, Cynthia @ BookFinder.com",Amazon.com,used,17.0,"Illustrated Format: Illustrated. Pages 48. In Stock. From : Zoom Books Company, United States",
9780064443074,The High-Rise Private Eyes #2: The Case of the Climbing Cat (I Can Read Level 2),"Rylant, Cynthia @ BookFinder.com",Amazon.com,used,18.0,"Illustrated Format: Illustrated. Pages 48. In Stock. From : World of Books (previously glenthebookseller), United States",
9780064443074,The High-Rise Private Eyes #2: The Case of the Climbing Cat (I Can Read Level 2),"Rylant, Cynthia @ BookFinder.com",Amazon.com,used,19.0,"Illustrated Format: Illustrated. Pages 48. In Stock. From : YourOnlineBookstore, United States",
9780064443074,The High-Rise Private Eyes #2: The Case of the Climbing Cat (I Can Read Level 2),"Rylant, Cynthia @ BookFinder.com",Amazon.com,used,21.0,"Illustrated Format: Illustrated. Pages 48. In Stock. From : onceuponatimebooks, United States",
9780064443074,The High-Rise Private Eyes #2: The Case of the Climbing Cat (I Can Read Level 2),"Rylant, Cynthia @ BookFinder.com",Amazon.com,used,22.0,"Illustrated Format: Illustrated. Pages 48. In Stock. From : Orion LLC, United States",
9780064443074,The High-Rise Private Eyes #2: The Case of the Climbing Cat (I Can Read Level 2),"Rylant, Cynthia @ BookFinder.com",Amazon.com,used,41.0,"Illustrated Format: Illustrated. Pages 48. In stock Usually ships within 3 to 4 days. From : ThriftBooks-Phoenix, United States",
9780064443074,The High-Rise Private Eyes #2: The Case of the Climbing Cat (I Can Read Level 2),"Rylant, Cynthia @ BookFinder.com",Amazon.com,used,42.0,"Illustrated Format: Illustrated. Pages 48. In stock Usually ships within 3 to 4 days. From : ThriftBooks-Dallas, United States",
9780064443074,The High-Rise Private Eyes #2: The Case of the Climbing Cat (I Can Read Level 2),"Rylant, Cynthia @ BookFinder.com",Amazon.com,used,43.0,"Illustrated Format: Illustrated. Pages 48. In stock Usually ships within 2 to 3 days. From : Lions Den Books321, United States",
9780064443074,The High-Rise Private Eyes #2: The Case of the Climbing Cat (I Can Read Level 2),"Rylant, Cynthia @ BookFinder.com",Amazon.com,used,44.0,"Illustrated Format: Illustrated. Pages 48. In stock Usually ships within 3 to 4 days. From : ThriftBooks-Baltimore, United States",
9780345288684,"Tarzan the Untamed (Tarzan, Book 7)","Burroughs, Edgar Rice @ BookFinder.com",Amazon.com.au,used,3.0,New. Pages 256. Usually dispatched within 2 to 3 weeks. From : SonicBW,
9780140312492,Beezus and Ramona,Ill Beverly Cleary And Thelma Lambert @ BookFinder.com,Amazon.com,used,2.0,"New Ed Format: Import. Pages 160. In Stock. From : The Eclectic Collector's Bookstore, United States",
9780140312492,Beezus and Ramona,Ill Beverly Cleary And Thelma Lambert @ BookFinder.com,Amazon.com,used,3.0,"New Ed Format: Import. Pages 160. In Stock. From : WeBuyBooks-UK, United Kingdom",
9780140312492,Beezus and Ramona,Ill Beverly Cleary And Thelma Lambert @ BookFinder.com,Amazon.com,used,4.0,"New Ed Format: Import. Pages 160. In Stock. From : Stephen White Books, United Kingdom",
9780140312492,Beezus and Ramona,Ill Beverly Cleary And Thelma Lambert @ BookFinder.com,Amazon.com,used,11.0,"New Ed Format: Import. Pages 160. In Stock. From : greener_books_london, United Kingdom",
9780140312492,Beezus and Ramona,Ill Beverly Cleary And Thelma Lambert @ BookFinder.com,Amazon.com,used,12.0,"New Ed Format: Import. Pages 160. In Stock. From : greener_books_london, United Kingdom",
9780140312492,Beezus and Ramona,Ill Beverly Cleary And Thelma Lambert @ BookFinder.com,Amazon.com,used,18.0,"New Ed Format: Import. Pages 160. In Stock. From : worldofbooksusa, United Kingdom",
9780140312492,Beezus and Ramona,Ill Beverly Cleary And Thelma Lambert @ BookFinder.com,Amazon.com,used,19.0,"New Ed Format: Import. Pages 160. In Stock. From : worldofbooksusa, United Kingdom",
9780140312492,Beezus and Ramona,Ill Beverly Cleary And Thelma Lambert @ BookFinder.com,Amazon.com,used,20.0,"New Ed Format: Import. Pages 160. In Stock. From : worldofbooksusa, United Kingdom",
9780140312492,Beezus and Ramona,Ill Beverly Cleary And Thelma Lambert @ BookFinder.com,Amazon.com,used,2.0,"New Ed Format: Import. Pages 160. In Stock. From : The Eclectic Collector's Bookstore, United States",
9780140312492,Beezus and Ramona,Ill Beverly Cleary And Thelma Lambert @ BookFinder.com,Amazon.com,used,3.0,"New Ed Format: Import. Pages 160. In Stock. From : WeBuyBooks-UK, United Kingdom",
9780140312492,Beezus and Ramona,Ill Beverly Cleary And Thelma Lambert @ BookFinder.com,Amazon.com,used,4.0,"New Ed Format: Import. Pages 160. In Stock. From : Stephen White Books, United Kingdom",
9780140312492,Beezus and Ramona,Ill Beverly Cleary And Thelma Lambert @ BookFinder.com,Amazon.com,used,11.0,"New Ed Format: Import. Pages 160. In Stock. From : greener_books_london, United Kingdom",
9780140312492,Beezus and Ramona,Ill Beverly Cleary And Thelma Lambert @ BookFinder.com,Amazon.com,used,12.0,"New Ed Format: Import. Pages 160. In Stock. From : greener_books_london, United Kingdom",
9780140312492,Beezus and Ramona,Ill Beverly Cleary And Thelma Lambert @ BookFinder.com,Amazon.com,used,18.0,"New Ed Format: Import. Pages 160. In Stock. From : worldofbooksusa, United Kingdom",
9780140312492,Beezus and Ramona,Ill Beverly Cleary And Thelma Lambert @ BookFinder.com,Amazon.com,used,19.0,"New Ed Format: Import. Pages 160. In Stock. From : worldofbooksusa, United Kingdom",
9780140312492,Beezus and Ramona,Ill Beverly Cleary And Thelma Lambert @ BookFinder.com,Amazon.com,used,20.0,"New Ed Format: Import. Pages 160. In Stock. From : worldofbooksusa, United Kingdom",
9781416036685,Essentials of Dental Assisting,"Bird CDA RDA RDH MA, Doni L.; Robinson CDA MS, Debbie S. @ BookFinder.com",Amazon.com,used,3.0,"4. Pages 568. In Stock. From : Hawking Books, United States",
9781416036685,Essentials of Dental Assisting,"Bird CDA RDA RDH MA, Doni L.; Robinson CDA MS, Debbie S. @ BookFinder.com",Amazon.com,used,4.0,"4. Pages 568. In stock Usually ships within 3 to 4 days. From : ThriftBooks-Dallas, United States",
9781416036685,Essentials of Dental Assisting,"Bird CDA RDA RDH MA, Doni L.; Robinson CDA MS, Debbie S. @ BookFinder.com",Amazon.com,used,7.0,"4. Pages 568. In stock Usually ships within 2 to 3 days. From : Bahamut Media, United States",
9781416036685,Essentials of Dental Assisting,"Bird CDA RDA RDH MA, Doni L.; Robinson CDA MS, Debbie S. @ BookFinder.com",Amazon.com,used,8.0,"4. Pages 568. In stock Usually ships within 2 to 3 days. From : awesomebooksusa, United States",
9781416036685,Essentials of Dental Assisting,"Bird CDA RDA RDH MA, Doni L.; Robinson CDA MS, Debbie S. @ BookFinder.com",Amazon.com,used,11.0,"4. Pages 568. In Stock. From : DaBookBerm1, United States",
9781416036685,Essentials of Dental Assisting,"Bird CDA RDA RDH MA, Doni L.; Robinson CDA MS, Debbie S. @ BookFinder.com",Amazon.com,used,19.0,"4. Pages 568. In Stock. From : Victoria-Nia, United States",
9781416036685,Essentials of Dental Assisting,"Bird CDA RDA RDH MA, Doni L.; Robinson CDA MS, Debbie S. @ BookFinder.com",Amazon.com,used,20.0,"4. Pages 568. In Stock. From : BookExcellence, United States",
9781416036685,Essentials of Dental Assisting,"Bird CDA RDA RDH MA, Doni L.; Robinson CDA MS, Debbie S. @ BookFinder.com",Amazon.com,used,23.0,"4. Pages 568. In Stock. From : BOOKBAE, United States",
9781416036685,Essentials of Dental Assisting,"Bird CDA RDA RDH MA, Doni L.; Robinson CDA MS, Debbie S. @ BookFinder.com",Amazon.com,used,24.0,"4. Pages 568. In Stock. From : BOOKBAE, United States",
9781416036685,Essentials of Dental Assisting,"Bird CDA RDA RDH MA, Doni L.; Robinson CDA MS, Debbie S. @ BookFinder.com",Amazon.com,used,26.0,"4. Pages 568. In Stock. From : BankofBooks, United States",
9781416036685,Essentials of Dental Assisting,"Bird CDA RDA RDH MA, Doni L.; Robinson CDA MS, Debbie S. @ BookFinder.com",Amazon.com,used,46.0,"4. Pages 568. Usually ships within 11 to 12 days. From : Hafa Adai Books LLC, United States",
9781416036685,Essentials of Dental Assisting,"Bird CDA RDA RDH MA, Doni L.; Robinson CDA MS, Debbie S. @ BookFinder.com",Amazon.com,used,50.0,"4. Pages 568. In Stock. From : Windflower Bookstore, United States",
9781416036685,Essentials of Dental Assisting,"Bird CDA RDA RDH MA, Doni L.; Robinson CDA MS, Debbie S. @ BookFinder.com",Amazon.com,used,2.0,"4. Pages 568. Usually ships within 11 to 12 days. From : Hafa Adai Books LLC, United States",
9781416036685,Essentials of Dental Assisting,"Bird CDA RDA RDH MA, Doni L.; Robinson CDA MS, Debbie S. @ BookFinder.com",Amazon.com,used,5.0,"4. Pages 568. In Stock. From : Windflower Bookstore, United States",
9781416036685,Essentials of Dental Assisting,"Bird CDA RDA RDH MA, Doni L.; Robinson CDA MS, Debbie S. @ BookFinder.com",Amazon.com,used,7.0,"4. Pages 568. In Stock. From : BookResQ, United States",
9781416036685,Essentials of Dental Assisting,"Bird CDA RDA RDH MA, Doni L.; Robinson CDA MS, Debbie S. @ BookFinder.com",Amazon.com,used,11.0,"4. Pages 568. In Stock. From : BookExcellence, United States",
9781416036685,Essentials of Dental Assisting,"Bird CDA RDA RDH MA, Doni L.; Robinson CDA MS, Debbie S. @ BookFinder.com",Amazon.com,used,20.0,"4. Pages 568. In Stock. From : AJIT IMPEX, United States",
9781416036685,Essentials of Dental Assisting,"Bird CDA RDA RDH MA, Doni L.; Robinson CDA MS, Debbie S. @ BookFinder.com",Amazon.com,used,32.0,"4. Pages 568. In stock Usually ships within 3 to 4 days. From : Books Paradise Global, United States",
9781416036685,Essentials of Dental Assisting,"Bird CDA RDA RDH MA, Doni L.; Robinson CDA MS, Debbie S. @ BookFinder.com",Amazon.com,used,47.0,"4. Pages 568. Usually ships within 6 to 7 days. From : Books Paradise Global, United States",
9781416036685,Essentials of Dental Assisting,"Bird CDA RDA RDH MA, Doni L.; Robinson CDA MS, Debbie S. @ BookFinder.com",Amazon.com,used,3.0,"4. Pages 568. In Stock. From : Hawking Books, United States",
9781416036685,Essentials of Dental Assisting,"Bird CDA RDA RDH MA, Doni L.; Robinson CDA MS, Debbie S. @ BookFinder.com",Amazon.com,used,4.0,"4. Pages 568. In stock Usually ships within 3 to 4 days. From : ThriftBooks-Dallas, United States",
9781416036685,Essentials of Dental Assisting,"Bird CDA RDA RDH MA, Doni L.; Robinson CDA MS, Debbie S. @ BookFinder.com",Amazon.com,used,7.0,"4. Pages 568. In stock Usually ships within 2 to 3 days. From : Bahamut Media, United States",
9781416036685,Essentials of Dental Assisting,"Bird CDA RDA RDH MA, Doni L.; Robinson CDA MS, Debbie S. @ BookFinder.com",Amazon.com,used,8.0,"4. Pages 568. In stock Usually ships within 2 to 3 days. From : awesomebooksusa, United States",
9781416036685,Essentials of Dental Assisting,"Bird CDA RDA RDH MA, Doni L.; Robinson CDA MS, Debbie S. @ BookFinder.com",Amazon.com,used,11.0,"4. Pages 568. In Stock. From : DaBookBerm1, United States",
9781416036685,Essentials of Dental Assisting,"Bird CDA RDA RDH MA, Doni L.; Robinson CDA MS, Debbie S. @ BookFinder.com",Amazon.com,used,19.0,"4. Pages 568. In Stock. From : Victoria-Nia, United States",
9781416036685,Essentials of Dental Assisting,"Bird CDA RDA RDH MA, Doni L.; Robinson CDA MS, Debbie S. @ BookFinder.com",Amazon.com,used,20.0,"4. Pages 568. In Stock. From : BookExcellence, United States",
9781416036685,Essentials of Dental Assisting,"Bird CDA RDA RDH MA, Doni L.; Robinson CDA MS, Debbie S. @ BookFinder.com",Amazon.com,used,23.0,"4. Pages 568. In Stock. From : BOOKBAE, United States",
9781416036685,Essentials of Dental Assisting,"Bird CDA RDA RDH MA, Doni L.; Robinson CDA MS, Debbie S. @ BookFinder.com",Amazon.com,used,24.0,"4. Pages 568. In Stock. From : BOOKBAE, United States",
9781416036685,Essentials of Dental Assisting,"Bird CDA RDA RDH MA, Doni L.; Robinson CDA MS, Debbie S. @ BookFinder.com",Amazon.com,used,26.0,"4. Pages 568. In Stock. From : BankofBooks, United States",
9780942545616,"Hostages of Hate (Hardy Boys Casefiles, Case 10)","Dixon, Franklin W. @ BookFinder.com",Amazon.com,used,4.0,"Grey Castle Library. Pages 149. Usually ships within 10 to 11 days. From : D. Wade, Bookseller, United States",
9780942545616,"Hostages of Hate (Hardy Boys Casefiles, Case 10)","Dixon, Franklin W. @ BookFinder.com",Amazon.com,used,4.0,"Grey Castle Library. Pages 149. Usually ships within 10 to 11 days. From : D. Wade, Bookseller, United States",
9789705803536,Nacida del hielo / Born in Ice (Las Hermanas Concannon II/ Born in Trilogy Series II) (Spanish Edition),"Roberts, Nora @ BookFinder.com",Amazon.com,used,10.0,"Translation. Pages 468. In Stock. From : Better World Books: South, United States",
9789705803536,Nacida del hielo / Born in Ice (Las Hermanas Concannon II/ Born in Trilogy Series II) (Spanish Edition),"Roberts, Nora @ BookFinder.com",Amazon.com,used,11.0,"Translation. Pages 468. In Stock. From : Better World Books: South, United States",
9789705803536,Nacida del hielo / Born in Ice (Las Hermanas Concannon II/ Born in Trilogy Series II) (Spanish Edition),"Roberts, Nora @ BookFinder.com",Amazon.com,used,12.0,"Translation. Pages 468. In Stock. From : Prodigal Products, United States",
9789705803536,Nacida del hielo / Born in Ice (Las Hermanas Concannon II/ Born in Trilogy Series II) (Spanish Edition),"Roberts, Nora @ BookFinder.com",Amazon.com,used,2.0,"Translation. Pages 468. In Stock. From : Prodigal Products, United States",
9789705803536,Nacida del hielo / Born in Ice (Las Hermanas Concannon II/ Born in Trilogy Series II) (Spanish Edition),"Roberts, Nora @ BookFinder.com",Amazon.com,used,9.0,"Translation. Pages 468. In Stock. From : Better World Books: South, United States",
9789705803536,Nacida del hielo / Born in Ice (Las Hermanas Concannon II/ Born in Trilogy Series II) (Spanish Edition),"Roberts, Nora @ BookFinder.com",Amazon.com,used,10.0,"Translation. Pages 468. In Stock. From : Better World Books: South, United States",
9780582353718,Amadeus (Longman Study Texts),"Shaffer, Peter @ BookFinder.com",Amazon.com,used,2.0,"3rd Printing. In Stock. From : Ammareal - Professional seller, France",
9780582353718,Amadeus (Longman Study Texts),"Shaffer, Peter @ BookFinder.com",Amazon.com,used,7.0,"3rd Printing. In Stock. From : Dorstone Books, United Kingdom",
9780582353718,Amadeus (Longman Study Texts),"Shaffer, Peter @ BookFinder.com",Amazon.com,used,8.0,"3rd Printing. In Stock. From : the_book_community, United States",
9780582353718,Amadeus (Longman Study Texts),"Shaffer, Peter @ BookFinder.com",Amazon.com,used,9.0,"3rd Printing. In stock Usually ships within 3 to 4 days. From : Serendipity UnLtd, United States",
9780582353718,Amadeus (Longman Study Texts),"Shaffer, Peter @ BookFinder.com",Amazon.com,used,24.0,"3rd Printing. In stock Usually ships within 4 to 5 days. From : Chocobooks., France",
9780582353718,Amadeus (Longman Study Texts),"Shaffer, Peter @ BookFinder.com",Amazon.com,used,2.0,"3rd Printing. In Stock. From : Ammareal - Professional seller, France",
9780582353718,Amadeus (Longman Study Texts),"Shaffer, Peter @ BookFinder.com",Amazon.com,used,7.0,"3rd Printing. In Stock. From : Dorstone Books, United Kingdom",
9780582353718,Amadeus (Longman Study Texts),"Shaffer, Peter @ BookFinder.com",Amazon.com,used,8.0,"3rd Printing. In Stock. From : the_book_community, United States",
9780582353718,Amadeus (Longman Study Texts),"Shaffer, Peter @ BookFinder.com",Amazon.com,used,9.0,"3rd Printing. In stock Usually ships within 3 to 4 days. From : Serendipity UnLtd, United States",
9780582353718,Amadeus (Longman Study Texts),"Shaffer, Peter @ BookFinder.com",Amazon.com,used,24.0,"3rd Printing. In stock Usually ships within 4 to 5 days. From : Chocobooks., France",
9781138613263,Using Superheroes and Villains in Counseling and Play Therapy,@ BookFinder.com,Amazon.com.au,used,4.0,"1 Format: Kindle eBook. Pages 342. Available for download now. From : Amazon Australia Services, Inc.",
9781138613263,Using Superheroes and Villains in Counseling and Play Therapy,@ BookFinder.com,Amazon.com,used,23.0,"1. Pages 342. Usually ships within 10 to 11 days. From : SuperBookDeals---, United States",
9781138613263,Using Superheroes and Villains in Counseling and Play Therapy,@ BookFinder.com,Amazon.com,used,24.0,"1. Pages 342. In Stock. Fulfillment by Amazon. From : Amazon.com, United States",
9781138613263,Using Superheroes and Villains in Counseling and Play Therapy,@ BookFinder.com,Amazon.com (Prime),used,25.0,"1. Pages 342. In Stock. Fulfillment by Amazon. Amazon Prime. Not a Prime member? Try Amazon Prime 30-Day Free Trial which includes Prime Video, Prime Music and Prime Reading. From : Amazon.com (Prime), United States",
9781138613263,Using Superheroes and Villains in Counseling and Play Therapy,@ BookFinder.com,Amazon.com,used,31.0,"1. Pages 342. Usually ships within 11 to 12 days. From : Bahamut Media, United States",
9781138613263,Using Superheroes and Villains in Counseling and Play Therapy,@ BookFinder.com,Amazon.com,used,33.0,"1. Pages 342. Usually ships within 13 to 14 days. From : PBShop UK, United Kingdom",
9781138613263,Using Superheroes and Villains in Counseling and Play Therapy,@ BookFinder.com,Amazon.com,used,36.0,"1. Pages 342. Usually ships within 10 to 11 days. From : SuperBookDeals---, United States",
9781138613263,Using Superheroes and Villains in Counseling and Play Therapy,@ BookFinder.com,Amazon.com,used,37.0,"1. Pages 342. Usually ships within 2 to 3 weeks. From : tabletopart, United States",
9781138613263,Using Superheroes and Villains in Counseling and Play Therapy,@ BookFinder.com,Amazon.com,used,39.0,"1. Pages 342. Usually ships within 10 to 11 days. From : TheWorldShopUSA, Australia",
9781138613263,Using Superheroes and Villains in Counseling and Play Therapy,@ BookFinder.com,Amazon.com.au,used,4.0,"1 Format: Kindle eBook. Pages 342. Available for download now. From : Amazon Australia Services, Inc.",
9781138613263,Using Superheroes and Villains in Counseling and Play Therapy,@ BookFinder.com,Amazon.com,used,14.0,"1. Pages 342. Usually ships within 10 to 11 days. From : SuperBookDeals---, United States",
9781138613263,Using Superheroes and Villains in Counseling and Play Therapy,@ BookFinder.com,Amazon.com,used,15.0,"1. Pages 342. In Stock. Fulfillment by Amazon. From : Amazon.com, United States",
9781138613263,Using Superheroes and Villains in Counseling and Play Therapy,@ BookFinder.com,Amazon.com (Prime),used,16.0,"1. Pages 342. In Stock. Fulfillment by Amazon. Amazon Prime. Not a Prime member? Try Amazon Prime 30-Day Free Trial which includes Prime Video, Prime Music and Prime Reading. From : Amazon.com (Prime), United States",
9781138613263,Using Superheroes and Villains in Counseling and Play Therapy,@ BookFinder.com,Amazon.com,used,20.0,"1. Pages 342. Usually ships within 11 to 12 days. From : Bahamut Media, United States",
9781138613263,Using Superheroes and Villains in Counseling and Play Therapy,@ BookFinder.com,Amazon.com,used,21.0,"1. Pages 342. Usually ships within 13 to 14 days. From : PBShop UK, United Kingdom",
9781138613263,Using Superheroes and Villains in Counseling and Play Therapy,@ BookFinder.com,Amazon.com,used,25.0,"1. Pages 342. Usually ships within 10 to 11 days. From : TheWorldShopUSA, Australia",
9781138613263,Using Superheroes and Villains in Counseling and Play Therapy,@ BookFinder.com,Amazon.com,used,38.0,"1. Pages 342. In Stock. From : All-Time-Fast, Uruguay",
9781138613263,Using Superheroes and Villains in Counseling and Play Therapy,@ BookFinder.com,Amazon.com,used,40.0,"1. Pages 342. Usually ships within 2 to 3 weeks. From : Windy Books, United States",
9781138613263,Using Superheroes and Villains in Counseling and Play Therapy,@ BookFinder.com,Amazon.com,used,41.0,"1. Pages 342. Usually ships within 2 to 3 weeks. From : booksXpress, United States",
9781138613263,Using Superheroes and Villains in Counseling and Play Therapy,@ BookFinder.com,Amazon.com,used,43.0,"1. Pages 342. In stock Usually ships within 4 to 5 days. From : Booksmart Singapore, Singapore",
9781138613263,Using Superheroes and Villains in Counseling and Play Therapy,@ BookFinder.com,Amazon.com,used,7.0,"1. Pages 342. Usually ships within 10 to 11 days. From : SuperBookDeals---, United States",
9781138613263,Using Superheroes and Villains in Counseling and Play Therapy,@ BookFinder.com,Amazon.com,used,8.0,"1. Pages 342. Usually ships within 2 to 3 weeks. From : tabletopart, United States",
9781719651059,Medical Terminology Systems: A Body Systems Approach,"Masters, Regina M.; Gylys, Barbara A.; Wedding, Mary Ellen @ BookFinder.com",Amazon.com,used,9.0,"Ninth. Pages 784. In Stock. From : ✅EchoPointBooks, United States",
9781719651059,Medical Terminology Systems: A Body Systems Approach,"Masters, Regina M.; Gylys, Barbara A.; Wedding, Mary Ellen @ BookFinder.com",Amazon.com (Prime),used,11.0,"Ninth. Pages 784. In Stock. Fulfillment by Amazon. Amazon Prime. Not a Prime member? Try Amazon Prime 30-Day Free Trial which includes Prime Video, Prime Music and Prime Reading. From : Amazon.com (Prime), United States",
9781719651059,Medical Terminology Systems: A Body Systems Approach,"Masters, Regina M.; Gylys, Barbara A.; Wedding, Mary Ellen @ BookFinder.com",Amazon.com,used,12.0,"Ninth. Pages 784. In Stock. Fulfillment by Amazon. From : Amazon.com, United States",
9781719651059,Medical Terminology Systems: A Body Systems Approach,"Masters, Regina M.; Gylys, Barbara A.; Wedding, Mary Ellen @ BookFinder.com",Amazon.com,used,20.0,"Ninth. Pages 784. In Stock. From : dirtcheapbooks4u, United States",
9781719651059,Medical Terminology Systems: A Body Systems Approach,"Masters, Regina M.; Gylys, Barbara A.; Wedding, Mary Ellen @ BookFinder.com",Amazon.com,used,46.0,"Ninth. Pages 784. In stock Usually ships within 4 to 5 days. From : BuyWorldwide, Australia",
9781719651059,Medical Terminology Systems: A Body Systems Approach,"Masters, Regina M.; Gylys, Barbara A.; Wedding, Mary Ellen @ BookFinder.com",Amazon.com,used,48.0,"Ninth. Pages 784. In stock Usually ships within 4 to 5 days. From : ship_option_#1, United Kingdom",
9781719651059,Medical Terminology Systems: A Body Systems Approach,"Masters, Regina M.; Gylys, Barbara A.; Wedding, Mary Ellen @ BookFinder.com",Amazon.com (Prime),used,2.0,"Ninth. Pages 784. In Stock. Fulfillment by Amazon. Amazon Prime. Not a Prime member? Try Amazon Prime 30-Day Free Trial which includes Prime Video, Prime Music and Prime Reading. From : Amazon.com (Prime), United States",
9781719651059,Medical Terminology Systems: A Body Systems Approach,"Masters, Regina M.; Gylys, Barbara A.; Wedding, Mary Ellen @ BookFinder.com",Amazon.com,used,3.0,"Ninth. Pages 784. In Stock. Fulfillment by Amazon. From : Amazon.com, United States",
9781719651059,Medical Terminology Systems: A Body Systems Approach,"Masters, Regina M.; Gylys, Barbara A.; Wedding, Mary Ellen @ BookFinder.com",Amazon.com,used,10.0,"Ninth. Pages 784. In Stock. From : dirtcheapbooks4u, United States",
9781719651059,Medical Terminology Systems: A Body Systems Approach,"Masters, Regina M.; Gylys, Barbara A.; Wedding, Mary Ellen @ BookFinder.com",Amazon.com,used,30.0,"Ninth. Pages 784. In stock Usually ships within 4 to 5 days. From : BuyWorldwide, Australia",
9781719651059,Medical Terminology Systems: A Body Systems Approach,"Masters, Regina M.; Gylys, Barbara A.; Wedding, Mary Ellen @ BookFinder.com",Amazon.com,used,32.0,"Ninth. Pages 784. In stock Usually ships within 4 to 5 days. From : ship_option_#1, United Kingdom",
9781719651059,Medical Terminology Systems: A Body Systems Approach,"Masters, Regina M.; Gylys, Barbara A.; Wedding, Mary Ellen @ BookFinder.com",Amazon.com,used,44.0,"Ninth. Pages 784. In Stock. From : firstclassbooks, United States",
9781719651059,Medical Terminology Systems: A Body Systems Approach,"Masters, Regina M.; Gylys, Barbara A.; Wedding, Mary Ellen @ BookFinder.com",Amazon.com,used,1.0,"Ninth. Pages 784. In Stock. From : ✅EchoPointBooks, United States",
9780439425162,Junie B. Jones y su gran bocota,"Park, Barbara @ BookFinder.com",Amazon.com,used,8.0,"Translation. Pages 80. In Stock. From : Orion LLC, United States",
9780439425162,Junie B. Jones y su gran bocota,"Park, Barbara @ BookFinder.com",Amazon.com,used,9.0,"Translation. Pages 80. In stock Usually ships within 2 to 3 days. From : Valleys Books & More, United States",
9780439425162,Junie B. Jones y su gran bocota,"Park, Barbara @ BookFinder.com",Amazon.com,used,10.0,"Translation. Pages 80. In Stock. From : WÖLF, United States",
9780439425162,Junie B. Jones y su gran bocota,"Park, Barbara @ BookFinder.com",Amazon.com,used,24.0,"Translation. Pages 80. In stock Usually ships within 2 to 3 days. From : GoodwillBooks, United States",
9780439425162,Junie B. Jones y su gran bocota,"Park, Barbara @ BookFinder.com",Amazon.com,used,25.0,"Translation. Pages 80. In stock Usually ships within 3 to 4 days. From : ThriftBooks-Chicago, United States",
9780439425162,Junie B. Jones y su gran bocota,"Park, Barbara @ BookFinder.com",Amazon.com,used,26.0,"Translation. Pages 80. In stock Usually ships within 3 to 4 days. From : ThriftBooks-Seattle, United States",
9780439425162,Junie B. Jones y su gran bocota,"Park, Barbara @ BookFinder.com",Amazon.com,used,27.0,"Translation. Pages 80. In stock Usually ships within 3 to 4 days. From : ThriftBooks-Seattle, United States",
9780439425162,Junie B. Jones y su gran bocota,"Park, Barbara @ BookFinder.com",Amazon.com,used,28.0,"Translation. Pages 80. In stock Usually ships within 3 to 4 days. From : ThriftBooks-Phoenix, United States",
9780439425162,Junie B. Jones y su gran bocota,"Park, Barbara @ BookFinder.com",Amazon.com,used,29.0,"Translation. Pages 80. In stock Usually ships within 3 to 4 days. From : ThriftBooks-Atlanta, United States",
9780439425162,Junie B. Jones y su gran bocota,"Park, Barbara @ BookFinder.com",Amazon.com,used,30.0,"Translation. Pages 80. In stock Usually ships within 3 to 4 days. From : ThriftBooks-Baltimore, United States",
9780439425162,Junie B. Jones y su gran bocota,"Park, Barbara @ BookFinder.com",Amazon.com,used,8.0,"Translation. Pages 80. In Stock. From : Orion LLC, United States",
9780439425162,Junie B. Jones y su gran bocota,"Park, Barbara @ BookFinder.com",Amazon.com,used,9.0,"Translation. Pages 80. In stock Usually ships within 2 to 3 days. From : Valleys Books & More, United States",
9780439425162,Junie B. Jones y su gran bocota,"Park, Barbara @ BookFinder.com",Amazon.com,used,10.0,"Translation. Pages 80. In Stock. From : WÖLF, United States",
9780439425162,Junie B. Jones y su gran bocota,"Park, Barbara @ BookFinder.com",Amazon.com,used,24.0,"Translation. Pages 80. In stock Usually ships within 2 to 3 days. From : GoodwillBooks, United States",
9780439425162,Junie B. Jones y su gran bocota,"Park, Barbara @ BookFinder.com",Amazon.com,used,25.0,"Translation. Pages 80. In stock Usually ships within 3 to 4 days. From : ThriftBooks-Chicago, United States",
9780439425162,Junie B. Jones y su gran bocota,"Park, Barbara @ BookFinder.com",Amazon.com,used,26.0,"Translation. Pages 80. In stock Usually ships within 3 to 4 days. From : ThriftBooks-Seattle, United States",
9780439425162,Junie B. Jones y su gran bocota,"Park, Barbara @ BookFinder.com",Amazon.com,used,27.0,"Translation. Pages 80. In stock Usually ships within 3 to 4 days. From : ThriftBooks-Seattle, United States",
9780439425162,Junie B. Jones y su gran bocota,"Park, Barbara @ BookFinder.com",Amazon.com,used,28.0,"Translation. Pages 80. In stock Usually ships within 3 to 4 days. From : ThriftBooks-Phoenix, United States",
9780439425162,Junie B. Jones y su gran bocota,"Park, Barbara @ BookFinder.com",Amazon.com,used,29.0,"Translation. Pages 80. In stock Usually ships within 3 to 4 days. From : ThriftBooks-Atlanta, United States",
9780439425162,Junie B. Jones y su gran bocota,"Park, Barbara @ BookFinder.com",Amazon.com,used,30.0,"Translation. Pages 80. In stock Usually ships within 3 to 4 days. From : ThriftBooks-Baltimore, United States",
9782070364305,Effondrement: Comment les sociétés décident de leur disparition ou de leur survie,"Diamond, Jared @ BookFinder.com",Amazon.com,used,8.0,"0. Pages 880. In stock Usually ships within 3 to 4 days. From : ThriftBooks-Atlanta, United States",
9782070364305,Effondrement: Comment les sociétés décident de leur disparition ou de leur survie,"Diamond, Jared @ BookFinder.com",Amazon.com,used,12.0,"0. Pages 880. Usually ships within 9 to 10 days. From : booksXpress, United States",
9782070364305,Effondrement: Comment les sociétés décident de leur disparition ou de leur survie,"Diamond, Jared @ BookFinder.com",Amazon.com,used,13.0,"0. Pages 880. In stock Usually ships within 4 to 5 days. From : WEST BOOKS, Canada",
9782070364305,Effondrement: Comment les sociétés décident de leur disparition ou de leur survie,"Diamond, Jared @ BookFinder.com",Amazon.com,used,15.0,"0. Pages 880. Usually ships within 9 to 10 days. From : Windy Books, United States",
9782070364305,Effondrement: Comment les sociétés décident de leur disparition ou de leur survie,"Diamond, Jared @ BookFinder.com",Amazon.com,used,20.0,"0. Pages 880. In stock Usually ships within 4 to 5 days. From : Prestivo, France",
9782070364305,Effondrement: Comment les sociétés décident de leur disparition ou de leur survie,"Diamond, Jared @ BookFinder.com",Amazon.com,used,21.0,"0. Pages 880. In stock Usually ships within 4 to 5 days. From : Capsule Corp Media, France",
9782070364305,Effondrement: Comment les sociétés décident de leur disparition ou de leur survie,"Diamond, Jared @ BookFinder.com",Amazon.com,used,29.0,"0. Pages 880. In Stock. From : Harmony in Hues, Canada",
9782070364305,Effondrement: Comment les sociétés décident de leur disparition ou de leur survie,"Diamond, Jared @ BookFinder.com",Amazon.com,used,37.0,"0. Pages 880. In Stock. From : Books Unplugged, United States",
9782070364305,Effondrement: Comment les sociétés décident de leur disparition ou de leur survie,"Diamond, Jared @ BookFinder.com",Amazon.com,used,40.0,"0. Pages 880. Usually ships within 5 to 6 days. From : BOOK_DEPOT, United States",
9782070364305,Effondrement: Comment les sociétés décident de leur disparition ou de leur survie,"Diamond, Jared @ BookFinder.com",Amazon.com,used,49.0,"0. Pages 880. In stock Usually ships within 2 to 3 days. From : Yachew LTD UK, United Kingdom",
9782070364305,Effondrement: Comment les sociétés décident de leur disparition ou de leur survie,"Diamond, Jared @ BookFinder.com",Amazon.com,used,1.0,"0. Pages 880. Usually ships within 9 to 10 days. From : booksXpress, United States",
9782070364305,Effondrement: Comment les sociétés décident de leur disparition ou de leur survie,"Diamond, Jared @ BookFinder.com",Amazon.com,used,2.0,"0. Pages 880. In stock Usually ships within 4 to 5 days. From : WEST BOOKS, Canada",
9782070364305,Effondrement: Comment les sociétés décident de leur disparition ou de leur survie,"Diamond, Jared @ BookFinder.com",Amazon.com,used,4.0,"0. Pages 880. Usually ships within 9 to 10 days. From : Windy Books, United States",
9782070364305,Effondrement: Comment les sociétés décident de leur disparition ou de leur survie,"Diamond, Jared @ BookFinder.com",Amazon.com,used,11.0,"0. Pages 880. In Stock. From : Harmony in Hues, Canada",
9782070364305,Effondrement: Comment les sociétés décident de leur disparition ou de leur survie,"Diamond, Jared @ BookFinder.com",Amazon.com,used,15.0,"0. Pages 880. Usually ships within 5 to 6 days. From : BOOK_DEPOT, United States",
9782070364305,Effondrement: Comment les sociétés décident de leur disparition ou de leur survie,"Diamond, Jared @ BookFinder.com",Amazon.com,used,23.0,"0. Pages 880. In stock Usually ships within 2 to 3 days. From : Yachew LTD UK, United Kingdom",
9782070364305,Effondrement: Comment les sociétés décident de leur disparition ou de leur survie,"Diamond, Jared @ BookFinder.com",Amazon.com,used,32.0,"0. Pages 880. In Stock. From : the_book_community, United States",
9782070364305,Effondrement: Comment les sociétés décident de leur disparition ou de leur survie,"Diamond, Jared @ BookFinder.com",Amazon.com,used,33.0,"0. Pages 880. In stock Usually ships within 3 to 4 days. From : Serendipity UnLtd, United States",
9782070364305,Effondrement: Comment les sociétés décident de leur disparition ou de leur survie,"Diamond, Jared @ BookFinder.com",Amazon.com,used,39.0,"0. Pages 880. In Stock. From : Phonograph, Greece",
9782070364305,Effondrement: Comment les sociétés décident de leur disparition ou de leur survie,"Diamond, Jared @ BookFinder.com",Amazon.com,used,8.0,"0. Pages 880. In stock Usually ships within 3 to 4 days. From : ThriftBooks-Atlanta, United States",
9782070364305,Effondrement: Comment les sociétés décident de leur disparition ou de leur survie,"Diamond, Jared @ BookFinder.com",Amazon.com,used,13.0,"0. Pages 880. In stock Usually ships within 4 to 5 days. From : Prestivo, France",
9782070364305,Effondrement: Comment les sociétés décident de leur disparition ou de leur survie,"Diamond, Jared @ BookFinder.com",Amazon.com,used,14.0,"0. Pages 880. In stock Usually ships within 4 to 5 days. From : Capsule Corp Media, France",
9782070364305,Effondrement: Comment les sociétés décident de leur disparition ou de leur survie,"Diamond, Jared @ BookFinder.com",Amazon.com,used,24.0,"0. Pages 880. In Stock. From : Books Unplugged, United States",
9782070364305,Effondrement: Comment les sociétés décident de leur disparition ou de leur survie,"Diamond, Jared @ BookFinder.com",Amazon.com,used,28.0,"0. Pages 880. In stock Usually ships within 3 to 4 days. From : Walletkite, France",
9780307015860,Trixie Belden and the Mystery at Bob-White Cave,Kathryn Kenny @ BookFinder.com,Amazon.com,used,12.0,"11. Pages 212. In stock Usually ships within 3 to 4 days. From : ThriftBooks-Phoenix, United States",
9780307015860,Trixie Belden and the Mystery at Bob-White Cave,Kathryn Kenny @ BookFinder.com,Amazon.com,used,13.0,"11. Pages 212. In stock Usually ships within 3 to 4 days. From : ThriftBooks-Baltimore, United States",
9780307015860,Trixie Belden and the Mystery at Bob-White Cave,Kathryn Kenny @ BookFinder.com,Amazon.com,used,14.0,"11. Pages 212. In stock Usually ships within 3 to 4 days. From : ThriftBooks-Chicago, United States",
9780307015860,Trixie Belden and the Mystery at Bob-White Cave,Kathryn Kenny @ BookFinder.com,Amazon.com,used,15.0,"11. Pages 212. In stock Usually ships within 3 to 4 days. From : ThriftBooks-Seattle, United States",
9780307015860,Trixie Belden and the Mystery at Bob-White Cave,Kathryn Kenny @ BookFinder.com,Amazon.com,used,16.0,"11. Pages 212. In stock Usually ships within 3 to 4 days. From : ThriftBooks-Dallas, United States",
9780307015860,Trixie Belden and the Mystery at Bob-White Cave,Kathryn Kenny @ BookFinder.com,Amazon.com,used,17.0,"11. Pages 212. In stock Usually ships within 3 to 4 days. From : ThriftBooks-Atlanta, United States",
9780307015860,Trixie Belden and the Mystery at Bob-White Cave,Kathryn Kenny @ BookFinder.com,Amazon.com,used,33.0,"11. Pages 212. In Stock. From : Poiesis Sophia, United States",
9780307015860,Trixie Belden and the Mystery at Bob-White Cave,Kathryn Kenny @ BookFinder.com,Amazon.com,used,34.0,"11. Pages 212. In Stock. From : Half Price Books Inc, United States",
9780307015860,Trixie Belden and the Mystery at Bob-White Cave,Kathryn Kenny @ BookFinder.com,Amazon.com,used,35.0,"11. Pages 212. In Stock. From : HPB-Emerald, United States",
9780307015860,Trixie Belden and the Mystery at Bob-White Cave,Kathryn Kenny @ BookFinder.com,Amazon.com,used,12.0,"11. Pages 212. In stock Usually ships within 3 to 4 days. From : ThriftBooks-Phoenix, United States",
9780307015860,Trixie Belden and the Mystery at Bob-White Cave,Kathryn Kenny @ BookFinder.com,Amazon.com,used,13.0,"11. Pages 212. In stock Usually ships within 3 to 4 days. From : ThriftBooks-Baltimore, United States",
9780307015860,Trixie Belden and the Mystery at Bob-White Cave,Kathryn Kenny @ BookFinder.com,Amazon.com,used,14.0,"11. Pages 212. In stock Usually ships within 3 to 4 days. From : ThriftBooks-Chicago, United States",
9780307015860,Trixie Belden and the Mystery at Bob-White Cave,Kathryn Kenny @ BookFinder.com,Amazon.com,used,15.0,"11. Pages 212. In stock Usually ships within 3 to 4 days. From : ThriftBooks-Seattle, United States",
9780307015860,Trixie Belden and the Mystery at Bob-White Cave,Kathryn Kenny @ BookFinder.com,Amazon.com,used,16.0,"11. Pages 212. In stock Usually ships within 3 to 4 days. From : ThriftBooks-Dallas, United States",
9780307015860,Trixie Belden and the Mystery at Bob-White Cave,Kathryn Kenny @ BookFinder.com,Amazon.com,used,17.0,"11. Pages 212. In stock Usually ships within 3 to 4 days. From : ThriftBooks-Atlanta, United States",
9780307015860,Trixie Belden and the Mystery at Bob-White Cave,Kathryn Kenny @ BookFinder.com,Amazon.com,used,33.0,"11. Pages 212. In Stock. From : Poiesis Sophia, United States",
9780307015860,Trixie Belden and the Mystery at Bob-White Cave,Kathryn Kenny @ BookFinder.com,Amazon.com,used,34.0,"11. Pages 212. In Stock. From : Half Price Books Inc, United States",
9780307015860,Trixie Belden and the Mystery at Bob-White Cave,Kathryn Kenny @ BookFinder.com,Amazon.com,used,35.0,"11. Pages 212. In Stock. From : HPB-Emerald, United States",
9780316686563,"Violets Are Blue (Alex Cross, 7)","Patterson, James @ BookFinder.com",Amazon.com,used,13.0,"Large Print Format: Large Print. Pages 416. In Stock. From : GREENWORLD GOODS, United States",
9780316686563,"Violets Are Blue (Alex Cross, 7)","Patterson, James @ BookFinder.com",Amazon.com,used,14.0,"Large Print Format: Large Print. Pages 416. In Stock. From : MegaReads, United States",
9780316686563,"Violets Are Blue (Alex Cross, 7)","Patterson, James @ BookFinder.com",Amazon.com,used,15.0,"Large Print Format: Large Print. Pages 416. In stock Usually ships within 3 to 4 days. From : ThriftBooks-Dallas, United States",
9780316686563,"Violets Are Blue (Alex Cross, 7)","Patterson, James @ BookFinder.com",Amazon.com,used,16.0,"Large Print Format: Large Print. Pages 416. In stock Usually ships within 3 to 4 days. From : ThriftBooks-Chicago, United States",
9780316686563,"Violets Are Blue (Alex Cross, 7)","Patterson, James @ BookFinder.com",Amazon.com,used,17.0,"Large Print Format: Large Print. Pages 416. In stock Usually ships within 3 to 4 days. From : ThriftBooks-Baltimore, United States",
9780316686563,"Violets Are Blue (Alex Cross, 7)","Patterson, James @ BookFinder.com",Amazon.com,used,18.0,"Large Print Format: Large Print. Pages 416. In stock Usually ships within 3 to 4 days. From : ThriftBooks-Dallas, United States",
9780316686563,"Violets Are Blue (Alex Cross, 7)","Patterson, James @ BookFinder.com",Amazon.com,used,19.0,"Large Print Format: Large Print. Pages 416. In stock Usually ships within 3 to 4 days. From : ThriftBooks-Phoenix, United States",
9780316686563,"Violets Are Blue (Alex Cross, 7)","Patterson, James @ BookFinder.com",Amazon.com,used,20.0,"Large Print Format: Large Print. Pages 416. In stock Usually ships within 3 to 4 days. From : ThriftBooks-Seattle, United States",
9780316686563,"Violets Are Blue (Alex Cross, 7)","Patterson, James @ BookFinder.com",Amazon.com,used,41.0,"Large Print Format: Large Print. Pages 416. In Stock. From : coolerm, United States",
9780316686563,"Violets Are Blue (Alex Cross, 7)","Patterson, James @ BookFinder.com",Amazon.com,used,1.0,"Large Print Format: Large Print. Pages 416. In Stock. From : princess507, United States",
9780316686563,"Violets Are Blue (Alex Cross, 7)","Patterson, James @ BookFinder.com",Amazon.com,used,13.0,"Large Print Format: Large Print. Pages 416. Usually ships within 9 to 10 days. From : SuperBookDeals---, United States",
9780316686563,"Violets Are Blue (Alex Cross, 7)","Patterson, James @ BookFinder.com",Amazon.com,used,14.0,"Large Print Format: Large Print. Pages 416. In stock Usually ships within 2 to 3 days. From : Ambis Enterprises, United States",
9780316686563,"Violets Are Blue (Alex Cross, 7)","Patterson, James @ BookFinder.com",Amazon.com,used,16.0,"Large Print Format: Large Print. Pages 416. In Stock. From : BookExcellence, United States",
9780316686563,"Violets Are Blue (Alex Cross, 7)","Patterson, James @ BookFinder.com",Amazon.com,used,18.0,"Large Print Format: Large Print. Pages 416. In Stock. From : MyPrepbooks, United States",
9780316686563,"Violets Are Blue (Alex Cross, 7)","Patterson, James @ BookFinder.com",Amazon.com,used,19.0,"Large Print Format: Large Print. Pages 416. In stock Usually ships within 2 to 3 days. From : webdelicollc, United States",
9780316686563,"Violets Are Blue (Alex Cross, 7)","Patterson, James @ BookFinder.com",Amazon.com,used,20.0,"Large Print Format: Large Print. Pages 416. In Stock. From : betterdeals2019, United States",
9780316686563,"Violets Are Blue (Alex Cross, 7)","Patterson, James @ BookFinder.com",Amazon.com,used,21.0,"Large Print Format: Large Print. Pages 416. In stock Usually ships within 3 to 4 days. From : Cyprus City Sales, United States",
9780316686563,"Violets Are Blue (Alex Cross, 7)","Patterson, James @ BookFinder.com",Amazon.com,used,22.0,"Large Print Format: Large Print. Pages 416. In stock Usually ships within 3 to 4 days. From : BunkoBooks, United States",
9780316686563,"Violets Are Blue (Alex Cross, 7)","Patterson, James @ BookFinder.com",Amazon.com,used,24.0,"Large Print Format: Large Print. Pages 416. In Stock. From : All-Time-Fast, Uruguay",
9780316686563,"Violets Are Blue (Alex Cross, 7)","Patterson, James @ BookFinder.com",Amazon.com,used,13.0,"Large Print Format: Large Print. Pages 416. In Stock. From : GREENWORLD GOODS, United States",
9780316686563,"Violets Are Blue (Alex Cross, 7)","Patterson, James @ BookFinder.com",Amazon.com,used,14.0,"Large Print Format: Large Print. Pages 416. In Stock. From : MegaReads, United States",
9780316686563,"Violets Are Blue (Alex Cross, 7)","Patterson, James @ BookFinder.com",Amazon.com,used,15.0,"Large Print Format: Large Print. Pages 416. In stock Usually ships within 3 to 4 days. From : ThriftBooks-Dallas, United States",
9780316686563,"Violets Are Blue (Alex Cross, 7)","Patterson, James @ BookFinder.com",Amazon.com,used,16.0,"Large Print Format: Large Print. Pages 416. In stock Usually ships within 3 to 4 days. From : ThriftBooks-Chicago, United States",
9780316686563,"Violets Are Blue (Alex Cross, 7)","Patterson, James @ BookFinder.com",Amazon.com,used,17.0,"Large Print Format: Large Print. Pages 416. In stock Usually ships within 3 to 4 days. From : ThriftBooks-Baltimore, United States",
9780316686563,"Violets Are Blue (Alex Cross, 7)","Patterson, James @ BookFinder.com",Amazon.com,used,18.0,"Large Print Format: Large Print. Pages 416. In stock Usually ships within 3 to 4 days. From : ThriftBooks-Dallas, United States",
9780316686563,"Violets Are Blue (Alex Cross, 7)","Patterson, James @ BookFinder.com",Amazon.com,used,19.0,"Large Print Format: Large Print. Pages 416. In stock Usually ships within 3 to 4 days. From : ThriftBooks-Phoenix, United States",
9780316686563,"Violets Are Blue (Alex Cross, 7)","Patterson, James @ BookFinder.com",Amazon.com,used,20.0,"Large Print Format: Large Print. Pages 416. In stock Usually ships within 3 to 4 days. From : ThriftBooks-Seattle, United States",
9780316686563,"Violets Are Blue (Alex Cross, 7)","Patterson, James @ BookFinder.com",Amazon.com,used,41.0,"Large Print Format: Large Print. Pages 416. In Stock. From : coolerm, United States",
9780470003701,Introduction to Organic Chemistry,"Brown, William H. @ BookFinder.com",Amazon.com,used,5.0,"2. Pages 704. In Stock. From : Empire Super Store, United States",
9780470003701,Introduction to Organic Chemistry,"Brown, William H. @ BookFinder.com",Amazon.com,used,15.0,"2. Pages 704. Usually ships within 11 to 12 days. From : D. Wade, Bookseller, United States",
9780470003701,Introduction to Organic Chemistry,"Brown, William H. @ BookFinder.com",Amazon.com,used,3.0,"2. Pages 704. In Stock. From : Empire Super Store, United States",
9780470003701,Introduction to Organic Chemistry,"Brown, William H. @ BookFinder.com",Amazon.com,used,10.0,"2. Pages 704. Usually ships within 11 to 12 days. From : D. Wade, Bookseller, United States",
9780809228560,Bruce Lee,"Lee, Bruce @ BookFinder.com",Amazon.com,used,3.0,"First Edition. Pages 132. In Stock. From : World of Books (previously glenthebookseller), United States",
9780809228560,Bruce Lee,"Lee, Bruce @ BookFinder.com",Amazon.com,used,4.0,"First Edition. Pages 132. In stock Usually ships within 3 to 4 days. From : ThriftBooks-Phoenix, United States",
9780809228560,Bruce Lee,"Lee, Bruce @ BookFinder.com",Amazon.com,used,5.0,"First Edition. Pages 132. In stock Usually ships within 3 to 4 days. From : ThriftBooks-Baltimore, United States",
9780809228560,Bruce Lee,"Lee, Bruce @ BookFinder.com",Amazon.com,used,19.0,"First Edition. Pages 132. In Stock. From : Latitude39651, United States",
9780809228560,Bruce Lee,"Lee, Bruce @ BookFinder.com",Amazon.com,used,21.0,"First Edition. Pages 132. In Stock. From : LuminaryBooks, United States",
9780809228560,Bruce Lee,"Lee, Bruce @ BookFinder.com",Amazon.com,used,34.0,"First Edition. Pages 132. In Stock. From : Hollywood Canteen, Canada",
9780809228560,Bruce Lee,"Lee, Bruce @ BookFinder.com",Amazon.com,used,13.0,"First Edition. Pages 132. In Stock. From : LuminaryBooks, United States",
9780809228560,Bruce Lee,"Lee, Bruce @ BookFinder.com",Amazon.com,used,3.0,"First Edition. Pages 132. In Stock. From : World of Books (previously glenthebookseller), United States",
9780809228560,Bruce Lee,"Lee, Bruce @ BookFinder.com",Amazon.com,used,4.0,"First Edition. Pages 132. In stock Usually ships within 3 to 4 days. From : ThriftBooks-Phoenix, United States",
9780809228560,Bruce Lee,"Lee, Bruce @ BookFinder.com",Amazon.com,used,5.0,"First Edition. Pages 132. In stock Usually ships within 3 to 4 days. From : ThriftBooks-Baltimore, United States",
9780809228560,Bruce Lee,"Lee, Bruce @ BookFinder.com",Amazon.com,used,19.0,"First Edition. Pages 132. In Stock. From : Latitude39651, United States",
9780809228560,Bruce Lee,"Lee, Bruce @ BookFinder.com",Amazon.com,used,21.0,"First Edition. Pages 132. In Stock. From : LuminaryBooks, United States",
9780809228560,Bruce Lee,"Lee, Bruce @ BookFinder.com",Amazon.com,used,34.0,"First Edition. Pages 132. In Stock. From : Hollywood Canteen, Canada",
9780606379243,Captain Underpants And The Sensational Saga Of Sir Stinks-A-Lot,"Pilkey, Dav @ BookFinder.com",Amazon.com,used,1.0,"Reprint. Pages 208. In Stock. From : Medjina store, United States",
9780606379243,Captain Underpants And The Sensational Saga Of Sir Stinks-A-Lot,"Pilkey, Dav @ BookFinder.com",Amazon.com,used,2.0,"Reprint. Pages 208. In Stock. From : Salt Creek First Editions, United States",
9780606379243,Captain Underpants And The Sensational Saga Of Sir Stinks-A-Lot,"Pilkey, Dav @ BookFinder.com",Amazon.com,used,1.0,"Reprint. Pages 208. In Stock. From : Medjina store, United States",
9780606379243,Captain Underpants And The Sensational Saga Of Sir Stinks-A-Lot,"Pilkey, Dav @ BookFinder.com",Amazon.com,used,1.0,"Reprint. Pages 208. In Stock. From : Salt Creek First Editions, United States",
9781416502920,Of Fire and Night (Saga of Seven Suns (Paperback)),KEVIN J. ANDERSON @ BookFinder.com,Amazon.com,used,10.0,"New Ed Format: Import. Pages 720. In Stock. From : BetterWorldBooksUK, United Kingdom",
9781416502920,Of Fire and Night (Saga of Seven Suns (Paperback)),KEVIN J. ANDERSON @ BookFinder.com,Amazon.com,used,11.0,"New Ed Format: Import. Pages 720. In Stock. From : BetterWorldBooksUK, United Kingdom",
9781416502920,Of Fire and Night (Saga of Seven Suns (Paperback)),KEVIN J. ANDERSON @ BookFinder.com,Amazon.com,used,12.0,"New Ed Format: Import. Pages 720. In Stock. From : HPB-Ruby, United States",
9781416502920,Of Fire and Night (Saga of Seven Suns (Paperback)),KEVIN J. ANDERSON @ BookFinder.com,Amazon.com,used,13.0,"New Ed Format: Import. Pages 720. In Stock. From : BetterWorldBooksUK, United Kingdom",
9781416502920,Of Fire and Night (Saga of Seven Suns (Paperback)),KEVIN J. ANDERSON @ BookFinder.com,Amazon.com,used,15.0,"New Ed Format: Import. Pages 720. In Stock. From : WeBuyBooks-UK, United Kingdom",
9781416502920,Of Fire and Night (Saga of Seven Suns (Paperback)),KEVIN J. ANDERSON @ BookFinder.com,Amazon.com,used,32.0,"New Ed Format: Import. Pages 720. In Stock. From : greener_books_london, United Kingdom",
9781416502920,Of Fire and Night (Saga of Seven Suns (Paperback)),KEVIN J. ANDERSON @ BookFinder.com,Amazon.com,used,47.0,"New Ed Format: Import. Pages 720. In Stock. From : worldofbooksusa, United Kingdom",
9781416502920,Of Fire and Night (Saga of Seven Suns (Paperback)),KEVIN J. ANDERSON @ BookFinder.com,Amazon.com,used,10.0,"New Ed Format: Import. Pages 720. In Stock. From : GAMA BOOKSTORE, United States",
9781416502920,Of Fire and Night (Saga of Seven Suns (Paperback)),KEVIN J. ANDERSON @ BookFinder.com,Amazon.com,used,10.0,"New Ed Format: Import. Pages 720. In Stock. From : BetterWorldBooksUK, United Kingdom",
9781416502920,Of Fire and Night (Saga of Seven Suns (Paperback)),KEVIN J. ANDERSON @ BookFinder.com,Amazon.com,used,11.0,"New Ed Format: Import. Pages 720. In Stock. From : BetterWorldBooksUK, United Kingdom",
9781416502920,Of Fire and Night (Saga of Seven Suns (Paperback)),KEVIN J. ANDERSON @ BookFinder.com,Amazon.com,used,12.0,"New Ed Format: Import. Pages 720. In Stock. From : HPB-Ruby, United States",
9781416502920,Of Fire and Night (Saga of Seven Suns (Paperback)),KEVIN J. ANDERSON @ BookFinder.com,Amazon.com,used,13.0,"New Ed Format: Import. Pages 720. In Stock. From : BetterWorldBooksUK, United Kingdom",
9781416502920,Of Fire and Night (Saga of Seven Suns (Paperback)),KEVIN J. ANDERSON @ BookFinder.com,Amazon.com,used,14.0,"New Ed Format: Import. Pages 720. In Stock. From : WeBuyBooks-UK, United Kingdom",
9781416502920,Of Fire and Night (Saga of Seven Suns (Paperback)),KEVIN J. ANDERSON @ BookFinder.com,Amazon.com,used,29.0,"New Ed Format: Import. Pages 720. In Stock. From : greener_books_london, United Kingdom",
9781416502920,Of Fire and Night (Saga of Seven Suns (Paperback)),KEVIN J. ANDERSON @ BookFinder.com,Amazon.com,used,44.0,"New Ed Format: Import. Pages 720. In Stock. From : worldofbooksusa, United Kingdom",
9780367025816,Giving Preservation a History,@ BookFinder.com,Amazon.com,used,12.0,"2 Format: Illustrated. Pages 456. In Stock. Fulfillment by Amazon. From : Amazon.com, United States",
9780367025816,Giving Preservation a History,@ BookFinder.com,Amazon.com (Prime),used,13.0,"2 Format: Illustrated. Pages 456. In Stock. Fulfillment by Amazon. Amazon Prime. Not a Prime member? Try Amazon Prime 30-Day Free Trial which includes Prime Video, Prime Music and Prime Reading. From : Amazon.com (Prime), United States",
9780367025816,Giving Preservation a History,@ BookFinder.com,Amazon.com,used,31.0,"2 Format: Illustrated. Pages 456. Usually ships within 7 to 8 days. From : SuperBookDeals---, United States",
9780367025816,Giving Preservation a History,@ BookFinder.com,Amazon.com,used,32.0,"2 Format: Illustrated. Pages 456. Usually ships within 13 to 14 days. From : PBShop UK, United Kingdom",
9780367025816,Giving Preservation a History,@ BookFinder.com,Amazon.com,used,33.0,"2 Format: Illustrated. Pages 456. Usually ships within 11 to 12 days. From : Bahamut Media, United States",
9780367025816,Giving Preservation a History,@ BookFinder.com,Amazon.com,used,34.0,"2 Format: Illustrated. Pages 456. Usually ships within 7 to 8 days. From : SuperBookDeals---, United States",
9780367025816,Giving Preservation a History,@ BookFinder.com,Amazon.com,used,35.0,"2 Format: Illustrated. Pages 456. Usually ships within 2 to 3 weeks. From : tabletopart, United States",
9780367025816,Giving Preservation a History,@ BookFinder.com,Amazon.com,used,36.0,"2 Format: Illustrated. Pages 456. Usually ships within 2 to 3 weeks. From : tabletopart, United States",
9780367025816,Giving Preservation a History,@ BookFinder.com,Amazon.com,used,41.0,"2 Format: Illustrated. Pages 456. In Stock. From : betterdeals2019, United States",
9780367025816,Giving Preservation a History,@ BookFinder.com,Amazon.com,used,43.0,"2 Format: Illustrated. Pages 456. In stock Usually ships within 3 to 4 days. From : Cyprus City Sales, United States",
9780367025816,Giving Preservation a History,@ BookFinder.com,Amazon.com,used,46.0,"2 Format: Illustrated. Pages 456. Usually ships within 10 to 11 days. From : TheWorldShopUSA, Australia",
9780367025816,Giving Preservation a History,@ BookFinder.com,Amazon.com,used,6.0,"2 Format: Illustrated. Pages 456. In Stock. Fulfillment by Amazon. From : Amazon.com, United States",
9780367025816,Giving Preservation a History,@ BookFinder.com,Amazon.com (Prime),used,7.0,"2 Format: Illustrated. Pages 456. In Stock. Fulfillment by Amazon. Amazon Prime. Not a Prime member? Try Amazon Prime 30-Day Free Trial which includes Prime Video, Prime Music and Prime Reading. From : Amazon.com (Prime), United States",
9780367025816,Giving Preservation a History,@ BookFinder.com,Amazon.com,used,20.0,"2 Format: Illustrated. Pages 456. Usually ships within 7 to 8 days. From : SuperBookDeals---, United States",
9780367025816,Giving Preservation a History,@ BookFinder.com,Amazon.com,used,21.0,"2 Format: Illustrated. Pages 456. Usually ships within 13 to 14 days. From : PBShop UK, United Kingdom",
9780367025816,Giving Preservation a History,@ BookFinder.com,Amazon.com,used,22.0,"2 Format: Illustrated. Pages 456. Usually ships within 11 to 12 days. From : Bahamut Media, United States",
9780367025816,Giving Preservation a History,@ BookFinder.com,Amazon.com,used,23.0,"2 Format: Illustrated. Pages 456. Usually ships within 2 to 3 weeks. From : tabletopart, United States",
9780367025816,Giving Preservation a History,@ BookFinder.com,Amazon.com,used,27.0,"2 Format: Illustrated. Pages 456. In Stock. From : betterdeals2019, United States",
9780367025816,Giving Preservation a History,@ BookFinder.com,Amazon.com,used,28.0,"2 Format: Illustrated. Pages 456. In stock Usually ships within 3 to 4 days. From : Cyprus City Sales, United States",
9780367025816,Giving Preservation a History,@ BookFinder.com,Amazon.com,used,31.0,"2 Format: Illustrated. Pages 456. Usually ships within 10 to 11 days. From : TheWorldShopUSA, Australia",
9780367025816,Giving Preservation a History,@ BookFinder.com,Amazon.com,used,45.0,"2 Format: Illustrated. Pages 456. In stock Usually ships within 4 to 5 days. From : Booksmart Singapore, Singapore",
9780367025816,Giving Preservation a History,@ BookFinder.com,Amazon.com,used,6.0,"2 Format: Illustrated. Pages 456. Usually ships within 7 to 8 days. From : SuperBookDeals---, United States",
9780367025816,Giving Preservation a History,@ BookFinder.com,Amazon.com,used,7.0,"2 Format: Illustrated. Pages 456. Usually ships within 2 to 3 weeks. From : tabletopart, United States",
9780061450549,The Summoning,"Armstrong, Kelley @ BookFinder.com",Amazon.com,used,40.0,"Reprint. Pages 416. In Stock. From : Goodwill Minnesota, United States",
9780061450549,The Summoning,"Armstrong, Kelley @ BookFinder.com",Amazon.com,used,42.0,"Reprint. Pages 416. In Stock. From : more-than-words, United States",
9780061450549,The Summoning,"Armstrong, Kelley @ BookFinder.com",Amazon.com,used,43.0,"Reprint. Pages 416. In Stock. From : more-than-words, United States",
9780061450549,The Summoning,"Armstrong, Kelley @ BookFinder.com",Amazon.com,used,50.0,"Reprint. Pages 416. In Stock. From : onceuponatimebooks, United States",
9780061450549,The Summoning,"Armstrong, Kelley @ BookFinder.com",Amazon.com (Prime),used,1.0,"Reprint. Pages 416. In Stock. Fulfillment by Amazon. Amazon Prime. Not a Prime member? Try Amazon Prime 30-Day Free Trial which includes Prime Video, Prime Music and Prime Reading. From : Amazon.com (Prime), United States",
9780061450549,The Summoning,"Armstrong, Kelley @ BookFinder.com",Amazon.com,used,2.0,"Reprint. Pages 416. In Stock. Fulfillment by Amazon. From : Amazon.com, United States",
9780061450549,The Summoning,"Armstrong, Kelley @ BookFinder.com",Amazon.com,used,3.0,"Reprint. Pages 416. In Stock. Fulfillment by Amazon. From : Ucarstore, United States",
9780061450549,The Summoning,"Armstrong, Kelley @ BookFinder.com",Amazon.com (Prime),used,4.0,"Reprint. Pages 416. In Stock. Fulfillment by Amazon. Amazon Prime. Not a Prime member? Try Amazon Prime 30-Day Free Trial which includes Prime Video, Prime Music and Prime Reading. From : Ucarstore, United States",
9780061450549,The Summoning,"Armstrong, Kelley @ BookFinder.com",Amazon.com,used,6.0,"Reprint. Pages 416. Fulfillment by Amazon. From : Marty Marketplace, United States",
9780061450549,The Summoning,"Armstrong, Kelley @ BookFinder.com",Amazon.com (Prime),used,7.0,"Reprint. Pages 416. Fulfillment by Amazon. Amazon Prime. Not a Prime member? Try Amazon Prime 30-Day Free Trial which includes Prime Video, Prime Music and Prime Reading. From : Marty Marketplace, United States",
9780061450549,The Summoning,"Armstrong, Kelley @ BookFinder.com",Amazon.com,used,8.0,"Reprint. Pages 416. In Stock. Fulfillment by Amazon. From : bookgardens, United States",
9780061450549,The Summoning,"Armstrong, Kelley @ BookFinder.com",Amazon.com (Prime),used,9.0,"Reprint. Pages 416. In Stock. Fulfillment by Amazon. Amazon Prime. Not a Prime member? Try Amazon Prime 30-Day Free Trial which includes Prime Video, Prime Music and Prime Reading. From : bookgardens, United States",
9780061450549,The Summoning,"Armstrong, Kelley @ BookFinder.com",Amazon.com,used,10.0,"Reprint. Pages 416. In Stock. Fulfillment by Amazon. From : Main Valley, United States",
9780061450549,The Summoning,"Armstrong, Kelley @ BookFinder.com",Amazon.com (Prime),used,11.0,"Reprint. Pages 416. In Stock. Fulfillment by Amazon. Amazon Prime. Not a Prime member? Try Amazon Prime 30-Day Free Trial which includes Prime Video, Prime Music and Prime Reading. From : Main Valley, United States",
9780061450549,The Summoning,"Armstrong, Kelley @ BookFinder.com",Amazon.com,used,13.0,"Reprint. Pages 416. In Stock. From : Riley-Destiny Eclectics :), United States",
9780061450549,The Summoning,"Armstrong, Kelley @ BookFinder.com",Amazon.com,used,21.0,"Reprint. Pages 416. In Stock. From : betterdeals2019, United States",
9780061450549,The Summoning,"Armstrong, Kelley @ BookFinder.com",Amazon.com,used,25.0,"Reprint. Pages 416. In Stock. Fulfillment by Amazon. From : NEVER STOP WORKING, United States",
9780061450549,The Summoning,"Armstrong, Kelley @ BookFinder.com",Amazon.com (Prime),used,26.0,"Reprint. Pages 416. In Stock. Fulfillment by Amazon. Amazon Prime. Not a Prime member? Try Amazon Prime 30-Day Free Trial which includes Prime Video, Prime Music and Prime Reading. From : NEVER STOP WORKING, United States",
9780061450549,The Summoning,"Armstrong, Kelley @ BookFinder.com",Amazon.com,used,31.0,"Reprint. Pages 416. In Stock. From : ship_option_#1, United Kingdom",
9780061450549,The Summoning,"Armstrong, Kelley @ BookFinder.com",Amazon.com,used,40.0,"Reprint. Pages 416. In Stock. From : Goodwill Minnesota, United States",
9780061450549,The Summoning,"Armstrong, Kelley @ BookFinder.com",Amazon.com,used,42.0,"Reprint. Pages 416. In Stock. From : more-than-words, United States",
9780061450549,The Summoning,"Armstrong, Kelley @ BookFinder.com",Amazon.com,used,43.0,"Reprint. Pages 416. In Stock. From : more-than-words, United States",
9780061450549,The Summoning,"Armstrong, Kelley @ BookFinder.com",Amazon.com,used,50.0,"Reprint. Pages 416. In Stock. From : onceuponatimebooks, United States",
9780743257282,Night-Time Is My Time,Mary Higgins Clark @ BookFinder.com,Amazon.com,used,6.0,"First Edition. Pages 384. In stock Usually ships within 3 to 4 days. From : ThriftBooks-Baltimore, United States",
9780743257282,Night-Time Is My Time,Mary Higgins Clark @ BookFinder.com,Amazon.com,used,7.0,"First Edition. Pages 384. In stock Usually ships within 3 to 4 days. From : ThriftBooks-Phoenix, United States",
9780743257282,Night-Time Is My Time,Mary Higgins Clark @ BookFinder.com,Amazon.com,used,14.0,"First Edition. Pages 384. In Stock. From : Reuseaworld, United Kingdom",
9780743257282,Night-Time Is My Time,Mary Higgins Clark @ BookFinder.com,Amazon.com,used,15.0,"First Edition. Pages 384. In Stock. From : Reuseaworld, United Kingdom",
9780743257282,Night-Time Is My Time,Mary Higgins Clark @ BookFinder.com,Amazon.com,used,17.0,"First Edition. Pages 384. In Stock. From : HPB-Emerald, United States",
9780743257282,Night-Time Is My Time,Mary Higgins Clark @ BookFinder.com,Amazon.com,used,19.0,"First Edition. Pages 384. In stock Usually ships within 2 to 3 days. From : awesomebooksusa, United States",
9780743257282,Night-Time Is My Time,Mary Higgins Clark @ BookFinder.com,Amazon.com,used,20.0,"First Edition. Pages 384. In stock Usually ships within 2 to 3 days. From : Bahamut Media, United States",
9780743257282,Night-Time Is My Time,Mary Higgins Clark @ BookFinder.com,Amazon.com,used,37.0,"First Edition. Pages 384. In Stock. From : Better World Books: South, United States",
9780743257282,Night-Time Is My Time,Mary Higgins Clark @ BookFinder.com,Amazon.com,used,38.0,"First Edition. Pages 384. In Stock. From : worldofbooksusa, United Kingdom",
9780743257282,Night-Time Is My Time,Mary Higgins Clark @ BookFinder.com,Amazon.com,used,40.0,"First Edition. Pages 384. In Stock. From : BetterWorldBooksUK, United Kingdom",
9780743257282,Night-Time Is My Time,Mary Higgins Clark @ BookFinder.com,Amazon.com,used,6.0,"First Edition. Pages 384. In stock Usually ships within 3 to 4 days. From : ThriftBooks-Baltimore, United States",
9780743257282,Night-Time Is My Time,Mary Higgins Clark @ BookFinder.com,Amazon.com,used,7.0,"First Edition. Pages 384. In stock Usually ships within 3 to 4 days. From : ThriftBooks-Phoenix, United States",
9780743257282,Night-Time Is My Time,Mary Higgins Clark @ BookFinder.com,Amazon.com,used,14.0,"First Edition. Pages 384. In Stock. From : Reuseaworld, United Kingdom",
9780743257282,Night-Time Is My Time,Mary Higgins Clark @ BookFinder.com,Amazon.com,used,15.0,"First Edition. Pages 384. In Stock. From : Reuseaworld, United Kingdom",
9780743257282,Night-Time Is My Time,Mary Higgins Clark @ BookFinder.com,Amazon.com,used,17.0,"First Edition. Pages 384. In Stock. From : HPB-Emerald, United States",
9780743257282,Night-Time Is My Time,Mary Higgins Clark @ BookFinder.com,Amazon.com,used,19.0,"First Edition. Pages 384. In stock Usually ships within 2 to 3 days. From : awesomebooksusa, United States",
9780743257282,Night-Time Is My Time,Mary Higgins Clark @ BookFinder.com,Amazon.com,used,20.0,"First Edition. Pages 384. In stock Usually ships within 2 to 3 days. From : Bahamut Media, United States",
9780743257282,Night-Time Is My Time,Mary Higgins Clark @ BookFinder.com,Amazon.com,used,37.0,"First Edition. Pages 384. In Stock. From : Better World Books: South, United States",
9780743257282,Night-Time Is My Time,Mary Higgins Clark @ BookFinder.com,Amazon.com,used,38.0,"First Edition. Pages 384. In Stock. From : worldofbooksusa, United Kingdom",
9780743257282,Night-Time Is My Time,Mary Higgins Clark @ BookFinder.com,Amazon.com,used,40.0,"First Edition. Pages 384. In Stock. From : BetterWorldBooksUK, United Kingdom",
9780938434191,Images of the Self: Sand Play Therapy Process,Estelle L. Weinrib @ BookFinder.com,Amazon.com,used,1.0,"New Ed Format: Import. Pages 172. In Stock. From : HPB-Red, United States",
9780938434191,Images of the Self: Sand Play Therapy Process,Estelle L. Weinrib @ BookFinder.com,Amazon.com,used,1.0,"New Ed Format: Import. Pages 172. In Stock. From : HPB-Red, United States",
9783596298419,FISCHER Taschenbuch The Man in The High Castle/Das Orakel vom Berge,"Dick, Philip K. @ BookFinder.com",Amazon.com,used,3.0,"1 Format: Kindle eBook. Pages 273. Available for download now. From : Amazon.com, United States",
9783596298419,FISCHER Taschenbuch The Man in The High Castle/Das Orakel vom Berge,"Dick, Philip K. @ BookFinder.com",Amazon.com,used,2.0,"1 Format: Kindle eBook. Pages 273. Available for download now. From : Amazon.com, United States",
9780806967912,"Workshop Formulas, Tips and Data",@ BookFinder.com,Amazon.com,used,9.0,"Subsequent. Pages 340. In Stock. From : BooksRun, United States",
9780806967912,"Workshop Formulas, Tips and Data",@ BookFinder.com,Amazon.com,used,17.0,"Subsequent. Pages 340. In stock Usually ships within 3 to 4 days. From : ThriftBooks-Dallas, United States",
9780806967912,"Workshop Formulas, Tips and Data",@ BookFinder.com,Amazon.com,used,21.0,"Subsequent. Pages 340. In Stock. Fulfillment by Amazon. From : -OnTimeBooks-, United States",
9780806967912,"Workshop Formulas, Tips and Data",@ BookFinder.com,Amazon.com (Prime),used,22.0,"Subsequent. Pages 340. In Stock. Fulfillment by Amazon. Amazon Prime. Not a Prime member? Try Amazon Prime 30-Day Free Trial which includes Prime Video, Prime Music and Prime Reading. From : -OnTimeBooks-, United States",
9780806967912,"Workshop Formulas, Tips and Data",@ BookFinder.com,Amazon.com,used,25.0,"Subsequent. Pages 340. In Stock. From : Every Little Thing Resale, United States",
9780806967912,"Workshop Formulas, Tips and Data",@ BookFinder.com,Amazon.com,used,26.0,"Subsequent. Pages 340. In Stock. From : Half Price Books Inc, United States",
9780806967912,"Workshop Formulas, Tips and Data",@ BookFinder.com,Amazon.com,used,30.0,"Subsequent. Pages 340. In stock Usually ships within 2 to 3 days. From : awesomebooksusa, United States",
9780806967912,"Workshop Formulas, Tips and Data",@ BookFinder.com,Amazon.com,used,31.0,"Subsequent. Pages 340. In stock Usually ships within 2 to 3 days. From : Bahamut Media, United States",
9780806967912,"Workshop Formulas, Tips and Data",@ BookFinder.com,Amazon.com,used,35.0,"Subsequent. Pages 340. In Stock. From : oldie_stuff, United States",
9780806967912,"Workshop Formulas, Tips and Data",@ BookFinder.com,Amazon.com,used,36.0,"Subsequent. Pages 340. In Stock. From : Better World Books: East, United States",
9780806967912,"Workshop Formulas, Tips and Data",@ BookFinder.com,Amazon.com,used,37.0,"Subsequent. Pages 340. In Stock. From : Better World Books: East, United States",
9780806967912,"Workshop Formulas, Tips and Data",@ BookFinder.com,Amazon.com,used,9.0,"Subsequent. Pages 340. In Stock. From : BooksRun, United States",
9780806967912,"Workshop Formulas, Tips and Data",@ BookFinder.com,Amazon.com,used,17.0,"Subsequent. Pages 340. In stock Usually ships within 3 to 4 days. From : ThriftBooks-Dallas, United States",
9780806967912,"Workshop Formulas, Tips and Data",@ BookFinder.com,Amazon.com,used,21.0,"Subsequent. Pages 340. In Stock. Fulfillment by Amazon. From : -OnTimeBooks-, United States",
9780806967912,"Workshop Formulas, Tips and Data",@ BookFinder.com,Amazon.com (Prime),used,22.0,"Subsequent. Pages 340. In Stock. Fulfillment by Amazon. Amazon Prime. Not a Prime member? Try Amazon Prime 30-Day Free Trial which includes Prime Video, Prime Music and Prime Reading. From : -OnTimeBooks-, United States",
9780806967912,"Workshop Formulas, Tips and Data",@ BookFinder.com,Amazon.com,used,25.0,"Subsequent. Pages 340. In Stock. From : Every Little Thing Resale, United States",
9780806967912,"Workshop Formulas, Tips and Data",@ BookFinder.com,Amazon.com,used,26.0,"Subsequent. Pages 340. In Stock. From : Half Price Books Inc, United States",
9780806967912,"Workshop Formulas, Tips and Data",@ BookFinder.com,Amazon.com,used,30.0,"Subsequent. Pages 340. In stock Usually ships within 2 to 3 days. From : awesomebooksusa, United States",
9780806967912,"Workshop Formulas, Tips and Data",@ BookFinder.com,Amazon.com,used,31.0,"Subsequent. Pages 340. In stock Usually ships within 2 to 3 days. From : Bahamut Media, United States",
9780806967912,"Workshop Formulas, Tips and Data",@ BookFinder.com,Amazon.com,used,35.0,"Subsequent. Pages 340. In Stock. From : oldie_stuff, United States",
9780806967912,"Workshop Formulas, Tips and Data",@ BookFinder.com,Amazon.com,used,36.0,"Subsequent. Pages 340. In Stock. From : Better World Books: East, United States",
9780806967912,"Workshop Formulas, Tips and Data",@ BookFinder.com,Amazon.com,used,37.0,"Subsequent. Pages 340. In Stock. From : Better World Books: East, United States",
9780316001632,A Wedding in December: A Novel,"Shreve, Anita @ BookFinder.com",Amazon.com,used,12.0,"Reprint. Pages 416. In Stock. From : OEB Books, United States",
9780316001632,A Wedding in December: A Novel,"Shreve, Anita @ BookFinder.com",Amazon.com,used,15.0,"Reprint. Pages 416. In Stock. From : World of Books (previously glenthebookseller), United States",
9780316001632,A Wedding in December: A Novel,"Shreve, Anita @ BookFinder.com",Amazon.com,used,16.0,"Reprint. Pages 416. In Stock. From : World of Books (previously glenthebookseller), United States",
9780316001632,A Wedding in December: A Novel,"Shreve, Anita @ BookFinder.com",Amazon.com,used,17.0,"Reprint. Pages 416. In Stock. From : World of Books (previously glenthebookseller), United States",
9780316001632,A Wedding in December: A Novel,"Shreve, Anita @ BookFinder.com",Amazon.com,used,19.0,"Reprint. Pages 416. In Stock. From : onceuponatimebooks, United States",
9780316001632,A Wedding in December: A Novel,"Shreve, Anita @ BookFinder.com",Amazon.com,used,21.0,"Reprint. Pages 416. In Stock. From : BooksRun, United States",
9780316001632,A Wedding in December: A Novel,"Shreve, Anita @ BookFinder.com",Amazon.com,used,39.0,"Reprint. Pages 416. In Stock. From : textbooks_source, United States",
9780316001632,A Wedding in December: A Novel,"Shreve, Anita @ BookFinder.com",Amazon.com,used,47.0,"Reprint. Pages 416. In Stock. From : Bookshelf 2000, United States",
9780316001632,A Wedding in December: A Novel,"Shreve, Anita @ BookFinder.com",Amazon.com,used,12.0,"Reprint. Pages 416. In Stock. From : OEB Books, United States",
9780316001632,A Wedding in December: A Novel,"Shreve, Anita @ BookFinder.com",Amazon.com,used,15.0,"Reprint. Pages 416. In Stock. From : World of Books (previously glenthebookseller), United States",
9780316001632,A Wedding in December: A Novel,"Shreve, Anita @ BookFinder.com",Amazon.com,used,16.0,"Reprint. Pages 416. In Stock. From : World of Books (previously glenthebookseller), United States",
9780316001632,A Wedding in December: A Novel,"Shreve, Anita @ BookFinder.com",Amazon.com,used,17.0,"Reprint. Pages 416. In Stock. From : World of Books (previously glenthebookseller), United States",
9780316001632,A Wedding in December: A Novel,"Shreve, Anita @ BookFinder.com",Amazon.com,used,19.0,"Reprint. Pages 416. In Stock. From : onceuponatimebooks, United States",
9780316001632,A Wedding in December: A Novel,"Shreve, Anita @ BookFinder.com",Amazon.com,used,21.0,"Reprint. Pages 416. In Stock. From : BooksRun, United States",
9780316001632,A Wedding in December: A Novel,"Shreve, Anita @ BookFinder.com",Amazon.com,used,39.0,"Reprint. Pages 416. In Stock. From : textbooks_source, United States",
9780316001632,A Wedding in December: A Novel,"Shreve, Anita @ BookFinder.com",Amazon.com,used,47.0,"Reprint. Pages 416. In Stock. From : Bookshelf 2000, United States",
9780312179403,Tell Me Lies,"Crusie, Jennifer @ BookFinder.com",Amazon.com,used,20.0,"First Edition. Pages 322. In Stock. From : Gulf Coast Books LLC, United States",
9780312179403,Tell Me Lies,"Crusie, Jennifer @ BookFinder.com",Amazon.com,used,21.0,"First Edition. Pages 322. In stock Usually ships within 2 to 3 days. From : RNA TRADE LLC, United States",
9780312179403,Tell Me Lies,"Crusie, Jennifer @ BookFinder.com",Amazon.com,used,22.0,"First Edition. Pages 322. In stock Usually ships within 3 to 4 days. From : ThriftBooks-Phoenix, United States",
9780312179403,Tell Me Lies,"Crusie, Jennifer @ BookFinder.com",Amazon.com,used,23.0,"First Edition. Pages 322. In stock Usually ships within 3 to 4 days. From : ThriftBooks-Seattle, United States",
9780312179403,Tell Me Lies,"Crusie, Jennifer @ BookFinder.com",Amazon.com,used,24.0,"First Edition. Pages 322. In stock Usually ships within 3 to 4 days. From : ThriftBooks-Dallas, United States",
9780312179403,Tell Me Lies,"Crusie, Jennifer @ BookFinder.com",Amazon.com,used,37.0,"First Edition. Pages 322. In Stock. Fulfillment by Amazon. From : Peak City Store, United States",
9780312179403,Tell Me Lies,"Crusie, Jennifer @ BookFinder.com",Amazon.com (Prime),used,38.0,"First Edition. Pages 322. In Stock. Fulfillment by Amazon. Amazon Prime. Not a Prime member? Try Amazon Prime 30-Day Free Trial which includes Prime Video, Prime Music and Prime Reading. From : Peak City Store, United States",
9780312179403,Tell Me Lies,"Crusie, Jennifer @ BookFinder.com",Amazon.com,used,42.0,"First Edition. Pages 322. In Stock. From : Half Price Books Inc, United States",
9780312179403,Tell Me Lies,"Crusie, Jennifer @ BookFinder.com",Amazon.com,used,4.0,"First Edition. Pages 322. In Stock. Fulfillment by Amazon. From : MAYA BOOK STORE, United States",
9780312179403,Tell Me Lies,"Crusie, Jennifer @ BookFinder.com",Amazon.com (Prime),used,5.0,"First Edition. Pages 322. In Stock. Fulfillment by Amazon. Amazon Prime. Not a Prime member? Try Amazon Prime 30-Day Free Trial which includes Prime Video, Prime Music and Prime Reading. From : MAYA BOOK STORE, United States",
9780312179403,Tell Me Lies,"Crusie, Jennifer @ BookFinder.com",Amazon.com,used,6.0,"First Edition. Pages 322. In Stock. Fulfillment by Amazon. From : Shakespeare Book House, United States",
9780312179403,Tell Me Lies,"Crusie, Jennifer @ BookFinder.com",Amazon.com (Prime),used,7.0,"First Edition. Pages 322. In Stock. Fulfillment by Amazon. Amazon Prime. Not a Prime member? Try Amazon Prime 30-Day Free Trial which includes Prime Video, Prime Music and Prime Reading. From : Shakespeare Book House, United States",
9780312179403,Tell Me Lies,"Crusie, Jennifer @ BookFinder.com",Amazon.com,used,8.0,"First Edition. Pages 322. In Stock. From : PLUTO FINDS, United States",
9780312179403,Tell Me Lies,"Crusie, Jennifer @ BookFinder.com",Amazon.com,used,9.0,"First Edition. Pages 322. In Stock. From : PLUTO FINDS, United States",
9780312179403,Tell Me Lies,"Crusie, Jennifer @ BookFinder.com",Amazon.com,used,22.0,"First Edition. Pages 322. Fulfillment by Amazon. From : BookFast, United States",
9780312179403,Tell Me Lies,"Crusie, Jennifer @ BookFinder.com",Amazon.com (Prime),used,23.0,"First Edition. Pages 322. Fulfillment by Amazon. Amazon Prime. Not a Prime member? Try Amazon Prime 30-Day Free Trial which includes Prime Video, Prime Music and Prime Reading. From : BookFast, United States",
9780312179403,Tell Me Lies,"Crusie, Jennifer @ BookFinder.com",Amazon.com,used,24.0,"First Edition. Pages 322. In Stock. From : GF Books, Inc., United States",
9780312179403,Tell Me Lies,"Crusie, Jennifer @ BookFinder.com",Amazon.com,used,20.0,"First Edition. Pages 322. In Stock. From : Gulf Coast Books LLC, United States",
9780312179403,Tell Me Lies,"Crusie, Jennifer @ BookFinder.com",Amazon.com,used,21.0,"First Edition. Pages 322. In stock Usually ships within 2 to 3 days. From : RNA TRADE LLC, United States",
9780312179403,Tell Me Lies,"Crusie, Jennifer @ BookFinder.com",Amazon.com,used,22.0,"First Edition. Pages 322. In stock Usually ships within 3 to 4 days. From : ThriftBooks-Phoenix, United States",
9780312179403,Tell Me Lies,"Crusie, Jennifer @ BookFinder.com",Amazon.com,used,23.0,"First Edition. Pages 322. In stock Usually ships within 3 to 4 days. From : ThriftBooks-Seattle, United States",
9780312179403,Tell Me Lies,"Crusie, Jennifer @ BookFinder.com",Amazon.com,used,24.0,"First Edition. Pages 322. In stock Usually ships within 3 to 4 days. From : ThriftBooks-Dallas, United States",
9780312179403,Tell Me Lies,"Crusie, Jennifer @ BookFinder.com",Amazon.com,used,37.0,"First Edition. Pages 322. In Stock. Fulfillment by Amazon. From : Peak City Store, United States",
9780312179403,Tell Me Lies,"Crusie, Jennifer @ BookFinder.com",Amazon.com (Prime),used,38.0,"First Edition. Pages 322. In Stock. Fulfillment by Amazon. Amazon Prime. Not a Prime member? Try Amazon Prime 30-Day Free Trial which includes Prime Video, Prime Music and Prime Reading. From : Peak City Store, United States",
9780312179403,Tell Me Lies,"Crusie, Jennifer @ BookFinder.com",Amazon.com,used,42.0,"First Edition. Pages 322. In Stock. From : Half Price Books Inc, United States",
9780312179403,Tell Me Lies,"Crusie, Jennifer @ BookFinder.com",Amazon.com,used,50.0,"First Edition. Pages 322. In Stock. From : HPB-Ruby, United States",
9782855871295,Alechinsky (Repères) (French Edition),"Alechinsky, Pierre @ BookFinder.com",Amazon.com,used,3.0,"First Edition. Pages 31. In Stock. From : triumvirate_books, United States",
9782855871295,Alechinsky (Repères) (French Edition),"Alechinsky, Pierre @ BookFinder.com",Amazon.com,used,4.0,"First Edition. Pages 31. In Stock. From : little goods shop, United States",
9782855871295,Alechinsky (Repères) (French Edition),"Alechinsky, Pierre @ BookFinder.com",Amazon.com,used,1.0,"First Edition. Pages 31. In Stock. From : triumvirate_books, United States",
9782855871295,Alechinsky (Repères) (French Edition),"Alechinsky, Pierre @ BookFinder.com",Amazon.com,used,3.0,"First Edition. Pages 31. In Stock. From : little goods shop, United States",
9780312019914,Anatomy of Film,Bernard F. Dick @ BookFinder.com,Amazon.com,used,7.0,"Second Edition. Pages 273. In stock Usually ships within 2 to 3 days. From : Goodwill of Colorado, United States",
9780312019914,Anatomy of Film,Bernard F. Dick @ BookFinder.com,Amazon.com,used,9.0,"Second Edition. Pages 273. In Stock. From : WonderBook, United States",
9780312019914,Anatomy of Film,Bernard F. Dick @ BookFinder.com,Amazon.com,used,10.0,"Second Edition. Pages 273. In Stock. From : ginnybug, United States",
9780312019914,Anatomy of Film,Bernard F. Dick @ BookFinder.com,Amazon.com,used,15.0,"Second Edition. Pages 273. In Stock. From : Happy Wanderers, United States",
9780312019914,Anatomy of Film,Bernard F. Dick @ BookFinder.com,Amazon.com,used,17.0,"Second Edition. Pages 273. In Stock. From : HPB-Diamond, United States",
9780312019914,Anatomy of Film,Bernard F. Dick @ BookFinder.com,Amazon.com,used,21.0,"Second Edition. Pages 273. In Stock. From : aebar25, United States",
9780312019914,Anatomy of Film,Bernard F. Dick @ BookFinder.com,Amazon.com,used,22.0,"Second Edition. Pages 273. In Stock. From : cheryl sokolow, United States",
9780312019914,Anatomy of Film,Bernard F. Dick @ BookFinder.com,Amazon.com,used,23.0,"Second Edition. Pages 273. In stock Usually ships within 2 to 3 days. From : arcanabooksusa, United States",
9780312019914,Anatomy of Film,Bernard F. Dick @ BookFinder.com,Amazon.com,used,25.0,"Second Edition. Pages 273. In Stock. From : HPB-Emerald, United States",
9780312019914,Anatomy of Film,Bernard F. Dick @ BookFinder.com,Amazon.com,used,28.0,"Second Edition. Pages 273. In Stock. From : BottomLineDeals, United States",
9780312019914,Anatomy of Film,Bernard F. Dick @ BookFinder.com,Amazon.com,used,7.0,"Second Edition. Pages 273. In stock Usually ships within 2 to 3 days. From : Goodwill of Colorado, United States",
9780312019914,Anatomy of Film,Bernard F. Dick @ BookFinder.com,Amazon.com,used,9.0,"Second Edition. Pages 273. In Stock. From : WonderBook, United States",
9780312019914,Anatomy of Film,Bernard F. Dick @ BookFinder.com,Amazon.com,used,10.0,"Second Edition. Pages 273. In Stock. From : ginnybug, United States",
9780312019914,Anatomy of Film,Bernard F. Dick @ BookFinder.com,Amazon.com,used,15.0,"Second Edition. Pages 273. In Stock. From : Happy Wanderers, United States",
9780312019914,Anatomy of Film,Bernard F. Dick @ BookFinder.com,Amazon.com,used,17.0,"Second Edition. Pages 273. In Stock. From : HPB-Diamond, United States",
9780312019914,Anatomy of Film,Bernard F. Dick @ BookFinder.com,Amazon.com,used,21.0,"Second Edition. Pages 273. In Stock. From : aebar25, United States",
9780312019914,Anatomy of Film,Bernard F. Dick @ BookFinder.com,Amazon.com,used,22.0,"Second Edition. Pages 273. In Stock. From : cheryl sokolow, United States",
9780312019914,Anatomy of Film,Bernard F. Dick @ BookFinder.com,Amazon.com,used,23.0,"Second Edition. Pages 273. In stock Usually ships within 2 to 3 days. From : arcanabooksusa, United States",
9780312019914,Anatomy of Film,Bernard F. Dick @ BookFinder.com,Amazon.com,used,25.0,"Second Edition. Pages 273. In Stock. From : HPB-Emerald, United States",
9780312019914,Anatomy of Film,Bernard F. Dick @ BookFinder.com,Amazon.com,used,28.0,"Second Edition. Pages 273. In Stock. From : BottomLineDeals, United States",
9780375423727,"The Information: A History, a Theory, a Flood","Gleick, James @ BookFinder.com",Amazon.com,used,12.0,"First Edition, First Printing Format: Deckle Edge. Pages 544. In Stock. From : Goodwill Minnesota, United States",
9780375423727,"The Information: A History, a Theory, a Flood","Gleick, James @ BookFinder.com",Amazon.com,used,16.0,"First Edition, First Printing Format: Deckle Edge. Pages 544. In stock Usually ships within 3 to 4 days. From : ThriftBooks-Seattle, United States",
9780375423727,"The Information: A History, a Theory, a Flood","Gleick, James @ BookFinder.com",Amazon.com,used,17.0,"First Edition, First Printing Format: Deckle Edge. Pages 544. In stock Usually ships within 3 to 4 days. From : ThriftBooks-Atlanta, United States",
9780375423727,"The Information: A History, a Theory, a Flood","Gleick, James @ BookFinder.com",Amazon.com,used,18.0,"First Edition, First Printing Format: Deckle Edge. Pages 544. In stock Usually ships within 3 to 4 days. From : ThriftBooks-Chicago, United States",
9780375423727,"The Information: A History, a Theory, a Flood","Gleick, James @ BookFinder.com",Amazon.com,used,19.0,"First Edition, First Printing Format: Deckle Edge. Pages 544. In stock Usually ships within 3 to 4 days. From : ThriftBooks-Dallas, United States",
9780375423727,"The Information: A History, a Theory, a Flood","Gleick, James @ BookFinder.com",Amazon.com,used,20.0,"First Edition, First Printing Format: Deckle Edge. Pages 544. In stock Usually ships within 3 to 4 days. From : ThriftBooks-Dallas, United States",
9780375423727,"The Information: A History, a Theory, a Flood","Gleick, James @ BookFinder.com",Amazon.com,used,21.0,"First Edition, First Printing Format: Deckle Edge. Pages 544. In stock Usually ships within 3 to 4 days. From : ThriftBooks-Baltimore, United States",
9780375423727,"The Information: A History, a Theory, a Flood","Gleick, James @ BookFinder.com",Amazon.com,used,22.0,"First Edition, First Printing Format: Deckle Edge. Pages 544. In stock Usually ships within 3 to 4 days. From : ThriftBooks-Baltimore, United States",
9780375423727,"The Information: A History, a Theory, a Flood","Gleick, James @ BookFinder.com",Amazon.com,used,23.0,"First Edition, First Printing Format: Deckle Edge. Pages 544. In stock Usually ships within 3 to 4 days. From : ThriftBooks-Phoenix, United States",
9780375423727,"The Information: A History, a Theory, a Flood","Gleick, James @ BookFinder.com",Amazon.com,used,24.0,"First Edition, First Printing Format: Deckle Edge. Pages 544. In stock Usually ships within 3 to 4 days. From : ThriftBooks-Atlanta, United States",
9780375423727,"The Information: A History, a Theory, a Flood","Gleick, James @ BookFinder.com",Amazon.com,used,3.0,"First Edition, First Printing Format: Deckle Edge. Pages 544. In Stock. From : Chestnut Hill Books, United States",
9780375423727,"The Information: A History, a Theory, a Flood","Gleick, James @ BookFinder.com",Amazon.com,used,4.0,"First Edition, First Printing Format: Deckle Edge. Pages 544. In Stock. From : Dayenu Books, United States",
9780375423727,"The Information: A History, a Theory, a Flood","Gleick, James @ BookFinder.com",Amazon.com,used,5.0,"First Edition, First Printing Format: Deckle Edge. Pages 544. In Stock. From : nohatfield, United States",
9780375423727,"The Information: A History, a Theory, a Flood","Gleick, James @ BookFinder.com",Amazon.com,used,6.0,"First Edition, First Printing Format: Deckle Edge. Pages 544. Fulfillment by Amazon. From : QUARTZ TRADING, United States",
9780375423727,"The Information: A History, a Theory, a Flood","Gleick, James @ BookFinder.com",Amazon.com (Prime),used,7.0,"First Edition, First Printing Format: Deckle Edge. Pages 544. Fulfillment by Amazon. Amazon Prime. Not a Prime member? Try Amazon Prime 30-Day Free Trial which includes Prime Video, Prime Music and Prime Reading. From : QUARTZ TRADING, United States",
9780375423727,"The Information: A History, a Theory, a Flood","Gleick, James @ BookFinder.com",Amazon.com,used,8.0,"First Edition, First Printing Format: Deckle Edge. Pages 544. Fulfillment by Amazon. From : LotusLibrary, United States",
9780375423727,"The Information: A History, a Theory, a Flood","Gleick, James @ BookFinder.com",Amazon.com (Prime),used,9.0,"First Edition, First Printing Format: Deckle Edge. Pages 544. Fulfillment by Amazon. Amazon Prime. Not a Prime member? Try Amazon Prime 30-Day Free Trial which includes Prime Video, Prime Music and Prime Reading. From : LotusLibrary, United States",
9780375423727,"The Information: A History, a Theory, a Flood","Gleick, James @ BookFinder.com",Amazon.com,used,10.0,"First Edition, First Printing Format: Deckle Edge. Pages 544. In Stock. Fulfillment by Amazon. From : Tabmira, United States",
9780375423727,"The Information: A History, a Theory, a Flood","Gleick, James @ BookFinder.com",Amazon.com (Prime),used,11.0,"First Edition, First Printing Format: Deckle Edge. Pages 544. In Stock. Fulfillment by Amazon. Amazon Prime. Not a Prime member? Try Amazon Prime 30-Day Free Trial which includes Prime Video, Prime Music and Prime Reading. From : Tabmira, United States",
9780375423727,"The Information: A History, a Theory, a Flood","Gleick, James @ BookFinder.com",Amazon.com,used,12.0,"First Edition, First Printing Format: Deckle Edge. Pages 544. Fulfillment by Amazon. From : MCHUNTER BOOKS, United States",
9780375423727,"The Information: A History, a Theory, a Flood","Gleick, James @ BookFinder.com",Amazon.com (Prime),used,13.0,"First Edition, First Printing Format: Deckle Edge. Pages 544. Fulfillment by Amazon. Amazon Prime. Not a Prime member? Try Amazon Prime 30-Day Free Trial which includes Prime Video, Prime Music and Prime Reading. From : MCHUNTER BOOKS, United States",
9780375423727,"The Information: A History, a Theory, a Flood","Gleick, James @ BookFinder.com",Amazon.com,used,15.0,"First Edition, First Printing Format: Deckle Edge. Pages 544. In Stock. Fulfillment by Amazon. From : Pen Book, United States",
9780375423727,"The Information: A History, a Theory, a Flood","Gleick, James @ BookFinder.com",Amazon.com (Prime),used,16.0,"First Edition, First Printing Format: Deckle Edge. Pages 544. In Stock. Fulfillment by Amazon. Amazon Prime. Not a Prime member? Try Amazon Prime 30-Day Free Trial which includes Prime Video, Prime Music and Prime Reading. From : Pen Book, United States",
9780375423727,"The Information: A History, a Theory, a Flood","Gleick, James @ BookFinder.com",Amazon.com,used,19.0,"First Edition, First Printing Format: Deckle Edge. Pages 544. Fulfillment by Amazon. From : GES Bookstore, United States",
9780375423727,"The Information: A History, a Theory, a Flood","Gleick, James @ BookFinder.com",Amazon.com (Prime),used,20.0,"First Edition, First Printing Format: Deckle Edge. Pages 544. Fulfillment by Amazon. Amazon Prime. Not a Prime member? Try Amazon Prime 30-Day Free Trial which includes Prime Video, Prime Music and Prime Reading. From : GES Bookstore, United States",
9780375423727,"The Information: A History, a Theory, a Flood","Gleick, James @ BookFinder.com",Amazon.com,used,23.0,"First Edition, First Printing Format: Deckle Edge. Pages 544. In Stock. Fulfillment by Amazon. From : Starbook Store, United States",
9780375423727,"The Information: A History, a Theory, a Flood","Gleick, James @ BookFinder.com",Amazon.com (Prime),used,24.0,"First Edition, First Printing Format: Deckle Edge. Pages 544. In Stock. Fulfillment by Amazon. Amazon Prime. Not a Prime member? Try Amazon Prime 30-Day Free Trial which includes Prime Video, Prime Music and Prime Reading. From : Starbook Store, United States",
9780375423727,"The Information: A History, a Theory, a Flood","Gleick, James @ BookFinder.com",Amazon.com,used,12.0,"First Edition, First Printing Format: Deckle Edge. Pages 544. In Stock. From : Goodwill Minnesota, United States",
9780375423727,"The Information: A History, a Theory, a Flood","Gleick, James @ BookFinder.com",Amazon.com,used,16.0,"First Edition, First Printing Format: Deckle Edge. Pages 544. In stock Usually ships within 3 to 4 days. From : ThriftBooks-Seattle, United States",
9780375423727,"The Information: A History, a Theory, a Flood","Gleick, James @ BookFinder.com",Amazon.com,used,17.0,"First Edition, First Printing Format: Deckle Edge. Pages 544. In stock Usually ships within 3 to 4 days. From : ThriftBooks-Atlanta, United States",
9780375423727,"The Information: A History, a Theory, a Flood","Gleick, James @ BookFinder.com",Amazon.com,used,18.0,"First Edition, First Printing Format: Deckle Edge. Pages 544. In stock Usually ships within 3 to 4 days. From : ThriftBooks-Chicago, United States",
9780375423727,"The Information: A History, a Theory, a Flood","Gleick, James @ BookFinder.com",Amazon.com,used,19.0,"First Edition, First Printing Format: Deckle Edge. Pages 544. In stock Usually ships within 3 to 4 days. From : ThriftBooks-Dallas, United States",
9780375423727,"The Information: A History, a Theory, a Flood","Gleick, James @ BookFinder.com",Amazon.com,used,20.0,"First Edition, First Printing Format: Deckle Edge. Pages 544. In stock Usually ships within 3 to 4 days. From : ThriftBooks-Dallas, United States",
9780375423727,"The Information: A History, a Theory, a Flood","Gleick, James @ BookFinder.com",Amazon.com,used,21.0,"First Edition, First Printing Format: Deckle Edge. Pages 544. In stock Usually ships within 3 to 4 days. From : ThriftBooks-Baltimore, United States",
9780375423727,"The Information: A History, a Theory, a Flood","Gleick, James @ BookFinder.com",Amazon.com,used,22.0,"First Edition, First Printing Format: Deckle Edge. Pages 544. In stock Usually ships within 3 to 4 days. From : ThriftBooks-Baltimore, United States",
9780375423727,"The Information: A History, a Theory, a Flood","Gleick, James @ BookFinder.com",Amazon.com,used,23.0,"First Edition, First Printing Format: Deckle Edge. Pages 544. In stock Usually ships within 3 to 4 days. From : ThriftBooks-Phoenix, United States",
9780375423727,"The Information: A History, a Theory, a Flood","Gleick, James @ BookFinder.com",Amazon.com,used,24.0,"First Edition, First Printing Format: Deckle Edge. Pages 544. In stock Usually ships within 3 to 4 days. From : ThriftBooks-Atlanta, United States",
9780174324485,MSN RAINBOW,D.H. Lawrence @ BookFinder.com,Amazon.com,used,4.0,"New Ed. Pages 0. In Stock. From : Better World Books: West, United States",
9780174324485,MSN RAINBOW,D.H. Lawrence @ BookFinder.com,Amazon.com,used,4.0,"New Ed. Pages 0. In Stock. From : Better World Books: West, United States",
9788497593069,El Diario de Ana Frank (Anne Frank: The Diary of a Young Girl) (Spanish Edition),"Frank, Ana @ BookFinder.com",Amazon.com,used,4.0,"015. Pages 384. In stock Usually ships within 3 to 4 days. From : ThriftBooks-Chicago, United States",
9788497593069,El Diario de Ana Frank (Anne Frank: The Diary of a Young Girl) (Spanish Edition),"Frank, Ana @ BookFinder.com",Amazon.com,used,5.0,"015. Pages 384. In stock Usually ships within 3 to 4 days. From : ThriftBooks-Atlanta, United States",
9788497593069,El Diario de Ana Frank (Anne Frank: The Diary of a Young Girl) (Spanish Edition),"Frank, Ana @ BookFinder.com",Amazon.com,used,6.0,"015. Pages 384. In stock Usually ships within 3 to 4 days. From : ThriftBooks-Seattle, United States",
9788497593069,El Diario de Ana Frank (Anne Frank: The Diary of a Young Girl) (Spanish Edition),"Frank, Ana @ BookFinder.com",Amazon.com,used,7.0,"015. Pages 384. In stock Usually ships within 3 to 4 days. From : ThriftBooks-Dallas, United States",
9788497593069,El Diario de Ana Frank (Anne Frank: The Diary of a Young Girl) (Spanish Edition),"Frank, Ana @ BookFinder.com",Amazon.com,used,8.0,"015. Pages 384. In stock Usually ships within 3 to 4 days. From : ThriftBooks-Chicago, United States",
9788497593069,El Diario de Ana Frank (Anne Frank: The Diary of a Young Girl) (Spanish Edition),"Frank, Ana @ BookFinder.com",Amazon.com,used,9.0,"015. Pages 384. In stock Usually ships within 3 to 4 days. From : ThriftBooks-Dallas, United States",
9788497593069,El Diario de Ana Frank (Anne Frank: The Diary of a Young Girl) (Spanish Edition),"Frank, Ana @ BookFinder.com",Amazon.com,used,10.0,"015. Pages 384. In stock Usually ships within 3 to 4 days. From : ThriftBooks-Phoenix, United States",
9788497593069,El Diario de Ana Frank (Anne Frank: The Diary of a Young Girl) (Spanish Edition),"Frank, Ana @ BookFinder.com",Amazon.com,used,11.0,"015. Pages 384. In stock Usually ships within 3 to 4 days. From : ThriftBooks-Baltimore, United States",
9788497593069,El Diario de Ana Frank (Anne Frank: The Diary of a Young Girl) (Spanish Edition),"Frank, Ana @ BookFinder.com",Amazon.com,used,12.0,"015. Pages 384. In stock Usually ships within 3 to 4 days. From : ThriftBooks-Baltimore, United States",
9788497593069,El Diario de Ana Frank (Anne Frank: The Diary of a Young Girl) (Spanish Edition),"Frank, Ana @ BookFinder.com",Amazon.com,used,32.0,"015. Pages 384. In Stock. Fulfillment by Amazon. From : -OnTimeBooks-, United States",
9788497593069,El Diario de Ana Frank (Anne Frank: The Diary of a Young Girl) (Spanish Edition),"Frank, Ana @ BookFinder.com",Amazon.com (Prime),used,33.0,"015. Pages 384. In Stock. Fulfillment by Amazon. Amazon Prime. Not a Prime member? Try Amazon Prime 30-Day Free Trial which includes Prime Video, Prime Music and Prime Reading. From : -OnTimeBooks-, United States",
9788497593069,El Diario de Ana Frank (Anne Frank: The Diary of a Young Girl) (Spanish Edition),"Frank, Ana @ BookFinder.com",Amazon.com.au,used,19.0,015. Pages 384. Usually dispatched within 2 to 3 weeks. From : SonicBW,
9788497593069,El Diario de Ana Frank (Anne Frank: The Diary of a Young Girl) (Spanish Edition),"Frank, Ana @ BookFinder.com",Amazon.com,used,4.0,"015. Pages 384. In stock Usually ships within 3 to 4 days. From : ThriftBooks-Chicago, United States",
9788497593069,El Diario de Ana Frank (Anne Frank: The Diary of a Young Girl) (Spanish Edition),"Frank, Ana @ BookFinder.com",Amazon.com,used,5.0,"015. Pages 384. In stock Usually ships within 3 to 4 days. From : ThriftBooks-Atlanta, United States",
9788497593069,El Diario de Ana Frank (Anne Frank: The Diary of a Young Girl) (Spanish Edition),"Frank, Ana @ BookFinder.com",Amazon.com,used,6.0,"015. Pages 384. In stock Usually ships within 3 to 4 days. From : ThriftBooks-Seattle, United States",
9788497593069,El Diario de Ana Frank (Anne Frank: The Diary of a Young Girl) (Spanish Edition),"Frank, Ana @ BookFinder.com",Amazon.com,used,7.0,"015. Pages 384. In stock Usually ships within 3 to 4 days. From : ThriftBooks-Dallas, United States",
9788497593069,El Diario de Ana Frank (Anne Frank: The Diary of a Young Girl) (Spanish Edition),"Frank, Ana @ BookFinder.com",Amazon.com,used,8.0,"015. Pages 384. In stock Usually ships within 3 to 4 days. From : ThriftBooks-Chicago, United States",
9788497593069,El Diario de Ana Frank (Anne Frank: The Diary of a Young Girl) (Spanish Edition),"Frank, Ana @ BookFinder.com",Amazon.com,used,9.0,"015. Pages 384. In stock Usually ships within 3 to 4 days. From : ThriftBooks-Dallas, United States",
9788497593069,El Diario de Ana Frank (Anne Frank: The Diary of a Young Girl) (Spanish Edition),"Frank, Ana @ BookFinder.com",Amazon.com,used,10.0,"015. Pages 384. In stock Usually ships within 3 to 4 days. From : ThriftBooks-Phoenix, United States",
9788497593069,El Diario de Ana Frank (Anne Frank: The Diary of a Young Girl) (Spanish Edition),"Frank, Ana @ BookFinder.com",Amazon.com,used,11.0,"015. Pages 384. In stock Usually ships within 3 to 4 days. From : ThriftBooks-Baltimore, United States",
9788497593069,El Diario de Ana Frank (Anne Frank: The Diary of a Young Girl) (Spanish Edition),"Frank, Ana @ BookFinder.com",Amazon.com,used,12.0,"015. Pages 384. In stock Usually ships within 3 to 4 days. From : ThriftBooks-Baltimore, United States",
9788497593069,El Diario de Ana Frank (Anne Frank: The Diary of a Young Girl) (Spanish Edition),"Frank, Ana @ BookFinder.com",Amazon.com,used,32.0,"015. Pages 384. In Stock. Fulfillment by Amazon. From : -OnTimeBooks-, United States",
9788497593069,El Diario de Ana Frank (Anne Frank: The Diary of a Young Girl) (Spanish Edition),"Frank, Ana @ BookFinder.com",Amazon.com (Prime),used,33.0,"015. Pages 384. In Stock. Fulfillment by Amazon. Amazon Prime. Not a Prime member? Try Amazon Prime 30-Day Free Trial which includes Prime Video, Prime Music and Prime Reading. From : -OnTimeBooks-, United States",
9781405089104,False Impression,"Archer, Jeffrey @ BookFinder.com",Amazon.com,used,6.0,"Airside Ed Format: Import. Pages 0. In stock Usually ships within 2 to 3 days. From : Bahamut Media, United States",
9781405089104,False Impression,"Archer, Jeffrey @ BookFinder.com",Amazon.com,used,7.0,"Airside Ed Format: Import. Pages 0. In stock Usually ships within 2 to 3 days. From : awesomebooksusa, United States",
9781405089104,False Impression,"Archer, Jeffrey @ BookFinder.com",Amazon.com,used,11.0,"Airside Ed Format: Import. Pages 0. In Stock. From : worldofbooksusa, United Kingdom",
9781405089104,False Impression,"Archer, Jeffrey @ BookFinder.com",Amazon.com,used,19.0,"Airside Ed Format: Import. Pages 0. In Stock. From : Ammareal - Professional seller, France",
9781405089104,False Impression,"Archer, Jeffrey @ BookFinder.com",Amazon.com,used,21.0,"Airside Ed Format: Import. Pages 0. In Stock. From : Hamelyn, Spain",
9781405089104,False Impression,"Archer, Jeffrey @ BookFinder.com",Amazon.com,used,6.0,"Airside Ed Format: Import. Pages 0. In stock Usually ships within 2 to 3 days. From : Bahamut Media, United States",
9781405089104,False Impression,"Archer, Jeffrey @ BookFinder.com",Amazon.com,used,7.0,"Airside Ed Format: Import. Pages 0. In stock Usually ships within 2 to 3 days. From : awesomebooksusa, United States",
9781405089104,False Impression,"Archer, Jeffrey @ BookFinder.com",Amazon.com,used,11.0,"Airside Ed Format: Import. Pages 0. In Stock. From : worldofbooksusa, United Kingdom",
9781405089104,False Impression,"Archer, Jeffrey @ BookFinder.com",Amazon.com,used,19.0,"Airside Ed Format: Import. Pages 0. In Stock. From : Ammareal - Professional seller, France",
9781405089104,False Impression,"Archer, Jeffrey @ BookFinder.com",Amazon.com,used,21.0,"Airside Ed Format: Import. Pages 0. In Stock. From : Hamelyn, Spain",
9780575055032,Men at Arms,Terry Pratchett @ BookFinder.com,Amazon.com,used,7.0,"First Edition. Pages 288. In Stock. From : Prominent Books UK, United Kingdom",
9780575055032,Men at Arms,Terry Pratchett @ BookFinder.com,Amazon.com,used,10.0,"First Edition. Pages 288. In Stock. From : the_book_community, United States",
9780575055032,Men at Arms,Terry Pratchett @ BookFinder.com,Amazon.com,used,11.0,"First Edition. Pages 288. In stock Usually ships within 3 to 4 days. From : Serendipity UnLtd, United States",
9780575055032,Men at Arms,Terry Pratchett @ BookFinder.com,Amazon.com,used,14.0,"First Edition. Pages 288. In stock Usually ships within 4 to 5 days. From : papercavalier 💂, United Kingdom",
9780575055032,Men at Arms,Terry Pratchett @ BookFinder.com,Amazon.com,used,20.0,"First Edition. Pages 288. In Stock. From : 84_Charing_Cross_International_Rare_Books_Hub, United States",
9780575055032,Men at Arms,Terry Pratchett @ BookFinder.com,Amazon.com,used,35.0,"First Edition. Pages 288. In Stock. From : The Book Re-View, Canada",
9780575055032,Men at Arms,Terry Pratchett @ BookFinder.com,Amazon.com,used,43.0,"First Edition. Pages 288. In Stock. From : AI Trade, United States",
9780575055032,Men at Arms,Terry Pratchett @ BookFinder.com,Amazon.com,used,7.0,"First Edition. Pages 288. In Stock. From : Prominent Books UK, United Kingdom",
9780575055032,Men at Arms,Terry Pratchett @ BookFinder.com,Amazon.com,used,10.0,"First Edition. Pages 288. In Stock. From : the_book_community, United States",
9780575055032,Men at Arms,Terry Pratchett @ BookFinder.com,Amazon.com,used,11.0,"First Edition. Pages 288. In stock Usually ships within 3 to 4 days. From : Serendipity UnLtd, United States",
9780575055032,Men at Arms,Terry Pratchett @ BookFinder.com,Amazon.com,used,14.0,"First Edition. Pages 288. In stock Usually ships within 4 to 5 days. From : papercavalier 💂, United Kingdom",
9780575055032,Men at Arms,Terry Pratchett @ BookFinder.com,Amazon.com,used,20.0,"First Edition. Pages 288. In Stock. From : 84_Charing_Cross_International_Rare_Books_Hub, United States",
9780575055032,Men at Arms,Terry Pratchett @ BookFinder.com,Amazon.com,used,35.0,"First Edition. Pages 288. In Stock. From : The Book Re-View, Canada",
9780575055032,Men at Arms,Terry Pratchett @ BookFinder.com,Amazon.com,used,42.0,"First Edition. Pages 288. In Stock. From : AI Trade, United States",
9780345469724,Jarka Ruus,Terry Brooks @ BookFinder.com,Amazon.com,used,1.0,"1st Format: Kindle eBook. Pages 416. Available for download now. From : Random House LLC, United States",
9780345469724,Jarka Ruus,Terry Brooks @ BookFinder.com,Amazon.com,used,1.0,"1st Format: Kindle eBook. Pages 416. Available for download now. From : Random House LLC, United States",
9780048231888,The Hobbit Paperback J. R. R. Tolkien,"Tolkien, J. R. R. @ BookFinder.com",Amazon.com,used,4.0,"New Ed. Pages 288. In Stock. From : World of Books (previously glenthebookseller), United States",
9780048231888,The Hobbit Paperback J. R. R. Tolkien,"Tolkien, J. R. R. @ BookFinder.com",Amazon.com,used,5.0,"New Ed. Pages 288. In Stock. From : World of Books (previously glenthebookseller), United States",
9780048231888,The Hobbit Paperback J. R. R. Tolkien,"Tolkien, J. R. R. @ BookFinder.com",Amazon.com,used,6.0,"New Ed. Pages 288. In Stock. From : FindAnyBook, United States",
9780048231888,The Hobbit Paperback J. R. R. Tolkien,"Tolkien, J. R. R. @ BookFinder.com",Amazon.com,used,7.0,"New Ed. Pages 288. In Stock. From : World of Books (previously glenthebookseller), United States",
9780048231888,The Hobbit Paperback J. R. R. Tolkien,"Tolkien, J. R. R. @ BookFinder.com",Amazon.com,used,8.0,"New Ed. Pages 288. In Stock. From : Reuseaworld, United Kingdom",
9780048231888,The Hobbit Paperback J. R. R. Tolkien,"Tolkien, J. R. R. @ BookFinder.com",Amazon.com,used,9.0,"New Ed. Pages 288. In Stock. From : Reuseaworld, United Kingdom",
9780048231888,The Hobbit Paperback J. R. R. Tolkien,"Tolkien, J. R. R. @ BookFinder.com",Amazon.com,used,10.0,"New Ed. Pages 288. In Stock. From : Reuseaworld, United Kingdom",
9780048231888,The Hobbit Paperback J. R. R. Tolkien,"Tolkien, J. R. R. @ BookFinder.com",Amazon.com,used,13.0,"New Ed. Pages 288. In stock Usually ships within 3 to 4 days. From : ThriftBooks-Dallas, United States",
9780048231888,The Hobbit Paperback J. R. R. Tolkien,"Tolkien, J. R. R. @ BookFinder.com",Amazon.com,used,17.0,"New Ed. Pages 288. In Stock. From : World of Books (previously glenthebookseller), United States",
9780048231888,The Hobbit Paperback J. R. R. Tolkien,"Tolkien, J. R. R. @ BookFinder.com",Amazon.com,used,27.0,"New Ed. Pages 288. In Stock. From : BetterWorldBooksUK, United Kingdom",
9780048231888,The Hobbit Paperback J. R. R. Tolkien,"Tolkien, J. R. R. @ BookFinder.com",Amazon.com,used,2.0,"Revised. In stock Usually ships within 3 to 4 days. From : s4UStore, France",
9780048231888,The Hobbit Paperback J. R. R. Tolkien,"Tolkien, J. R. R. @ BookFinder.com",Amazon.com.au,used,9.0,New. Pages 288. Usually dispatched within 2 to 3 weeks. From : SonicBW,
9780048231888,The Hobbit Paperback J. R. R. Tolkien,"Tolkien, J. R. R. @ BookFinder.com",Amazon.com,used,4.0,"New Ed. Pages 288. In Stock. From : World of Books (previously glenthebookseller), United States",
9780048231888,The Hobbit Paperback J. R. R. Tolkien,"Tolkien, J. R. R. @ BookFinder.com",Amazon.com,used,5.0,"New Ed. Pages 288. In Stock. From : World of Books (previously glenthebookseller), United States",
9780048231888,The Hobbit Paperback J. R. R. Tolkien,"Tolkien, J. R. R. @ BookFinder.com",Amazon.com,used,6.0,"New Ed. Pages 288. In Stock. From : FindAnyBook, United States",
9780048231888,The Hobbit Paperback J. R. R. Tolkien,"Tolkien, J. R. R. @ BookFinder.com",Amazon.com,used,7.0,"New Ed. Pages 288. In Stock. From : World of Books (previously glenthebookseller), United States",
9780048231888,The Hobbit Paperback J. R. R. Tolkien,"Tolkien, J. R. R. @ BookFinder.com",Amazon.com,used,8.0,"New Ed. Pages 288. In Stock. From : Reuseaworld, United Kingdom",
9780048231888,The Hobbit Paperback J. R. R. Tolkien,"Tolkien, J. R. R. @ BookFinder.com",Amazon.com,used,9.0,"New Ed. Pages 288. In Stock. From : Reuseaworld, United Kingdom",
9780048231888,The Hobbit Paperback J. R. R. Tolkien,"Tolkien, J. R. R. @ BookFinder.com",Amazon.com,used,10.0,"New Ed. Pages 288. In Stock. From : Reuseaworld, United Kingdom",
9780048231888,The Hobbit Paperback J. R. R. Tolkien,"Tolkien, J. R. R. @ BookFinder.com",Amazon.com,used,13.0,"New Ed. Pages 288. In stock Usually ships within 3 to 4 days. From : ThriftBooks-Dallas, United States",
9780048231888,The Hobbit Paperback J. R. R. Tolkien,"Tolkien, J. R. R. @ BookFinder.com",Amazon.com,used,17.0,"New Ed. Pages 288. In Stock. From : World of Books (previously glenthebookseller), United States",
9780048231888,The Hobbit Paperback J. R. R. Tolkien,"Tolkien, J. R. R. @ BookFinder.com",Amazon.com,used,27.0,"New Ed. Pages 288. In Stock. From : BetterWorldBooksUK, United Kingdom",
9780349004600,The Paying Guests,Sarah Waters @ BookFinder.com,Amazon.com,used,8.0,"0. Pages 599. In stock Usually ships within 2 to 3 days. From : GoodwillBooks, United States",
9780349004600,The Paying Guests,Sarah Waters @ BookFinder.com,Amazon.com,used,9.0,"0. Pages 599. In stock Usually ships within 3 to 4 days. From : ThriftBooks-Chicago, United States",
9780349004600,The Paying Guests,Sarah Waters @ BookFinder.com,Amazon.com,used,10.0,"0. Pages 599. In stock Usually ships within 3 to 4 days. From : ThriftBooks-Dallas, United States",
9780349004600,The Paying Guests,Sarah Waters @ BookFinder.com,Amazon.com,used,11.0,"0. Pages 599. In stock Usually ships within 3 to 4 days. From : ThriftBooks-Baltimore, United States",
9780349004600,The Paying Guests,Sarah Waters @ BookFinder.com,Amazon.com,used,12.0,"0. Pages 599. In stock Usually ships within 3 to 4 days. From : ThriftBooks-Seattle, United States",
9780349004600,The Paying Guests,Sarah Waters @ BookFinder.com,Amazon.com,used,13.0,"0. Pages 599. In stock Usually ships within 3 to 4 days. From : ThriftBooks-Phoenix, United States",
9780349004600,The Paying Guests,Sarah Waters @ BookFinder.com,Amazon.com,used,29.0,"0. Pages 599. In Stock. From : cathyshalfpricebks, United States",
9780349004600,The Paying Guests,Sarah Waters @ BookFinder.com,Amazon.com,used,40.0,"0. Pages 599. In Stock. From : Hawking Books, United States",
9780349004600,The Paying Guests,Sarah Waters @ BookFinder.com,Amazon.com,used,41.0,"0. Pages 599. In stock Usually ships within 2 to 3 days. From : awesomebooksusa, United States",
9780349004600,The Paying Guests,Sarah Waters @ BookFinder.com,Amazon.com,used,42.0,"0. Pages 599. In stock Usually ships within 2 to 3 days. From : Bahamut Media, United States",
9780349004600,The Paying Guests,Sarah Waters @ BookFinder.com,Amazon.com,used,2.0,"0. Pages 599. Usually ships within 8 to 9 days. From : SuperBookDeals---, United States",
9780349004600,The Paying Guests,Sarah Waters @ BookFinder.com,Amazon.com,used,3.0,"0. Pages 599. In Stock. From : smeikalbooks_london, United Kingdom",
9780349004600,The Paying Guests,Sarah Waters @ BookFinder.com,Amazon.com,used,4.0,"0. Pages 599. In Stock. From : BuyWorldwide, Australia",
9780349004600,The Paying Guests,Sarah Waters @ BookFinder.com,Amazon.com,used,11.0,"0. Pages 599. Usually ships within 6 to 7 days. From : Bahamut Media, United States",
9780349004600,The Paying Guests,Sarah Waters @ BookFinder.com,Amazon.com,used,15.0,"0. Pages 599. Usually ships within 6 to 7 days. From : awesomebooksusa, United States",
9780349004600,The Paying Guests,Sarah Waters @ BookFinder.com,Amazon.com,used,16.0,"0. Pages 599. Usually ships within 8 to 9 days. From : InfiniteBooks_USA, United States",
9780349004600,The Paying Guests,Sarah Waters @ BookFinder.com,Amazon.com,used,21.0,"0. Pages 599. In Stock. From : RAREWAVES-IMPORTS, United Kingdom",
9780349004600,The Paying Guests,Sarah Waters @ BookFinder.com,Amazon.com,used,22.0,"0. Pages 599. In Stock. From : Books World Aparna, USA, United States",
9780349004600,The Paying Guests,Sarah Waters @ BookFinder.com,Amazon.com,used,26.0,"0. Pages 599. Usually ships within 11 to 12 days. From : Bahamut Media, United States",
9780349004600,The Paying Guests,Sarah Waters @ BookFinder.com,Amazon.com,used,42.0,"0. Pages 599. In Stock. From : Fast Cat Books, United States",
9780349004600,The Paying Guests,Sarah Waters @ BookFinder.com,Amazon.com,used,8.0,"0. Pages 599. In stock Usually ships within 2 to 3 days. From : GoodwillBooks, United States",
9780349004600,The Paying Guests,Sarah Waters @ BookFinder.com,Amazon.com,used,9.0,"0. Pages 599. In stock Usually ships within 3 to 4 days. From : ThriftBooks-Chicago, United States",
9780349004600,The Paying Guests,Sarah Waters @ BookFinder.com,Amazon.com,used,10.0,"0. Pages 599. In stock Usually ships within 3 to 4 days. From : ThriftBooks-Dallas, United States",
9780349004600,The Paying Guests,Sarah Waters @ BookFinder.com,Amazon.com,used,11.0,"0. Pages 599. In stock Usually ships within 3 to 4 days. From : ThriftBooks-Baltimore, United States",
9780349004600,The Paying Guests,Sarah Waters @ BookFinder.com,Amazon.com,used,12.0,"0. Pages 599. In stock Usually ships within 3 to 4 days. From : ThriftBooks-Seattle, United States",
9780349004600,The Paying Guests,Sarah Waters @ BookFinder.com,Amazon.com,used,13.0,"0. Pages 599. In stock Usually ships within 3 to 4 days. From : ThriftBooks-Phoenix, United States",
9780349004600,The Paying Guests,Sarah Waters @ BookFinder.com,Amazon.com,used,29.0,"0. Pages 599. In Stock. From : cathyshalfpricebks, United States",
9780349004600,The Paying Guests,Sarah Waters @ BookFinder.com,Amazon.com,used,40.0,"0. Pages 599. In Stock. From : Hawking Books, United States",
9780349004600,The Paying Guests,Sarah Waters @ BookFinder.com,Amazon.com,used,41.0,"0. Pages 599. In stock Usually ships within 2 to 3 days. From : awesomebooksusa, United States",
9780349004600,The Paying Guests,Sarah Waters @ BookFinder.com,Amazon.com,used,42.0,"0. Pages 599. In stock Usually ships within 2 to 3 days. From : Bahamut Media, United States",
9780930289485,Arkham Asylum: A Serious House on Serious Earth [Batman],"Morrison, Grant; Berger, Karen (editor) @ BookFinder.com",Amazon.com,used,41.0,"First Edition. Pages 128. In stock Usually ships within 4 to 5 days. From : Comics N Toys, United States",
9780930289485,Arkham Asylum: A Serious House on Serious Earth [Batman],"Morrison, Grant; Berger, Karen (editor) @ BookFinder.com",Amazon.com,used,47.0,"First Edition. Pages 128. In Stock. From : BookExcellence, United States",
9780930289485,Arkham Asylum: A Serious House on Serious Earth [Batman],"Morrison, Grant; Berger, Karen (editor) @ BookFinder.com",Amazon.com,used,39.0,"First Edition. Pages 128. In stock Usually ships within 4 to 5 days. From : Comics N Toys, United States",
9780930289485,Arkham Asylum: A Serious House on Serious Earth [Batman],"Morrison, Grant; Berger, Karen (editor) @ BookFinder.com",Amazon.com,used,45.0,"First Edition. Pages 128. In Stock. From : BookExcellence, United States",
9780701132606,POSSESSION,Little Brown @ BookFinder.com,Amazon.com,used,10.0,"First Edition Format: Import. Pages 511. In stock Usually ships within 3 to 4 days. From : ThriftBooks-Chicago, United States",
9780701132606,POSSESSION,Little Brown @ BookFinder.com,Amazon.com,used,11.0,"First Edition Format: Import. Pages 511. In stock Usually ships within 3 to 4 days. From : ThriftBooks-Dallas, United States",
9780701132606,POSSESSION,Little Brown @ BookFinder.com,Amazon.com,used,12.0,"First Edition Format: Import. Pages 511. In stock Usually ships within 3 to 4 days. From : ThriftBooks-Phoenix, United States",
9780701132606,POSSESSION,Little Brown @ BookFinder.com,Amazon.com,used,13.0,"First Edition Format: Import. Pages 511. In stock Usually ships within 3 to 4 days. From : ThriftBooks-Baltimore, United States",
9780701132606,POSSESSION,Little Brown @ BookFinder.com,Amazon.com,used,25.0,"First Edition Format: Import. Pages 511. In Stock. From : WonderBook, United States",
9780701132606,POSSESSION,Little Brown @ BookFinder.com,Amazon.com,used,32.0,"First Edition Format: Import. Pages 511. In stock Usually ships within 2 to 3 days. From : InfiniteBooks_USA, United States",
9780701132606,POSSESSION,Little Brown @ BookFinder.com,Amazon.com,used,33.0,"First Edition Format: Import. Pages 511. In stock Usually ships within 2 to 3 days. From : Bahamut Media, United States",
9780701132606,POSSESSION,Little Brown @ BookFinder.com,Amazon.com,used,34.0,"First Edition Format: Import. Pages 511. In stock Usually ships within 2 to 3 days. From : awesomebooksusa, United States",
9780701132606,POSSESSION,Little Brown @ BookFinder.com,Amazon.com,used,36.0,"First Edition Format: Import. Pages 511. In Stock. Fulfillment by Amazon. From : Collectiblecounty, United States",
9780701132606,POSSESSION,Little Brown @ BookFinder.com,Amazon.com (Prime),used,37.0,"First Edition Format: Import. Pages 511. In Stock. Fulfillment by Amazon. Amazon Prime. Not a Prime member? Try Amazon Prime 30-Day Free Trial which includes Prime Video, Prime Music and Prime Reading. From : Collectiblecounty, United States",
9780701132606,POSSESSION,Little Brown @ BookFinder.com,Amazon.com,used,42.0,"First Edition Format: Import. Pages 511. In Stock. From : Better World Books: East, United States",
9780701132606,POSSESSION,Little Brown @ BookFinder.com,Amazon.com,used,10.0,"First Edition Format: Import. Pages 511. In stock Usually ships within 3 to 4 days. From : ThriftBooks-Chicago, United States",
9780701132606,POSSESSION,Little Brown @ BookFinder.com,Amazon.com,used,11.0,"First Edition Format: Import. Pages 511. In stock Usually ships within 3 to 4 days. From : ThriftBooks-Dallas, United States",
9780701132606,POSSESSION,Little Brown @ BookFinder.com,Amazon.com,used,12.0,"First Edition Format: Import. Pages 511. In stock Usually ships within 3 to 4 days. From : ThriftBooks-Phoenix, United States",
9780701132606,POSSESSION,Little Brown @ BookFinder.com,Amazon.com,used,13.0,"First Edition Format: Import. Pages 511. In stock Usually ships within 3 to 4 days. From : ThriftBooks-Baltimore, United States",
9780701132606,POSSESSION,Little Brown @ BookFinder.com,Amazon.com,used,25.0,"First Edition Format: Import. Pages 511. In Stock. From : WonderBook, United States",
9780701132606,POSSESSION,Little Brown @ BookFinder.com,Amazon.com,used,32.0,"First Edition Format: Import. Pages 511. In stock Usually ships within 2 to 3 days. From : InfiniteBooks_USA, United States",
9780701132606,POSSESSION,Little Brown @ BookFinder.com,Amazon.com,used,33.0,"First Edition Format: Import. Pages 511. In stock Usually ships within 2 to 3 days. From : Bahamut Media, United States",
9780701132606,POSSESSION,Little Brown @ BookFinder.com,Amazon.com,used,34.0,"First Edition Format: Import. Pages 511. In stock Usually ships within 2 to 3 days. From : awesomebooksusa, United States",
9780701132606,POSSESSION,Little Brown @ BookFinder.com,Amazon.com,used,36.0,"First Edition Format: Import. Pages 511. In Stock. Fulfillment by Amazon. From : Collectiblecounty, United States",
9780701132606,POSSESSION,Little Brown @ BookFinder.com,Amazon.com (Prime),used,37.0,"First Edition Format: Import. Pages 511. In Stock. Fulfillment by Amazon. Amazon Prime. Not a Prime member? Try Amazon Prime 30-Day Free Trial which includes Prime Video, Prime Music and Prime Reading. From : Collectiblecounty, United States",
9780701132606,POSSESSION,Little Brown @ BookFinder.com,Amazon.com,used,42.0,"First Edition Format: Import. Pages 511. In Stock. From : Better World Books: East, United States",
9781900650069,Traductio: Essays on Punning and Translation,Dirk Delabastita,Amazon.com,used,1.0,"1. Pages 296. In Stock. From : anybookCom, United Kingdom",
9781900650069,Traductio: Essays on Punning and Translation,Dirk Delabastita,Amazon.com,used,2.0,"1. Pages 296. In stock Usually ships within 2 to 3 days. From : Bahamut Media, United States",
9781900650069,Traductio: Essays on Punning and Translation,Dirk Delabastita,Amazon.com,used,4.0,"1. Pages 296. In stock Usually ships within 2 to 3 days. From : awesomebooksusa, United States",
9781900650069,Traductio: Essays on Punning and Translation,Dirk Delabastita,Amazon.com,used,29.0,"1. Pages 296. Usually ships within 7 to 8 days. From : SuperBookDeals---, United States",
9781900650069,Traductio: Essays on Punning and Translation,Dirk Delabastita,Amazon.com,used,30.0,"1. Pages 296. In Stock. Fulfillment by Amazon. From : Amazon.com, United States",
9781900650069,Traductio: Essays on Punning and Translation,Dirk Delabastita,Amazon.com (Prime),used,31.0,"1. Pages 296. In Stock. Fulfillment by Amazon. Amazon Prime. Not a Prime member? Try Amazon Prime 30-Day Free Trial which includes Prime Video, Prime Music and Prime Reading. From : Amazon.com (Prime), United States",
9781900650069,Traductio: Essays on Punning and Translation,Dirk Delabastita,Amazon.com,used,35.0,"1. Pages 296. Usually ships within 7 to 8 days. From : SuperBookDeals---, United States",
9781900650069,Traductio: Essays on Punning and Translation,Dirk Delabastita,Amazon.com,used,36.0,"1. Pages 296. In Stock. From : anybookCom, United Kingdom",
9781900650069,Traductio: Essays on Punning and Translation,Dirk Delabastita,Amazon.com,used,37.0,"1. Pages 296. In Stock. From : anybookCom, United Kingdom",
9781900650069,Traductio: Essays on Punning and Translation,Dirk Delabastita,Amazon.com,used,44.0,"1. Pages 296. Usually ships within 11 to 12 days. From : Bahamut Media, United States",
9781900650069,Traductio: Essays on Punning and Translation,Dirk Delabastita,Amazon.com,used,4.0,"1. Pages 296. Usually ships within 7 to 8 days. From : SuperBookDeals---, United States",
9781900650069,Traductio: Essays on Punning and Translation,Dirk Delabastita,Amazon.com,used,5.0,"1. Pages 296. In Stock. Fulfillment by Amazon. From : Amazon.com, United States",
9781900650069,Traductio: Essays on Punning and Translation,Dirk Delabastita,Amazon.com (Prime),used,6.0,"1. Pages 296. In Stock. Fulfillment by Amazon. Amazon Prime. Not a Prime member? Try Amazon Prime 30-Day Free Trial which includes Prime Video, Prime Music and Prime Reading. From : Amazon.com (Prime), United States",
9781900650069,Traductio: Essays on Punning and Translation,Dirk Delabastita,Amazon.com,used,10.0,"1. Pages 296. Usually ships within 11 to 12 days. From : Bahamut Media, United States",
9781900650069,Traductio: Essays on Punning and Translation,Dirk Delabastita,Amazon.com,used,14.0,"1. Pages 296. Usually ships within 13 to 14 days. From : PBShop UK, United Kingdom",
9781900650069,Traductio: Essays on Punning and Translation,Dirk Delabastita,Amazon.com,used,15.0,"1. Pages 296. Usually ships within 13 to 14 days. From : Books Paradise Global, United States",
9781900650069,Traductio: Essays on Punning and Translation,Dirk Delabastita,Amazon.com,used,23.0,"1. Pages 296. Usually ships within 2 to 3 weeks. From : tabletopart, United States",
9781900650069,Traductio: Essays on Punning and Translation,Dirk Delabastita,Amazon.com,used,38.0,"1. Pages 296. In stock Usually ships within 2 to 3 days. From : Booksmart Singapore, Singapore",
9781900650069,Traductio: Essays on Punning and Translation,Dirk Delabastita,Amazon.com,used,1.0,"1. Pages 296. In Stock. From : anybookCom, United Kingdom",
9781900650069,Traductio: Essays on Punning and Translation,Dirk Delabastita,Amazon.com,used,2.0,"1. Pages 296. In stock Usually ships within 2 to 3 days. From : Bahamut Media, United States",
9781900650069,Traductio: Essays on Punning and Translation,Dirk Delabastita,Amazon.com,used,4.0,"1. Pages 296. In stock Usually ships within 2 to 3 days. From : awesomebooksusa, United States",
9781900650069,Traductio: Essays on Punning and Translation,Dirk Delabastita,Amazon.com,used,23.0,"1. Pages 296. Usually ships within 7 to 8 days. From : SuperBookDeals---, United States",
9781900650069,Traductio: Essays on Punning and Translation,Dirk Delabastita,Amazon.com,used,24.0,"1. Pages 296. In Stock. From : anybookCom, United Kingdom",
9781900650069,Traductio: Essays on Punning and Translation,Dirk Delabastita,Amazon.com,used,25.0,"1. Pages 296. In Stock. From : anybookCom, United Kingdom",
9781444834253,Homegoing,Yaa Gyasi @ BookFinder.com,Amazon.com,used,3.0,"Large type / large print edition. Pages 435. In Stock. From : WeBuyBooks-UK, United Kingdom",
9781444834253,Homegoing,Yaa Gyasi @ BookFinder.com,Amazon.com,used,4.0,"Large type / large print edition. Pages 435. In Stock. From : BetterWorldBooksUK, United Kingdom",
9781444834253,Homegoing,Yaa Gyasi @ BookFinder.com,Amazon.com,used,5.0,"Large type / large print edition. Pages 435. In Stock. From : worldofbooksusa, United Kingdom",
9781444834253,Homegoing,Yaa Gyasi @ BookFinder.com,Amazon.com,used,6.0,"Large type / large print edition. Pages 435. In Stock. From : worldofbooksusa, United Kingdom",
9781444834253,Homegoing,Yaa Gyasi @ BookFinder.com,Amazon.com,used,3.0,"Large type / large print edition. Pages 435. In Stock. From : WeBuyBooks-UK, United Kingdom",
9781444834253,Homegoing,Yaa Gyasi @ BookFinder.com,Amazon.com,used,4.0,"Large type / large print edition. Pages 435. In Stock. From : BetterWorldBooksUK, United Kingdom",
9781444834253,Homegoing,Yaa Gyasi @ BookFinder.com,Amazon.com,used,5.0,"Large type / large print edition. Pages 435. In Stock. From : worldofbooksusa, United Kingdom",
9781444834253,Homegoing,Yaa Gyasi @ BookFinder.com,Amazon.com,used,6.0,"Large type / large print edition. Pages 435. In Stock. From : worldofbooksusa, United Kingdom",
9780020544005,Uncle Tom's Cabin,"Stowe, Harriet Beecher @ BookFinder.com",Amazon.com,used,1.0,"1st Collier Books Edition. Pages 511. In Stock. From : CRS Marketing, United States",
9780020544005,Uncle Tom's Cabin,"Stowe, Harriet Beecher @ BookFinder.com",Amazon.com,used,2.0,"1st Collier Books Edition. Pages 511. In Stock. From : Werstler Book Sellers, United States",
9780020544005,Uncle Tom's Cabin,"Stowe, Harriet Beecher @ BookFinder.com",Amazon.com,used,4.0,"1st Collier Books Edition. Pages 511. In Stock. From : aebar25, United States",
9780020544005,Uncle Tom's Cabin,"Stowe, Harriet Beecher @ BookFinder.com",Amazon.com,used,20.0,"1st Collier Books Edition. Pages 511. In Stock. From : Booksandelse, United States",
9780020544005,Uncle Tom's Cabin,"Stowe, Harriet Beecher @ BookFinder.com",Amazon.com,used,1.0,"1st Collier Books Edition. Pages 511. In Stock. From : CRS Marketing, United States",
9780020544005,Uncle Tom's Cabin,"Stowe, Harriet Beecher @ BookFinder.com",Amazon.com,used,2.0,"1st Collier Books Edition. Pages 511. In Stock. From : Werstler Book Sellers, United States",
9780020544005,Uncle Tom's Cabin,"Stowe, Harriet Beecher @ BookFinder.com",Amazon.com,used,4.0,"1st Collier Books Edition. Pages 511. In Stock. From : aebar25, United States",
9780020544005,Uncle Tom's Cabin,"Stowe, Harriet Beecher @ BookFinder.com",Amazon.com,used,19.0,"1st Collier Books Edition. Pages 511. In Stock. From : Booksandelse, United States",
9780688147389,"Sheila Rae, the Brave","Henkes, Kevin @ BookFinder.com",Amazon.com,used,43.0,"3/26/96 Format: Picture Book. Pages 32. In Stock. From : Seattlegoodwill, United States",
9780688147389,"Sheila Rae, the Brave","Henkes, Kevin @ BookFinder.com",Amazon.com,used,46.0,"3/26/96 Format: Picture Book. Pages 32. In Stock. From : DaBookBerm1, United States",
9780688147389,"Sheila Rae, the Brave","Henkes, Kevin @ BookFinder.com",Amazon.com,used,47.0,"3/26/96 Format: Picture Book. Pages 32. In Stock. From : GREENWORLD GOODS, United States",
9780688147389,"Sheila Rae, the Brave","Henkes, Kevin @ BookFinder.com",Amazon.com,used,48.0,"3/26/96 Format: Picture Book. Pages 32. In Stock. From : MegaReads, United States",
9780688147389,"Sheila Rae, the Brave","Henkes, Kevin @ BookFinder.com",Amazon.com,used,49.0,"3/26/96 Format: Picture Book. Pages 32. In Stock. From : GREENWORLD GOODS, United States",
9780688147389,"Sheila Rae, the Brave","Henkes, Kevin @ BookFinder.com",Amazon.com,used,50.0,"3/26/96 Format: Picture Book. Pages 32. In Stock. From : MegaReads, United States",
9780688147389,"Sheila Rae, the Brave","Henkes, Kevin @ BookFinder.com",Amazon.com,used,3.0,"3/26/96 Format: Picture Book. Pages 32. In Stock. Fulfillment by Amazon. From : Amazon.com, United States",
9780688147389,"Sheila Rae, the Brave","Henkes, Kevin @ BookFinder.com",Amazon.com (Prime),used,4.0,"3/26/96 Format: Picture Book. Pages 32. In Stock. Fulfillment by Amazon. Amazon Prime. Not a Prime member? Try Amazon Prime 30-Day Free Trial which includes Prime Video, Prime Music and Prime Reading. From : Amazon.com (Prime), United States",
9780688147389,"Sheila Rae, the Brave","Henkes, Kevin @ BookFinder.com",Amazon.com,used,5.0,"3/26/96 Format: Picture Book. Pages 32. In Stock. From : YourOnlineBookstore, United States",
9780688147389,"Sheila Rae, the Brave","Henkes, Kevin @ BookFinder.com",Amazon.com,used,6.0,"3/26/96 Format: Picture Book. Pages 32. In Stock. From : Orion LLC, United States",
9780688147389,"Sheila Rae, the Brave","Henkes, Kevin @ BookFinder.com",Amazon.com,used,7.0,"3/26/96 Format: Picture Book. Pages 32. In Stock. From : Windflower Bookstore, United States",
9780688147389,"Sheila Rae, the Brave","Henkes, Kevin @ BookFinder.com",Amazon.com,used,9.0,"3/26/96 Format: Picture Book. Pages 32. In Stock. From : gabookcompany, United States",
9780688147389,"Sheila Rae, the Brave","Henkes, Kevin @ BookFinder.com",Amazon.com,used,15.0,"3/26/96 Format: Picture Book. Pages 32. In Stock. From : RDLiteracy, United States",
9780688147389,"Sheila Rae, the Brave","Henkes, Kevin @ BookFinder.com",Amazon.com,used,21.0,"3/26/96 Format: Picture Book. Pages 32. In Stock. From : A Plus Textbooks, United States",
9780688147389,"Sheila Rae, the Brave","Henkes, Kevin @ BookFinder.com",Amazon.com,used,44.0,"3/26/96 Format: Picture Book. Pages 32. In stock Usually ships within 2 to 3 days. From : Ambis Enterprises, United States",
9780688147389,"Sheila Rae, the Brave","Henkes, Kevin @ BookFinder.com",Amazon.com,used,48.0,"3/26/96 Format: Picture Book. Pages 32. Usually ships within 5 to 6 days. From : SuperBookDeals---, United States",
9780688147389,"Sheila Rae, the Brave","Henkes, Kevin @ BookFinder.com",Amazon.com,used,43.0,"3/26/96 Format: Picture Book. Pages 32. In Stock. From : Seattlegoodwill, United States",
9780688147389,"Sheila Rae, the Brave","Henkes, Kevin @ BookFinder.com",Amazon.com,used,46.0,"3/26/96 Format: Picture Book. Pages 32. In Stock. From : DaBookBerm1, United States",
9780688147389,"Sheila Rae, the Brave","Henkes, Kevin @ BookFinder.com",Amazon.com,used,47.0,"3/26/96 Format: Picture Book. Pages 32. In Stock. From : GREENWORLD GOODS, United States",
9780688147389,"Sheila Rae, the Brave","Henkes, Kevin @ BookFinder.com",Amazon.com,used,48.0,"3/26/96 Format: Picture Book. Pages 32. In Stock. From : MegaReads, United States",
9780688147389,"Sheila Rae, the Brave","Henkes, Kevin @ BookFinder.com",Amazon.com,used,49.0,"3/26/96 Format: Picture Book. Pages 32. In Stock. From : GREENWORLD GOODS, United States",
9780688147389,"Sheila Rae, the Brave","Henkes, Kevin @ BookFinder.com",Amazon.com,used,50.0,"3/26/96 Format: Picture Book. Pages 32. In Stock. From : MegaReads, United States",
9780199692569,Oxford Handbook of Tropical Medicine (Oxford Medical Handbooks),@ BookFinder.com,Amazon.com,used,12.0,"4. Pages 1008. In Stock. From : World of Books (previously glenthebookseller), United States",
9780199692569,Oxford Handbook of Tropical Medicine (Oxford Medical Handbooks),@ BookFinder.com,Amazon.com,used,13.0,"4. Pages 1008. In stock Usually ships within 3 to 4 days. From : ThriftBooks-Baltimore, United States",
9780199692569,Oxford Handbook of Tropical Medicine (Oxford Medical Handbooks),@ BookFinder.com,Amazon.com,used,16.0,"4. Pages 1008. In Stock. From : GREENWORLD GOODS, United States",
9780199692569,Oxford Handbook of Tropical Medicine (Oxford Medical Handbooks),@ BookFinder.com,Amazon.com,used,17.0,"4. Pages 1008. In stock Usually ships within 2 to 3 days. From : Dream Books Co., United States",
9780199692569,Oxford Handbook of Tropical Medicine (Oxford Medical Handbooks),@ BookFinder.com,Amazon.com,used,30.0,"4. Pages 1008. In Stock. From : worldofbooksusa, United Kingdom",
9780199692569,Oxford Handbook of Tropical Medicine (Oxford Medical Handbooks),@ BookFinder.com,Amazon.com,used,34.0,"4. Pages 1008. In Stock. From : Libup Books!, United States",
9780199692569,Oxford Handbook of Tropical Medicine (Oxford Medical Handbooks),@ BookFinder.com,Amazon.com,used,35.0,"4. Pages 1008. In Stock. Fulfillment by Amazon. From : S&H Assorted Goods, United States",
9780199692569,Oxford Handbook of Tropical Medicine (Oxford Medical Handbooks),@ BookFinder.com,Amazon.com (Prime),used,36.0,"4. Pages 1008. In Stock. Fulfillment by Amazon. Amazon Prime. Not a Prime member? Try Amazon Prime 30-Day Free Trial which includes Prime Video, Prime Music and Prime Reading. From : S&H Assorted Goods, United States",
9780199692569,Oxford Handbook of Tropical Medicine (Oxford Medical Handbooks),@ BookFinder.com,Amazon.com,used,37.0,"4. Pages 1008. In Stock. From : anybookCom, United Kingdom",
9780199692569,Oxford Handbook of Tropical Medicine (Oxford Medical Handbooks),@ BookFinder.com,Amazon.com,used,38.0,"4. Pages 1008. In Stock. From : anybookCom, United Kingdom",
9780199692569,Oxford Handbook of Tropical Medicine (Oxford Medical Handbooks),@ BookFinder.com,Amazon.com,used,39.0,"4. Pages 1008. In Stock. From : anybookCom, United Kingdom",
9780199692569,Oxford Handbook of Tropical Medicine (Oxford Medical Handbooks),@ BookFinder.com,Amazon.com,used,4.0,"4. Pages 1008. In Stock. Fulfillment by Amazon. From : DISCOUNTED COLLEGE MANUALS, United States",
9780199692569,Oxford Handbook of Tropical Medicine (Oxford Medical Handbooks),@ BookFinder.com,Amazon.com (Prime),used,5.0,"4. Pages 1008. In Stock. Fulfillment by Amazon. Amazon Prime. Not a Prime member? Try Amazon Prime 30-Day Free Trial which includes Prime Video, Prime Music and Prime Reading. From : DISCOUNTED COLLEGE MANUALS, United States",
9780199692569,Oxford Handbook of Tropical Medicine (Oxford Medical Handbooks),@ BookFinder.com,Amazon.com,used,7.0,"4. Pages 1008. Usually ships within 11 to 12 days. From : Hafa Adai Books LLC, United States",
9780199692569,Oxford Handbook of Tropical Medicine (Oxford Medical Handbooks),@ BookFinder.com,Amazon.com,used,21.0,"4. Pages 1008. In stock Usually ships within 4 to 5 days. From : Books Paradise Global, United States",
9780199692569,Oxford Handbook of Tropical Medicine (Oxford Medical Handbooks),@ BookFinder.com,Amazon.com.au,used,31.0,4. Pages 944. In stock. From : discount_academic_books,
9780199692569,Oxford Handbook of Tropical Medicine (Oxford Medical Handbooks),@ BookFinder.com,Amazon.com,used,39.0,"4. Pages 1008. In stock Usually ships within 2 to 3 days. From : Books Paradise Global, United States",
9780199692569,Oxford Handbook of Tropical Medicine (Oxford Medical Handbooks),@ BookFinder.com,Amazon.com,used,41.0,"4. Pages 1008. In Stock. From : Libup Books!, United States",
9780199692569,Oxford Handbook of Tropical Medicine (Oxford Medical Handbooks),@ BookFinder.com,Amazon.com,used,12.0,"4. Pages 1008. In Stock. From : World of Books (previously glenthebookseller), United States",
9780199692569,Oxford Handbook of Tropical Medicine (Oxford Medical Handbooks),@ BookFinder.com,Amazon.com,used,13.0,"4. Pages 1008. In stock Usually ships within 3 to 4 days. From : ThriftBooks-Baltimore, United States",
9780199692569,Oxford Handbook of Tropical Medicine (Oxford Medical Handbooks),@ BookFinder.com,Amazon.com,used,16.0,"4. Pages 1008. In Stock. From : GREENWORLD GOODS, United States",
9780199692569,Oxford Handbook of Tropical Medicine (Oxford Medical Handbooks),@ BookFinder.com,Amazon.com,used,17.0,"4. Pages 1008. In stock Usually ships within 2 to 3 days. From : Dream Books Co., United States",
9780199692569,Oxford Handbook of Tropical Medicine (Oxford Medical Handbooks),@ BookFinder.com,Amazon.com,used,30.0,"4. Pages 1008. In Stock. From : worldofbooksusa, United Kingdom",
9780199692569,Oxford Handbook of Tropical Medicine (Oxford Medical Handbooks),@ BookFinder.com,Amazon.com,used,34.0,"4. Pages 1008. In Stock. From : Libup Books!, United States",
9780199692569,Oxford Handbook of Tropical Medicine (Oxford Medical Handbooks),@ BookFinder.com,Amazon.com,used,35.0,"4. Pages 1008. In Stock. Fulfillment by Amazon. From : S&H Assorted Goods, United States",
9780199692569,Oxford Handbook of Tropical Medicine (Oxford Medical Handbooks),@ BookFinder.com,Amazon.com (Prime),used,36.0,"4. Pages 1008. In Stock. Fulfillment by Amazon. Amazon Prime. Not a Prime member? Try Amazon Prime 30-Day Free Trial which includes Prime Video, Prime Music and Prime Reading. From : S&H Assorted Goods, United States",
9780199692569,Oxford Handbook of Tropical Medicine (Oxford Medical Handbooks),@ BookFinder.com,Amazon.com,used,37.0,"4. Pages 1008. In Stock. From : anybookCom, United Kingdom",
9780199692569,Oxford Handbook of Tropical Medicine (Oxford Medical Handbooks),@ BookFinder.com,Amazon.com,used,38.0,"4. Pages 1008. In Stock. From : anybookCom, United Kingdom",
9780199692569,Oxford Handbook of Tropical Medicine (Oxford Medical Handbooks),@ BookFinder.com,Amazon.com,used,39.0,"4. Pages 1008. In Stock. From : anybookCom, United Kingdom",
9780007171972,The Fellowship of the Ring (Lord of the Rings),"Tolkien, J. R. R. @ BookFinder.com",Amazon.com,used,14.0,"New Ed. Pages 535. In Stock. From : HPB-Ruby, United States",
9780007171972,The Fellowship of the Ring (Lord of the Rings),"Tolkien, J. R. R. @ BookFinder.com",Amazon.com,used,15.0,"New Ed. Pages 535. In stock Usually ships within 3 to 4 days. From : ThriftBooks-Baltimore, United States",
9780007171972,The Fellowship of the Ring (Lord of the Rings),"Tolkien, J. R. R. @ BookFinder.com",Amazon.com,used,16.0,"New Ed. Pages 535. In stock Usually ships within 3 to 4 days. From : ThriftBooks-Phoenix, United States",
9780007171972,The Fellowship of the Ring (Lord of the Rings),"Tolkien, J. R. R. @ BookFinder.com",Amazon.com,used,17.0,"New Ed. Pages 535. In stock Usually ships within 3 to 4 days. From : ThriftBooks-Dallas, United States",
9780007171972,The Fellowship of the Ring (Lord of the Rings),"Tolkien, J. R. R. @ BookFinder.com",Amazon.com,used,27.0,"New Ed. Pages 535. In stock Usually ships within 2 to 3 days. From : Bahamut Media, United States",
9780007171972,The Fellowship of the Ring (Lord of the Rings),"Tolkien, J. R. R. @ BookFinder.com",Amazon.com,used,28.0,"New Ed. Pages 535. In stock Usually ships within 2 to 3 days. From : awesomebooksusa, United States",
9780007171972,The Fellowship of the Ring (Lord of the Rings),"Tolkien, J. R. R. @ BookFinder.com",Amazon.com,used,34.0,"New Ed. Pages 535. In Stock. From : BetterWorldBooksUK, United Kingdom",
9780007171972,The Fellowship of the Ring (Lord of the Rings),"Tolkien, J. R. R. @ BookFinder.com",Amazon.com,used,35.0,"New Ed. Pages 535. In Stock. From : WeBuyBooks-UK, United Kingdom",
9780007171972,The Fellowship of the Ring (Lord of the Rings),"Tolkien, J. R. R. @ BookFinder.com",Amazon.com,used,43.0,"New Ed. Pages 535. In Stock. From : BookExcellence, United States",
9780007171972,The Fellowship of the Ring (Lord of the Rings),"Tolkien, J. R. R. @ BookFinder.com",Amazon.com,used,47.0,"New Ed. Pages 535. In Stock. From : greener_books_london, United Kingdom",
9780007171972,The Fellowship of the Ring (Lord of the Rings),"Tolkien, J. R. R. @ BookFinder.com",Amazon.com,used,14.0,"New Ed. Pages 535. In Stock. From : HPB-Ruby, United States",
9780007171972,The Fellowship of the Ring (Lord of the Rings),"Tolkien, J. R. R. @ BookFinder.com",Amazon.com,used,15.0,"New Ed. Pages 535. In stock Usually ships within 3 to 4 days. From : ThriftBooks-Baltimore, United States",
9780007171972,The Fellowship of the Ring (Lord of the Rings),"Tolkien, J. R. R. @ BookFinder.com",Amazon.com,used,16.0,"New Ed. Pages 535. In stock Usually ships within 3 to 4 days. From : ThriftBooks-Phoenix, United States",
9780007171972,The Fellowship of the Ring (Lord of the Rings),"Tolkien, J. R. R. @ BookFinder.com",Amazon.com,used,17.0,"New Ed. Pages 535. In stock Usually ships within 3 to 4 days. From : ThriftBooks-Dallas, United States",
9780007171972,The Fellowship of the Ring (Lord of the Rings),"Tolkien, J. R. R. @ BookFinder.com",Amazon.com,used,27.0,"New Ed. Pages 535. In stock Usually ships within 2 to 3 days. From : Bahamut Media, United States",
9780007171972,The Fellowship of the Ring (Lord of the Rings),"Tolkien, J. R. R. @ BookFinder.com",Amazon.com,used,28.0,"New Ed. Pages 535. In stock Usually ships within 2 to 3 days. From : awesomebooksusa, United States",
9780007171972,The Fellowship of the Ring (Lord of the Rings),"Tolkien, J. R. R. @ BookFinder.com",Amazon.com,used,34.0,"New Ed. Pages 535. In Stock. From : BetterWorldBooksUK, United Kingdom",
9780007171972,The Fellowship of the Ring (Lord of the Rings),"Tolkien, J. R. R. @ BookFinder.com",Amazon.com,used,35.0,"New Ed. Pages 535. In Stock. From : WeBuyBooks-UK, United Kingdom",
9780007171972,The Fellowship of the Ring (Lord of the Rings),"Tolkien, J. R. R. @ BookFinder.com",Amazon.com,used,43.0,"New Ed. Pages 535. In Stock. From : BookExcellence, United States",
9780007171972,The Fellowship of the Ring (Lord of the Rings),"Tolkien, J. R. R. @ BookFinder.com",Amazon.com,used,47.0,"New Ed. Pages 535. In Stock. From : greener_books_london, United Kingdom",
9780060113292,The Sport of Queens: The Autobiography of Dick Francis,"Dmitri Kabalevsky. Teaching and performance notes, written by John York, are listed at the end of the book. Novelette is included on ABRSM Piano Grade 5 syllabus, 2017-2018",Amazon.com,used,2.0,"First American Edition. Pages 0. In Stock. From : Hawking Books, United States",
9780060113292,The Sport of Queens: The Autobiography of Dick Francis,"Dmitri Kabalevsky. Teaching and performance notes, written by John York, are listed at the end of the book. Novelette is included on ABRSM Piano Grade 5 syllabus, 2017-2018",Amazon.com,used,3.0,"First American Edition. Pages 0. In Stock. Fulfillment by Amazon. From : -OnTimeBooks-, United States",
9780060113292,The Sport of Queens: The Autobiography of Dick Francis,"Dmitri Kabalevsky. Teaching and performance notes, written by John York, are listed at the end of the book. Novelette is included on ABRSM Piano Grade 5 syllabus, 2017-2018",Amazon.com (Prime),used,4.0,"First American Edition. Pages 0. In Stock. Fulfillment by Amazon. Amazon Prime. Not a Prime member? Try Amazon Prime 30-Day Free Trial which includes Prime Video, Prime Music and Prime Reading. From : -OnTimeBooks-, United States",
9780060113292,The Sport of Queens: The Autobiography of Dick Francis,"Dmitri Kabalevsky. Teaching and performance notes, written by John York, are listed at the end of the book. Novelette is included on ABRSM Piano Grade 5 syllabus, 2017-2018",Amazon.com,used,5.0,"First American Edition. Pages 0. In stock Usually ships within 2 to 3 days. From : Bahamut Media, United States",
9780060113292,The Sport of Queens: The Autobiography of Dick Francis,"Dmitri Kabalevsky. Teaching and performance notes, written by John York, are listed at the end of the book. Novelette is included on ABRSM Piano Grade 5 syllabus, 2017-2018",Amazon.com,used,6.0,"First American Edition. Pages 0. In stock Usually ships within 2 to 3 days. From : awesomebooksusa, United States",
9780060113292,The Sport of Queens: The Autobiography of Dick Francis,"Dmitri Kabalevsky. Teaching and performance notes, written by John York, are listed at the end of the book. Novelette is included on ABRSM Piano Grade 5 syllabus, 2017-2018",Amazon.com,used,11.0,"First American Edition. Pages 0. In Stock. From : WeBuyBooks-UK, United Kingdom",
9780060113292,The Sport of Queens: The Autobiography of Dick Francis,"Dmitri Kabalevsky. Teaching and performance notes, written by John York, are listed at the end of the book. Novelette is included on ABRSM Piano Grade 5 syllabus, 2017-2018",Amazon.com,used,13.0,"First American Edition. Pages 0. In Stock. From : Nevada Book Boutique, United States",
9780060113292,The Sport of Queens: The Autobiography of Dick Francis,"Dmitri Kabalevsky. Teaching and performance notes, written by John York, are listed at the end of the book. Novelette is included on ABRSM Piano Grade 5 syllabus, 2017-2018",Amazon.com,used,25.0,"First American Edition. Pages 0. In Stock. From : Zoverstocks, United Kingdom",
9780060113292,The Sport of Queens: The Autobiography of Dick Francis,"Dmitri Kabalevsky. Teaching and performance notes, written by John York, are listed at the end of the book. Novelette is included on ABRSM Piano Grade 5 syllabus, 2017-2018",Amazon.com,used,26.0,"First American Edition. Pages 0. In stock Usually ships within 4 to 5 days. From : Chocobooks., France",
9780060113292,The Sport of Queens: The Autobiography of Dick Francis,"Dmitri Kabalevsky. Teaching and performance notes, written by John York, are listed at the end of the book. Novelette is included on ABRSM Piano Grade 5 syllabus, 2017-2018",Amazon.com,used,33.0,"First American Edition. Pages 0. In stock Usually ships within 3 to 4 days. From : Walletkite, France",
9780060113292,The Sport of Queens: The Autobiography of Dick Francis,"Dmitri Kabalevsky. Teaching and performance notes, written by John York, are listed at the end of the book. Novelette is included on ABRSM Piano Grade 5 syllabus, 2017-2018",Amazon.com,used,46.0,"First American Edition. Pages 0. In Stock. From : Atmosphere Bks, Spain",
9780060113292,The Sport of Queens: The Autobiography of Dick Francis,"Dmitri Kabalevsky. Teaching and performance notes, written by John York, are listed at the end of the book. Novelette is included on ABRSM Piano Grade 5 syllabus, 2017-2018",Amazon.com,used,2.0,"First American Edition. Pages 0. In Stock. From : Hawking Books, United States",
9780060113292,The Sport of Queens: The Autobiography of Dick Francis,"Dmitri Kabalevsky. Teaching and performance notes, written by John York, are listed at the end of the book. Novelette is included on ABRSM Piano Grade 5 syllabus, 2017-2018",Amazon.com,used,3.0,"First American Edition. Pages 0. In Stock. Fulfillment by Amazon. From : -OnTimeBooks-, United States",
9780060113292,The Sport of Queens: The Autobiography of Dick Francis,"Dmitri Kabalevsky. Teaching and performance notes, written by John York, are listed at the end of the book. Novelette is included on ABRSM Piano Grade 5 syllabus, 2017-2018",Amazon.com (Prime),used,4.0,"First American Edition. Pages 0. In Stock. Fulfillment by Amazon. Amazon Prime. Not a Prime member? Try Amazon Prime 30-Day Free Trial which includes Prime Video, Prime Music and Prime Reading. From : -OnTimeBooks-, United States",
9780060113292,The Sport of Queens: The Autobiography of Dick Francis,"Dmitri Kabalevsky. Teaching and performance notes, written by John York, are listed at the end of the book. Novelette is included on ABRSM Piano Grade 5 syllabus, 2017-2018",Amazon.com,used,5.0,"First American Edition. Pages 0. In stock Usually ships within 2 to 3 days. From : Bahamut Media, United States",
9780060113292,The Sport of Queens: The Autobiography of Dick Francis,"Dmitri Kabalevsky. Teaching and performance notes, written by John York, are listed at the end of the book. Novelette is included on ABRSM Piano Grade 5 syllabus, 2017-2018",Amazon.com,used,6.0,"First American Edition. Pages 0. In stock Usually ships within 2 to 3 days. From : awesomebooksusa, United States",
9780060113292,The Sport of Queens: The Autobiography of Dick Francis,"Dmitri Kabalevsky. Teaching and performance notes, written by John York, are listed at the end of the book. Novelette is included on ABRSM Piano Grade 5 syllabus, 2017-2018",Amazon.com,used,11.0,"First American Edition. Pages 0. In Stock. From : WeBuyBooks-UK, United Kingdom",
9780060113292,The Sport of Queens: The Autobiography of Dick Francis,"Dmitri Kabalevsky. Teaching and performance notes, written by John York, are listed at the end of the book. Novelette is included on ABRSM Piano Grade 5 syllabus, 2017-2018",Amazon.com,used,13.0,"First American Edition. Pages 0. In Stock. From : Nevada Book Boutique, United States",
9780060113292,The Sport of Queens: The Autobiography of Dick Francis,"Dmitri Kabalevsky. Teaching and performance notes, written by John York, are listed at the end of the book. Novelette is included on ABRSM Piano Grade 5 syllabus, 2017-2018",Amazon.com,used,25.0,"First American Edition. Pages 0. In Stock. From : Zoverstocks, United Kingdom",
9780060113292,The Sport of Queens: The Autobiography of Dick Francis,"Dmitri Kabalevsky. Teaching and performance notes, written by John York, are listed at the end of the book. Novelette is included on ABRSM Piano Grade 5 syllabus, 2017-2018",Amazon.com,used,26.0,"First American Edition. Pages 0. In stock Usually ships within 4 to 5 days. From : Chocobooks., France",
9780060113292,The Sport of Queens: The Autobiography of Dick Francis,"Dmitri Kabalevsky. Teaching and performance notes, written by John York, are listed at the end of the book. Novelette is included on ABRSM Piano Grade 5 syllabus, 2017-2018",Amazon.com,used,32.0,"First American Edition. Pages 0. In stock Usually ships within 3 to 4 days. From : Walletkite, France",
9780060113292,The Sport of Queens: The Autobiography of Dick Francis,"Dmitri Kabalevsky. Teaching and performance notes, written by John York, are listed at the end of the book. Novelette is included on ABRSM Piano Grade 5 syllabus, 2017-2018",Amazon.com,used,40.0,"First American Edition. Pages 0. In Stock. From : Atmosphere Bks, Spain",
9780671039165,Antony and Cleopatra (The New Folger Library Shakespeare),"Shakespeare, William @ BookFinder.com",Amazon.com,used,13.0,"Annotated edition. Pages 336. In stock Usually ships within 3 to 4 days. From : ThriftBooks-Baltimore, United States",
9780671039165,Antony and Cleopatra (The New Folger Library Shakespeare),"Shakespeare, William @ BookFinder.com",Amazon.com,used,14.0,"Annotated edition. Pages 336. In stock Usually ships within 3 to 4 days. From : ThriftBooks-Seattle, United States",
9780671039165,Antony and Cleopatra (The New Folger Library Shakespeare),"Shakespeare, William @ BookFinder.com",Amazon.com,used,15.0,"Annotated edition. Pages 336. In stock Usually ships within 3 to 4 days. From : ThriftBooks-Chicago, United States",
9780671039165,Antony and Cleopatra (The New Folger Library Shakespeare),"Shakespeare, William @ BookFinder.com",Amazon.com,used,16.0,"Annotated edition. Pages 336. In stock Usually ships within 3 to 4 days. From : ThriftBooks-Dallas, United States",
9780671039165,Antony and Cleopatra (The New Folger Library Shakespeare),"Shakespeare, William @ BookFinder.com",Amazon.com,used,17.0,"Annotated edition. Pages 336. In stock Usually ships within 3 to 4 days. From : ThriftBooks-Phoenix, United States",
9780671039165,Antony and Cleopatra (The New Folger Library Shakespeare),"Shakespeare, William @ BookFinder.com",Amazon.com,used,31.0,"Annotated edition. Pages 336. In Stock. From : Better World Books: East, United States",
9780671039165,Antony and Cleopatra (The New Folger Library Shakespeare),"Shakespeare, William @ BookFinder.com",Amazon.com,used,45.0,"Annotated edition. Pages 336. In Stock. From : GF Books, Inc., United States",
9780671039165,Antony and Cleopatra (The New Folger Library Shakespeare),"Shakespeare, William @ BookFinder.com",Amazon.com,used,47.0,"Annotated edition. Pages 336. Usually ships within 10 to 11 days. From : papercavalier 💂, United Kingdom",
9780671039165,Antony and Cleopatra (The New Folger Library Shakespeare),"Shakespeare, William @ BookFinder.com",Amazon.com,used,7.0,"Annotated edition. Pages 336. Usually ships within 9 to 10 days. From : CalMaz Books, United States",
9780671039165,Antony and Cleopatra (The New Folger Library Shakespeare),"Shakespeare, William @ BookFinder.com",Amazon.com,used,13.0,"Annotated edition. Pages 336. In stock Usually ships within 3 to 4 days. From : ThriftBooks-Baltimore, United States",
9780671039165,Antony and Cleopatra (The New Folger Library Shakespeare),"Shakespeare, William @ BookFinder.com",Amazon.com,used,14.0,"Annotated edition. Pages 336. In stock Usually ships within 3 to 4 days. From : ThriftBooks-Seattle, United States",
9780671039165,Antony and Cleopatra (The New Folger Library Shakespeare),"Shakespeare, William @ BookFinder.com",Amazon.com,used,15.0,"Annotated edition. Pages 336. In stock Usually ships within 3 to 4 days. From : ThriftBooks-Chicago, United States",
9780671039165,Antony and Cleopatra (The New Folger Library Shakespeare),"Shakespeare, William @ BookFinder.com",Amazon.com,used,16.0,"Annotated edition. Pages 336. In stock Usually ships within 3 to 4 days. From : ThriftBooks-Dallas, United States",
9780671039165,Antony and Cleopatra (The New Folger Library Shakespeare),"Shakespeare, William @ BookFinder.com",Amazon.com,used,17.0,"Annotated edition. Pages 336. In stock Usually ships within 3 to 4 days. From : ThriftBooks-Phoenix, United States",
9780671039165,Antony and Cleopatra (The New Folger Library Shakespeare),"Shakespeare, William @ BookFinder.com",Amazon.com,used,31.0,"Annotated edition. Pages 336. In Stock. From : Better World Books: East, United States",
9780671039165,Antony and Cleopatra (The New Folger Library Shakespeare),"Shakespeare, William @ BookFinder.com",Amazon.com,used,45.0,"Annotated edition. Pages 336. In Stock. From : GF Books, Inc., United States",
9780671039165,Antony and Cleopatra (The New Folger Library Shakespeare),"Shakespeare, William @ BookFinder.com",Amazon.com,used,47.0,"Annotated edition. Pages 336. Usually ships within 10 to 11 days. From : papercavalier 💂, United Kingdom",
9780195001990,"A Study of History, Vol. 2: Abridgement of Volumes VII-X","Toynbee, Arnold J. @ BookFinder.com",Amazon.com,used,6.0,"Abridged Format: Abridged. Pages 432. In Stock. From : World of Books (previously glenthebookseller), United States",
9780195001990,"A Study of History, Vol. 2: Abridgement of Volumes VII-X","Toynbee, Arnold J. @ BookFinder.com",Amazon.com,used,16.0,"Abridged Format: Abridged. Pages 432. In Stock. From : Bay State Book Company, United States",
9780195001990,"A Study of History, Vol. 2: Abridgement of Volumes VII-X","Toynbee, Arnold J. @ BookFinder.com",Amazon.com,used,20.0,"Abridged Format: Abridged. Pages 432. In Stock. From : burnt_biscuit_books, United States",
9780195001990,"A Study of History, Vol. 2: Abridgement of Volumes VII-X","Toynbee, Arnold J. @ BookFinder.com",Amazon.com,used,21.0,"Abridged Format: Abridged. Pages 432. In Stock. From : burnt_biscuit_books, United States",
9780195001990,"A Study of History, Vol. 2: Abridgement of Volumes VII-X","Toynbee, Arnold J. @ BookFinder.com",Amazon.com,used,24.0,"Abridged Format: Abridged. Pages 432. In Stock. From : Dunaway Books, United States",
9780195001990,"A Study of History, Vol. 2: Abridgement of Volumes VII-X","Toynbee, Arnold J. @ BookFinder.com",Amazon.com,used,37.0,"Abridged Format: Abridged. Pages 432. In Stock. Fulfillment by Amazon. From : Undercover Books LLC, United States",
9780195001990,"A Study of History, Vol. 2: Abridgement of Volumes VII-X","Toynbee, Arnold J. @ BookFinder.com",Amazon.com (Prime),used,38.0,"Abridged Format: Abridged. Pages 432. In Stock. Fulfillment by Amazon. Amazon Prime. Not a Prime member? Try Amazon Prime 30-Day Free Trial which includes Prime Video, Prime Music and Prime Reading. From : Undercover Books LLC, United States",
9780195001990,"A Study of History, Vol. 2: Abridgement of Volumes VII-X","Toynbee, Arnold J. @ BookFinder.com",Amazon.com,used,40.0,"Abridged Format: Abridged. Pages 432. In Stock. From : LuminaryBooks, United States",
9780195001990,"A Study of History, Vol. 2: Abridgement of Volumes VII-X","Toynbee, Arnold J. @ BookFinder.com",Amazon.com,used,41.0,"Abridged Format: Abridged. Pages 432. In Stock. From : Noble Knight Games, Inc., United States",
9780195001990,"A Study of History, Vol. 2: Abridgement of Volumes VII-X","Toynbee, Arnold J. @ BookFinder.com",Amazon.com,used,43.0,"Abridged Format: Abridged. Pages 432. In Stock. From : bujoldfan, United States",
9780195001990,"A Study of History, Vol. 2: Abridgement of Volumes VII-X","Toynbee, Arnold J. @ BookFinder.com",Amazon.com,used,5.0,"Abridged Format: Abridged. Pages 432. In Stock. From : belskiy, United States",
9780195001990,"A Study of History, Vol. 2: Abridgement of Volumes VII-X","Toynbee, Arnold J. @ BookFinder.com",Amazon.com,used,6.0,"Abridged Format: Abridged. Pages 432. In Stock. From : World of Books (previously glenthebookseller), United States",
9780195001990,"A Study of History, Vol. 2: Abridgement of Volumes VII-X","Toynbee, Arnold J. @ BookFinder.com",Amazon.com,used,16.0,"Abridged Format: Abridged. Pages 432. In Stock. From : Bay State Book Company, United States",
9780195001990,"A Study of History, Vol. 2: Abridgement of Volumes VII-X","Toynbee, Arnold J. @ BookFinder.com",Amazon.com,used,20.0,"Abridged Format: Abridged. Pages 432. In Stock. From : burnt_biscuit_books, United States",
9780195001990,"A Study of History, Vol. 2: Abridgement of Volumes VII-X","Toynbee, Arnold J. @ BookFinder.com",Amazon.com,used,21.0,"Abridged Format: Abridged. Pages 432. In Stock. From : burnt_biscuit_books, United States",
9780195001990,"A Study of History, Vol. 2: Abridgement of Volumes VII-X","Toynbee, Arnold J. @ BookFinder.com",Amazon.com,used,24.0,"Abridged Format: Abridged. Pages 432. In Stock. From : Dunaway Books, United States",
9780195001990,"A Study of History, Vol. 2: Abridgement of Volumes VII-X","Toynbee, Arnold J. @ BookFinder.com",Amazon.com,used,37.0,"Abridged Format: Abridged. Pages 432. In Stock. Fulfillment by Amazon. From : Undercover Books LLC, United States",
9780195001990,"A Study of History, Vol. 2: Abridgement of Volumes VII-X","Toynbee, Arnold J. @ BookFinder.com",Amazon.com (Prime),used,38.0,"Abridged Format: Abridged. Pages 432. In Stock. Fulfillment by Amazon. Amazon Prime. Not a Prime member? Try Amazon Prime 30-Day Free Trial which includes Prime Video, Prime Music and Prime Reading. From : Undercover Books LLC, United States",
9780195001990,"A Study of History, Vol. 2: Abridgement of Volumes VII-X","Toynbee, Arnold J. @ BookFinder.com",Amazon.com,used,40.0,"Abridged Format: Abridged. Pages 432. In Stock. From : LuminaryBooks, United States",
9780195001990,"A Study of History, Vol. 2: Abridgement of Volumes VII-X","Toynbee, Arnold J. @ BookFinder.com",Amazon.com,used,41.0,"Abridged Format: Abridged. Pages 432. In Stock. From : Noble Knight Games, Inc., United States",
9780195001990,"A Study of History, Vol. 2: Abridgement of Volumes VII-X","Toynbee, Arnold J. @ BookFinder.com",Amazon.com,used,43.0,"Abridged Format: Abridged. Pages 432. In Stock. From : bujoldfan, United States",
9781561386536,Tess of the D'Urbervilles: A Pure Woman Faithfully Presented (Giant Courage Classics),"Hardy, Thomas; Howe, Ian @ BookFinder.com",Amazon.com,used,8.0,"Unabridged Format: Unabridged. Pages 760. In Stock. From : Seattlegoodwill, United States",
9781561386536,Tess of the D'Urbervilles: A Pure Woman Faithfully Presented (Giant Courage Classics),"Hardy, Thomas; Howe, Ian @ BookFinder.com",Amazon.com,used,11.0,"Unabridged Format: Unabridged. Pages 760. In Stock. From : World of Books (previously glenthebookseller), United States",
9781561386536,Tess of the D'Urbervilles: A Pure Woman Faithfully Presented (Giant Courage Classics),"Hardy, Thomas; Howe, Ian @ BookFinder.com",Amazon.com,used,17.0,"Unabridged Format: Unabridged. Pages 760. In stock Usually ships within 3 to 4 days. From : ThriftBooks-Phoenix, United States",
9781561386536,Tess of the D'Urbervilles: A Pure Woman Faithfully Presented (Giant Courage Classics),"Hardy, Thomas; Howe, Ian @ BookFinder.com",Amazon.com,used,18.0,"Unabridged Format: Unabridged. Pages 760. In stock Usually ships within 3 to 4 days. From : ThriftBooks-Dallas, United States",
9781561386536,Tess of the D'Urbervilles: A Pure Woman Faithfully Presented (Giant Courage Classics),"Hardy, Thomas; Howe, Ian @ BookFinder.com",Amazon.com,used,19.0,"Unabridged Format: Unabridged. Pages 760. In stock Usually ships within 3 to 4 days. From : ThriftBooks-Baltimore, United States",
9781561386536,Tess of the D'Urbervilles: A Pure Woman Faithfully Presented (Giant Courage Classics),"Hardy, Thomas; Howe, Ian @ BookFinder.com",Amazon.com,used,27.0,"Unabridged Format: Unabridged. Pages 760. In Stock. From : The Used Book Company, United States",
9781561386536,Tess of the D'Urbervilles: A Pure Woman Faithfully Presented (Giant Courage Classics),"Hardy, Thomas; Howe, Ian @ BookFinder.com",Amazon.com,used,35.0,"Unabridged Format: Unabridged. Pages 760. In Stock. From : Hawking Books, United States",
9781561386536,Tess of the D'Urbervilles: A Pure Woman Faithfully Presented (Giant Courage Classics),"Hardy, Thomas; Howe, Ian @ BookFinder.com",Amazon.com,used,44.0,"Unabridged Format: Unabridged. Pages 760. In Stock. From : WonderBook, United States",
9781561386536,Tess of the D'Urbervilles: A Pure Woman Faithfully Presented (Giant Courage Classics),"Hardy, Thomas; Howe, Ian @ BookFinder.com",Amazon.com,used,45.0,"Unabridged Format: Unabridged. Pages 760. In Stock. From : HPB Inc., United States",
9781561386536,Tess of the D'Urbervilles: A Pure Woman Faithfully Presented (Giant Courage Classics),"Hardy, Thomas; Howe, Ian @ BookFinder.com",Amazon.com,used,48.0,"Unabridged Format: Unabridged. Pages 760. In Stock. From : ral, United States",
9781561386536,Tess of the D'Urbervilles: A Pure Woman Faithfully Presented (Giant Courage Classics),"Hardy, Thomas; Howe, Ian @ BookFinder.com",Amazon.com,used,2.0,"Unabridged Format: Unabridged. Pages 760. In Stock. From : cbexchange, United States",
9781561386536,Tess of the D'Urbervilles: A Pure Woman Faithfully Presented (Giant Courage Classics),"Hardy, Thomas; Howe, Ian @ BookFinder.com",Amazon.com,used,3.0,"Unabridged Format: Unabridged. Pages 760. In Stock. From : The Mighty Pen Bookshop, United States",
9781561386536,Tess of the D'Urbervilles: A Pure Woman Faithfully Presented (Giant Courage Classics),"Hardy, Thomas; Howe, Ian @ BookFinder.com",Amazon.com,used,8.0,"Unabridged Format: Unabridged. Pages 760. In Stock. From : Seattlegoodwill, United States",
9781561386536,Tess of the D'Urbervilles: A Pure Woman Faithfully Presented (Giant Courage Classics),"Hardy, Thomas; Howe, Ian @ BookFinder.com",Amazon.com,used,11.0,"Unabridged Format: Unabridged. Pages 760. In Stock. From : World of Books (previously glenthebookseller), United States",
9781561386536,Tess of the D'Urbervilles: A Pure Woman Faithfully Presented (Giant Courage Classics),"Hardy, Thomas; Howe, Ian @ BookFinder.com",Amazon.com,used,17.0,"Unabridged Format: Unabridged. Pages 760. In stock Usually ships within 3 to 4 days. From : ThriftBooks-Phoenix, United States",
9781561386536,Tess of the D'Urbervilles: A Pure Woman Faithfully Presented (Giant Courage Classics),"Hardy, Thomas; Howe, Ian @ BookFinder.com",Amazon.com,used,18.0,"Unabridged Format: Unabridged. Pages 760. In stock Usually ships within 3 to 4 days. From : ThriftBooks-Dallas, United States",
9781561386536,Tess of the D'Urbervilles: A Pure Woman Faithfully Presented (Giant Courage Classics),"Hardy, Thomas; Howe, Ian @ BookFinder.com",Amazon.com,used,19.0,"Unabridged Format: Unabridged. Pages 760. In stock Usually ships within 3 to 4 days. From : ThriftBooks-Baltimore, United States",
9781561386536,Tess of the D'Urbervilles: A Pure Woman Faithfully Presented (Giant Courage Classics),"Hardy, Thomas; Howe, Ian @ BookFinder.com",Amazon.com,used,27.0,"Unabridged Format: Unabridged. Pages 760. In Stock. From : The Used Book Company, United States",
9781561386536,Tess of the D'Urbervilles: A Pure Woman Faithfully Presented (Giant Courage Classics),"Hardy, Thomas; Howe, Ian @ BookFinder.com",Amazon.com,used,35.0,"Unabridged Format: Unabridged. Pages 760. In Stock. From : Hawking Books, United States",
9781561386536,Tess of the D'Urbervilles: A Pure Woman Faithfully Presented (Giant Courage Classics),"Hardy, Thomas; Howe, Ian @ BookFinder.com",Amazon.com,used,44.0,"Unabridged Format: Unabridged. Pages 760. In Stock. From : WonderBook, United States",
9781561386536,Tess of the D'Urbervilles: A Pure Woman Faithfully Presented (Giant Courage Classics),"Hardy, Thomas; Howe, Ian @ BookFinder.com",Amazon.com,used,45.0,"Unabridged Format: Unabridged. Pages 760. In Stock. From : HPB Inc., United States",
9781561386536,Tess of the D'Urbervilles: A Pure Woman Faithfully Presented (Giant Courage Classics),"Hardy, Thomas; Howe, Ian @ BookFinder.com",Amazon.com,used,48.0,"Unabridged Format: Unabridged. Pages 760. In Stock. From : ral, United States",
9780174436614,As You Like It: (2nd series) Playgoer's Edition (The Arden Shakespeare),"Latham, Agnes @ BookFinder.com",Amazon.com,used,1.0,"1. Pages 231. In stock Usually ships within 3 to 4 days. From : BOOK_DEPOT, United States",
9780174436614,As You Like It: (2nd series) Playgoer's Edition (The Arden Shakespeare),"Latham, Agnes @ BookFinder.com",Amazon.com,used,5.0,"1. Pages 231. In Stock. From : bestandfastestbooks, United States",
9780174436614,As You Like It: (2nd series) Playgoer's Edition (The Arden Shakespeare),"Latham, Agnes @ BookFinder.com",Amazon.com,used,6.0,"1. Pages 231. In Stock. From : St Vinnie's Charitable Books, United States",
9780174436614,As You Like It: (2nd series) Playgoer's Edition (The Arden Shakespeare),"Latham, Agnes @ BookFinder.com",Amazon.com,used,1.0,"1. Pages 231. In stock Usually ships within 3 to 4 days. From : BOOK_DEPOT, United States",
9780174436614,As You Like It: (2nd series) Playgoer's Edition (The Arden Shakespeare),"Latham, Agnes @ BookFinder.com",Amazon.com,used,3.0,"1. Pages 231. In Stock. From : bestandfastestbooks, United States",
9780174436614,As You Like It: (2nd series) Playgoer's Edition (The Arden Shakespeare),"Latham, Agnes @ BookFinder.com",Amazon.com,used,4.0,"1. Pages 231. In Stock. From : St Vinnie's Charitable Books, United States",
9780894719974,Robinson Crusoe,Daniel Defoe @ BookFinder.com,Amazon.com,used,11.0,"Illustrated. Pages 368. In Stock. From : HPB-Emerald, United States",
9780894719974,Robinson Crusoe,Daniel Defoe @ BookFinder.com,Amazon.com,used,12.0,"Illustrated. Pages 368. In Stock. From : HPB Inc., United States",
9780894719974,Robinson Crusoe,Daniel Defoe @ BookFinder.com,Amazon.com,used,13.0,"Illustrated. Pages 368. In stock Usually ships within 3 to 4 days. From : ThriftBooks-Baltimore, United States",
9780894719974,Robinson Crusoe,Daniel Defoe @ BookFinder.com,Amazon.com,used,23.0,"Illustrated. Pages 368. In Stock. From : Better World Books: South, United States",
9780894719974,Robinson Crusoe,Daniel Defoe @ BookFinder.com,Amazon.com,used,24.0,"Illustrated. Pages 368. In Stock. From : Better World Books: South, United States",
9780894719974,Robinson Crusoe,Daniel Defoe @ BookFinder.com,Amazon.com,used,26.0,"Illustrated. Pages 368. In Stock. From : Fun with Books and Board Games, United States",
9780894719974,Robinson Crusoe,Daniel Defoe @ BookFinder.com,Amazon.com,used,27.0,"Illustrated. Pages 368. In Stock. From : wymanbooks, United States",
9780894719974,Robinson Crusoe,Daniel Defoe @ BookFinder.com,Amazon.com,used,28.0,"Illustrated. Pages 368. In Stock. From : Fast Cat Books, United States",
9780894719974,Robinson Crusoe,Daniel Defoe @ BookFinder.com,Amazon.com,used,29.0,"Illustrated. Pages 368. In Stock. From : WeBuyBooks-UK, United Kingdom",
9780894719974,Robinson Crusoe,Daniel Defoe @ BookFinder.com,Amazon.com,used,47.0,"Illustrated. Pages 368. In Stock. From : basementseller101, United States",
9780894719974,Robinson Crusoe,Daniel Defoe @ BookFinder.com,Amazon.com,used,5.0,"Illustrated. Pages 368. In Stock. From : basementseller101, United States",
9780894719974,Robinson Crusoe,Daniel Defoe @ BookFinder.com,Amazon.com,used,11.0,"Illustrated. Pages 368. In Stock. From : HPB-Emerald, United States",
9780894719974,Robinson Crusoe,Daniel Defoe @ BookFinder.com,Amazon.com,used,12.0,"Illustrated. Pages 368. In Stock. From : HPB Inc., United States",
9780894719974,Robinson Crusoe,Daniel Defoe @ BookFinder.com,Amazon.com,used,13.0,"Illustrated. Pages 368. In stock Usually ships within 3 to 4 days. From : ThriftBooks-Baltimore, United States",
9780894719974,Robinson Crusoe,Daniel Defoe @ BookFinder.com,Amazon.com,used,23.0,"Illustrated. Pages 368. In Stock. From : Better World Books: South, United States",
9780894719974,Robinson Crusoe,Daniel Defoe @ BookFinder.com,Amazon.com,used,24.0,"Illustrated. Pages 368. In Stock. From : Better World Books: South, United States",
9780894719974,Robinson Crusoe,Daniel Defoe @ BookFinder.com,Amazon.com,used,26.0,"Illustrated. Pages 368. In Stock. From : Fun with Books and Board Games, United States",
9780894719974,Robinson Crusoe,Daniel Defoe @ BookFinder.com,Amazon.com,used,27.0,"Illustrated. Pages 368. In Stock. From : wymanbooks, United States",
9780894719974,Robinson Crusoe,Daniel Defoe @ BookFinder.com,Amazon.com,used,28.0,"Illustrated. Pages 368. In Stock. From : Fast Cat Books, United States",
9780894719974,Robinson Crusoe,Daniel Defoe @ BookFinder.com,Amazon.com,used,29.0,"Illustrated. Pages 368. In Stock. From : WeBuyBooks-UK, United Kingdom",
9780449208298,Best of Isaac Asimov,"Asimov, Isaac @ BookFinder.com",Amazon.com,used,25.0,"Reissue. Pages 319. In Stock. From : Books Today For You, United States",
9780449208298,Best of Isaac Asimov,"Asimov, Isaac @ BookFinder.com",Amazon.com,used,29.0,"Reissue. Pages 319. Usually ships within 8 to 9 days. From : papercavalier 💂, United Kingdom",
9780449208298,Best of Isaac Asimov,"Asimov, Isaac @ BookFinder.com",Amazon.com,used,25.0,"Reissue. Pages 319. In Stock. From : Books Today For You, United States",
9780449208298,Best of Isaac Asimov,"Asimov, Isaac @ BookFinder.com",Amazon.com,used,29.0,"Reissue. Pages 319. Usually ships within 8 to 9 days. From : papercavalier 💂, United Kingdom",
9780684853529,On Writing: A Memoir of the Craft,"King, Stephen @ BookFinder.com",Amazon.com,used,12.0,"First Edition Format: Unabridged. Pages 288. In Stock. From : RNA TRADE LLC, United States",
9780684853529,On Writing: A Memoir of the Craft,"King, Stephen @ BookFinder.com",Amazon.com,used,13.0,"First Edition Format: Unabridged. Pages 288. In Stock. From : RNA TRADE LLC, United States",
9780684853529,On Writing: A Memoir of the Craft,"King, Stephen @ BookFinder.com",Amazon.com,used,14.0,"First Edition Format: Unabridged. Pages 288. In Stock. From : RNA TRADE LLC, United States",
9780684853529,On Writing: A Memoir of the Craft,"King, Stephen @ BookFinder.com",Amazon.com,used,15.0,"First Edition Format: Unabridged. Pages 288. In Stock. From : RNA TRADE LLC, United States",
9780684853529,On Writing: A Memoir of the Craft,"King, Stephen @ BookFinder.com",Amazon.com,used,16.0,"First Edition Format: Unabridged. Pages 288. In Stock. From : RNA TRADE LLC, United States",
9780684853529,On Writing: A Memoir of the Craft,"King, Stephen @ BookFinder.com",Amazon.com,used,17.0,"First Edition Format: Unabridged. Pages 288. In Stock. From : RNA TRADE LLC, United States",
9780684853529,On Writing: A Memoir of the Craft,"King, Stephen @ BookFinder.com",Amazon.com,used,18.0,"First Edition Format: Unabridged. Pages 288. In Stock. From : RNA TRADE LLC, United States",
9780684853529,On Writing: A Memoir of the Craft,"King, Stephen @ BookFinder.com",Amazon.com,used,19.0,"First Edition Format: Unabridged. Pages 288. In Stock. From : FindAnyBook, United States",
9780684853529,On Writing: A Memoir of the Craft,"King, Stephen @ BookFinder.com",Amazon.com,used,20.0,"First Edition Format: Unabridged. Pages 288. In Stock. From : FindAnyBook, United States",
9780684853529,On Writing: A Memoir of the Craft,"King, Stephen @ BookFinder.com",Amazon.com,used,21.0,"First Edition Format: Unabridged. Pages 288. In Stock. From : FindAnyBook, United States",
9780684853529,On Writing: A Memoir of the Craft,"King, Stephen @ BookFinder.com",Amazon.com,used,1.0,"First Edition Format: Unabridged. Pages 288. In Stock. From : denelle66, United States",
9780684853529,On Writing: A Memoir of the Craft,"King, Stephen @ BookFinder.com",Amazon.com,used,2.0,"First Edition Format: Unabridged. Pages 288. Fulfillment by Amazon. From : Camalion Enterprises, United States",
9780684853529,On Writing: A Memoir of the Craft,"King, Stephen @ BookFinder.com",Amazon.com (Prime),used,3.0,"First Edition Format: Unabridged. Pages 288. Fulfillment by Amazon. Amazon Prime. Not a Prime member? Try Amazon Prime 30-Day Free Trial which includes Prime Video, Prime Music and Prime Reading. From : Camalion Enterprises, United States",
9780684853529,On Writing: A Memoir of the Craft,"King, Stephen @ BookFinder.com",Amazon.com,used,4.0,"First Edition Format: Unabridged. Pages 288. In Stock. From : Muguet’s store, United States",
9780684853529,On Writing: A Memoir of the Craft,"King, Stephen @ BookFinder.com",Amazon.com,used,5.0,"First Edition Format: Unabridged. Pages 288. In Stock. From : Jj book, United States",
9780684853529,On Writing: A Memoir of the Craft,"King, Stephen @ BookFinder.com",Amazon.com,used,6.0,"First Edition Format: Unabridged. Pages 288. In Stock. From : Red Fox Book Shop, United States",
9780684853529,On Writing: A Memoir of the Craft,"King, Stephen @ BookFinder.com",Amazon.com,used,8.0,"First Edition Format: Unabridged. Pages 288. In Stock. Fulfillment by Amazon. From : Readers' Haven, United States",
9780684853529,On Writing: A Memoir of the Craft,"King, Stephen @ BookFinder.com",Amazon.com (Prime),used,9.0,"First Edition Format: Unabridged. Pages 288. In Stock. Fulfillment by Amazon. Amazon Prime. Not a Prime member? Try Amazon Prime 30-Day Free Trial which includes Prime Video, Prime Music and Prime Reading. From : Readers' Haven, United States",
9780684853529,On Writing: A Memoir of the Craft,"King, Stephen @ BookFinder.com",Amazon.com,used,10.0,"First Edition Format: Unabridged. Pages 288. In Stock. Fulfillment by Amazon. From : Peaceful Books Place, United States",
9780684853529,On Writing: A Memoir of the Craft,"King, Stephen @ BookFinder.com",Amazon.com (Prime),used,11.0,"First Edition Format: Unabridged. Pages 288. In Stock. Fulfillment by Amazon. Amazon Prime. Not a Prime member? Try Amazon Prime 30-Day Free Trial which includes Prime Video, Prime Music and Prime Reading. From : Peaceful Books Place, United States",
9780684853529,On Writing: A Memoir of the Craft,"King, Stephen @ BookFinder.com",Amazon.com,used,12.0,"First Edition Format: Unabridged. Pages 288. In Stock. Fulfillment by Amazon. From : VIOR LLC, United States",
9780684853529,On Writing: A Memoir of the Craft,"King, Stephen @ BookFinder.com",Amazon.com (Prime),used,13.0,"First Edition Format: Unabridged. Pages 288. In Stock. Fulfillment by Amazon. Amazon Prime. Not a Prime member? Try Amazon Prime 30-Day Free Trial which includes Prime Video, Prime Music and Prime Reading. From : VIOR LLC, United States",
9780684853529,On Writing: A Memoir of the Craft,"King, Stephen @ BookFinder.com",Amazon.com,used,14.0,"First Edition Format: Unabridged. Pages 288. In Stock. From : West Coast Bookseller, United States",
9780684853529,On Writing: A Memoir of the Craft,"King, Stephen @ BookFinder.com",Amazon.com,used,15.0,"First Edition Format: Unabridged. Pages 288. In Stock. From : Carbenmadness Books, United States",
9780684853529,On Writing: A Memoir of the Craft,"King, Stephen @ BookFinder.com",Amazon.com,used,12.0,"First Edition Format: Unabridged. Pages 288. In Stock. From : RNA TRADE LLC, United States",
9780684853529,On Writing: A Memoir of the Craft,"King, Stephen @ BookFinder.com",Amazon.com,used,13.0,"First Edition Format: Unabridged. Pages 288. In Stock. From : RNA TRADE LLC, United States",
9780684853529,On Writing: A Memoir of the Craft,"King, Stephen @ BookFinder.com",Amazon.com,used,14.0,"First Edition Format: Unabridged. Pages 288. In Stock. From : RNA TRADE LLC, United States",
9780684853529,On Writing: A Memoir of the Craft,"King, Stephen @ BookFinder.com",Amazon.com,used,15.0,"First Edition Format: Unabridged. Pages 288. In Stock. From : RNA TRADE LLC, United States",
9780684853529,On Writing: A Memoir of the Craft,"King, Stephen @ BookFinder.com",Amazon.com,used,16.0,"First Edition Format: Unabridged. Pages 288. In Stock. From : RNA TRADE LLC, United States",
9780684853529,On Writing: A Memoir of the Craft,"King, Stephen @ BookFinder.com",Amazon.com,used,17.0,"First Edition Format: Unabridged. Pages 288. In Stock. From : RNA TRADE LLC, United States",
9780684853529,On Writing: A Memoir of the Craft,"King, Stephen @ BookFinder.com",Amazon.com,used,18.0,"First Edition Format: Unabridged. Pages 288. In Stock. From : RNA TRADE LLC, United States",
9780684853529,On Writing: A Memoir of the Craft,"King, Stephen @ BookFinder.com",Amazon.com,used,19.0,"First Edition Format: Unabridged. Pages 288. In Stock. From : FindAnyBook, United States",
9780684853529,On Writing: A Memoir of the Craft,"King, Stephen @ BookFinder.com",Amazon.com,used,20.0,"First Edition Format: Unabridged. Pages 288. In Stock. From : FindAnyBook, United States",
9780684853529,On Writing: A Memoir of the Craft,"King, Stephen @ BookFinder.com",Amazon.com,used,21.0,"First Edition Format: Unabridged. Pages 288. In Stock. From : FindAnyBook, United States",
9780722522073,Low-fat and No-fat Cooking: Wholesome Recipes for Those Who Have to Cut Down on Fat,"Applebee, Jackie @ BookFinder.com",Amazon.com,used,6.0,"2nd. In Stock. From : Reuseaworld, United Kingdom",
9780722522073,Low-fat and No-fat Cooking: Wholesome Recipes for Those Who Have to Cut Down on Fat,"Applebee, Jackie @ BookFinder.com",Amazon.com,used,7.0,"2nd. In stock Usually ships within 2 to 3 days. From : awesomebooksusa, United States",
9780722522073,Low-fat and No-fat Cooking: Wholesome Recipes for Those Who Have to Cut Down on Fat,"Applebee, Jackie @ BookFinder.com",Amazon.com,used,8.0,"2nd. In stock Usually ships within 2 to 3 days. From : Bahamut Media, United States",
9780722522073,Low-fat and No-fat Cooking: Wholesome Recipes for Those Who Have to Cut Down on Fat,"Applebee, Jackie @ BookFinder.com",Amazon.com,used,18.0,"2nd. In stock Usually ships within 4 to 5 days. From : Chocobooks., France",
9780722522073,Low-fat and No-fat Cooking: Wholesome Recipes for Those Who Have to Cut Down on Fat,"Applebee, Jackie @ BookFinder.com",Amazon.com,used,6.0,"2nd. In Stock. From : Reuseaworld, United Kingdom",
9780722522073,Low-fat and No-fat Cooking: Wholesome Recipes for Those Who Have to Cut Down on Fat,"Applebee, Jackie @ BookFinder.com",Amazon.com,used,7.0,"2nd. In stock Usually ships within 2 to 3 days. From : awesomebooksusa, United States",
9780722522073,Low-fat and No-fat Cooking: Wholesome Recipes for Those Who Have to Cut Down on Fat,"Applebee, Jackie @ BookFinder.com",Amazon.com,used,8.0,"2nd. In stock Usually ships within 2 to 3 days. From : Bahamut Media, United States",
9780722522073,Low-fat and No-fat Cooking: Wholesome Recipes for Those Who Have to Cut Down on Fat,"Applebee, Jackie @ BookFinder.com",Amazon.com,used,18.0,"2nd. In stock Usually ships within 4 to 5 days. From : Chocobooks., France",
9780764191404,Fuente Ovejuna (Spanish Edition),"De Dega, Lope; Colford, William Edward @ BookFinder.com",Amazon.com,used,1.0,"First Edition. Pages 192. In stock Usually ships within 3 to 4 days. From : ThriftBooks-Phoenix, United States",
9780764191404,Fuente Ovejuna (Spanish Edition),"De Dega, Lope; Colford, William Edward @ BookFinder.com",Amazon.com,used,6.0,"First Edition. Pages 192. In Stock. From : Lindon8980, United States",
9780764191404,Fuente Ovejuna (Spanish Edition),"De Dega, Lope; Colford, William Edward @ BookFinder.com",Amazon.com,used,7.0,"First Edition. Pages 192. In Stock. From : anybookCom, United Kingdom",
9780764191404,Fuente Ovejuna (Spanish Edition),"De Dega, Lope; Colford, William Edward @ BookFinder.com",Amazon.com,used,1.0,"First Edition. Pages 192. In Stock. From : Lindon8980, United States",
9780764191404,Fuente Ovejuna (Spanish Edition),"De Dega, Lope; Colford, William Edward @ BookFinder.com",Amazon.com,used,1.0,"First Edition. Pages 192. In stock Usually ships within 3 to 4 days. From : ThriftBooks-Phoenix, United States",
9780764191404,Fuente Ovejuna (Spanish Edition),"De Dega, Lope; Colford, William Edward @ BookFinder.com",Amazon.com,used,6.0,"First Edition. Pages 192. In Stock. From : anybookCom, United Kingdom",
9780780714823,Shiloh,Phyllis Reynolds Naylor @ BookFinder.com,Amazon.com,used,11.0,"Illustrated. In stock Usually ships within 3 to 4 days. From : ThriftBooks-Seattle, United States",
9780780714823,Shiloh,Phyllis Reynolds Naylor @ BookFinder.com,Amazon.com,used,12.0,"Illustrated. In stock Usually ships within 3 to 4 days. From : ThriftBooks-Phoenix, United States",
9780780714823,Shiloh,Phyllis Reynolds Naylor @ BookFinder.com,Amazon.com,used,19.0,"Illustrated. In Stock. From : Pookakatsbooks, United States",
9780780714823,Shiloh,Phyllis Reynolds Naylor @ BookFinder.com,Amazon.com,used,20.0,"Illustrated. In stock Usually ships within 2 to 3 days. From : awesomebooksusa, United States",
9780780714823,Shiloh,Phyllis Reynolds Naylor @ BookFinder.com,Amazon.com,used,21.0,"Illustrated. In stock Usually ships within 2 to 3 days. From : Bahamut Media, United States",
9780780714823,Shiloh,Phyllis Reynolds Naylor @ BookFinder.com,Amazon.com,used,23.0,"Illustrated. In Stock. From : Books Today For You, United States",
9780780714823,Shiloh,Phyllis Reynolds Naylor @ BookFinder.com,Amazon.com,used,24.0,"Illustrated. In Stock. From : Books Today For You, United States",
9780780714823,Shiloh,Phyllis Reynolds Naylor @ BookFinder.com,Amazon.com,used,25.0,"Illustrated. In Stock. From : Better World Books: East, United States",
9780780714823,Shiloh,Phyllis Reynolds Naylor @ BookFinder.com,Amazon.com,used,41.0,"Illustrated. In Stock. From : BookRescue!!, United States",
9780780714823,Shiloh,Phyllis Reynolds Naylor @ BookFinder.com,Amazon.com,used,11.0,"Illustrated. In stock Usually ships within 3 to 4 days. From : ThriftBooks-Seattle, United States",
9780780714823,Shiloh,Phyllis Reynolds Naylor @ BookFinder.com,Amazon.com,used,12.0,"Illustrated. In stock Usually ships within 3 to 4 days. From : ThriftBooks-Phoenix, United States",
9780780714823,Shiloh,Phyllis Reynolds Naylor @ BookFinder.com,Amazon.com,used,19.0,"Illustrated. In Stock. From : Pookakatsbooks, United States",
9780780714823,Shiloh,Phyllis Reynolds Naylor @ BookFinder.com,Amazon.com,used,20.0,"Illustrated. In stock Usually ships within 2 to 3 days. From : awesomebooksusa, United States",
9780780714823,Shiloh,Phyllis Reynolds Naylor @ BookFinder.com,Amazon.com,used,21.0,"Illustrated. In stock Usually ships within 2 to 3 days. From : Bahamut Media, United States",
9780780714823,Shiloh,Phyllis Reynolds Naylor @ BookFinder.com,Amazon.com,used,23.0,"Illustrated. In Stock. From : Books Today For You, United States",
9780780714823,Shiloh,Phyllis Reynolds Naylor @ BookFinder.com,Amazon.com,used,24.0,"Illustrated. In Stock. From : Books Today For You, United States",
9780780714823,Shiloh,Phyllis Reynolds Naylor @ BookFinder.com,Amazon.com,used,25.0,"Illustrated. In Stock. From : Better World Books: East, United States",
9780780714823,Shiloh,Phyllis Reynolds Naylor @ BookFinder.com,Amazon.com,used,41.0,"Illustrated. In Stock. From : BookRescue!!, United States",
9781725898646,The Scarlet Letter,"Hawthorne, Nathaniel @ BookFinder.com",Amazon.com,used,1.0,"Classics Collection. Pages 134. In Stock. Fulfillment by Amazon. From : Amazon.com, United States",
9781725898646,The Scarlet Letter,"Hawthorne, Nathaniel @ BookFinder.com",Amazon.com (Prime),used,2.0,"Classics Collection. Pages 134. In Stock. Fulfillment by Amazon. Amazon Prime. Not a Prime member? Try Amazon Prime 30-Day Free Trial which includes Prime Video, Prime Music and Prime Reading. From : Amazon.com (Prime), United States",
9781725898646,The Scarlet Letter,"Hawthorne, Nathaniel @ BookFinder.com",Amazon.com,used,1.0,"Classics Collection. Pages 134. In Stock. Fulfillment by Amazon. From : Amazon.com, United States",
9781725898646,The Scarlet Letter,"Hawthorne, Nathaniel @ BookFinder.com",Amazon.com (Prime),used,2.0,"Classics Collection. Pages 134. In Stock. Fulfillment by Amazon. Amazon Prime. Not a Prime member? Try Amazon Prime 30-Day Free Trial which includes Prime Video, Prime Music and Prime Reading. From : Amazon.com (Prime), United States",
9780152015404,Stellaluna,"Cannon, Janell @ BookFinder.com",Amazon.com,used,3.0,"Illustrated Format: Big Book Format: Illustrated. Pages 48. In stock Usually ships within 2 to 3 days. From : Valleys Books & More, United States",
9780152015404,Stellaluna,"Cannon, Janell @ BookFinder.com",Amazon.com,used,16.0,"Illustrated Format: Big Book Format: Illustrated. Pages 48. In stock Usually ships within 3 to 4 days. From : ThriftBooks-Dallas, United States",
9780152015404,Stellaluna,"Cannon, Janell @ BookFinder.com",Amazon.com,used,17.0,"Illustrated Format: Big Book Format: Illustrated. Pages 48. In stock Usually ships within 3 to 4 days. From : ThriftBooks-Atlanta, United States",
9780152015404,Stellaluna,"Cannon, Janell @ BookFinder.com",Amazon.com,used,18.0,"Illustrated Format: Big Book Format: Illustrated. Pages 48. In stock Usually ships within 3 to 4 days. From : ThriftBooks-Chicago, United States",
9780152015404,Stellaluna,"Cannon, Janell @ BookFinder.com",Amazon.com,used,19.0,"Illustrated Format: Big Book Format: Illustrated. Pages 48. In stock Usually ships within 3 to 4 days. From : ThriftBooks-Dallas, United States",
9780152015404,Stellaluna,"Cannon, Janell @ BookFinder.com",Amazon.com,used,20.0,"Illustrated Format: Big Book Format: Illustrated. Pages 48. In stock Usually ships within 3 to 4 days. From : ThriftBooks-Seattle, United States",
9780152015404,Stellaluna,"Cannon, Janell @ BookFinder.com",Amazon.com,used,21.0,"Illustrated Format: Big Book Format: Illustrated. Pages 48. In stock Usually ships within 3 to 4 days. From : ThriftBooks-Atlanta, United States",
9780152015404,Stellaluna,"Cannon, Janell @ BookFinder.com",Amazon.com,used,22.0,"Illustrated Format: Big Book Format: Illustrated. Pages 48. In stock Usually ships within 3 to 4 days. From : ThriftBooks-Baltimore, United States",
9780152015404,Stellaluna,"Cannon, Janell @ BookFinder.com",Amazon.com,used,23.0,"Illustrated Format: Big Book Format: Illustrated. Pages 48. In stock Usually ships within 3 to 4 days. From : ThriftBooks-Seattle, United States",
9780152015404,Stellaluna,"Cannon, Janell @ BookFinder.com",Amazon.com,used,24.0,"Illustrated Format: Big Book Format: Illustrated. Pages 48. In stock Usually ships within 3 to 4 days. From : ThriftBooks-Baltimore, United States",
9780152015404,Stellaluna,"Cannon, Janell @ BookFinder.com",Amazon.com (Prime),used,1.0,"Illustrated Format: Big Book Format: Illustrated. Pages 48. In Stock. Fulfillment by Amazon. Amazon Prime. Not a Prime member? Try Amazon Prime 30-Day Free Trial which includes Prime Video, Prime Music and Prime Reading. From : Amazon.com (Prime), United States",
9780152015404,Stellaluna,"Cannon, Janell @ BookFinder.com",Amazon.com,used,2.0,"Illustrated Format: Big Book Format: Illustrated. Pages 48. In Stock. Fulfillment by Amazon. From : Amazon.com, United States",
9780152015404,Stellaluna,"Cannon, Janell @ BookFinder.com",Amazon.com,used,13.0,"Illustrated Format: Big Book Format: Illustrated. Pages 48. In stock Usually ships within 2 to 3 days. From : Ambis Enterprises, United States",
9780152015404,Stellaluna,"Cannon, Janell @ BookFinder.com",Amazon.com,used,14.0,"Illustrated Format: Big Book Format: Illustrated. Pages 48. In Stock. From : Fast Cat Books, United States",
9780152015404,Stellaluna,"Cannon, Janell @ BookFinder.com",Amazon.com,used,18.0,"Illustrated Format: Big Book Format: Illustrated. Pages 48. In stock Usually ships within 2 to 3 days. From : Fifty Third Street Books, United States",
9780152015404,Stellaluna,"Cannon, Janell @ BookFinder.com",Amazon.com,used,20.0,"Illustrated Format: Big Book Format: Illustrated. Pages 48. In stock Usually ships within 2 to 3 days. From : TheWorldShopUSA, Australia",
9780152015404,Stellaluna,"Cannon, Janell @ BookFinder.com",Amazon.com,used,21.0,"Illustrated Format: Big Book Format: Illustrated. Pages 48. In Stock. From : betterdeals2019, United States",
9780152015404,Stellaluna,"Cannon, Janell @ BookFinder.com",Amazon.com,used,22.0,"Illustrated Format: Big Book Format: Illustrated. Pages 48. In stock Usually ships within 2 to 3 days. From : webdelicollc, United States",
9780152015404,Stellaluna,"Cannon, Janell @ BookFinder.com",Amazon.com,used,27.0,"Illustrated Format: Big Book Format: Illustrated. Pages 48. In stock Usually ships within 2 to 3 days. From : GrandEagleRetail, United States",
9780152015404,Stellaluna,"Cannon, Janell @ BookFinder.com",Amazon.com,used,28.0,"Illustrated Format: Big Book Format: Illustrated. Pages 48. In Stock. From : All-Time-Fast, Uruguay",
9780152015404,Stellaluna,"Cannon, Janell @ BookFinder.com",Amazon.com,used,29.0,"Illustrated Format: Big Book Format: Illustrated. Pages 48. In stock Usually ships within 3 to 4 days. From : What America Buys, United States",
9780152015404,Stellaluna,"Cannon, Janell @ BookFinder.com",Amazon.com,used,3.0,"Illustrated Format: Big Book Format: Illustrated. Pages 48. In stock Usually ships within 2 to 3 days. From : Valleys Books & More, United States",
9780152015404,Stellaluna,"Cannon, Janell @ BookFinder.com",Amazon.com,used,16.0,"Illustrated Format: Big Book Format: Illustrated. Pages 48. In stock Usually ships within 3 to 4 days. From : ThriftBooks-Dallas, United States",
9780152015404,Stellaluna,"Cannon, Janell @ BookFinder.com",Amazon.com,used,17.0,"Illustrated Format: Big Book Format: Illustrated. Pages 48. In stock Usually ships within 3 to 4 days. From : ThriftBooks-Atlanta, United States",
9780152015404,Stellaluna,"Cannon, Janell @ BookFinder.com",Amazon.com,used,18.0,"Illustrated Format: Big Book Format: Illustrated. Pages 48. In stock Usually ships within 3 to 4 days. From : ThriftBooks-Chicago, United States",
9780152015404,Stellaluna,"Cannon, Janell @ BookFinder.com",Amazon.com,used,19.0,"Illustrated Format: Big Book Format: Illustrated. Pages 48. In stock Usually ships within 3 to 4 days. From : ThriftBooks-Dallas, United States",
9780152015404,Stellaluna,"Cannon, Janell @ BookFinder.com",Amazon.com,used,20.0,"Illustrated Format: Big Book Format: Illustrated. Pages 48. In stock Usually ships within 3 to 4 days. From : ThriftBooks-Seattle, United States",
9780152015404,Stellaluna,"Cannon, Janell @ BookFinder.com",Amazon.com,used,21.0,"Illustrated Format: Big Book Format: Illustrated. Pages 48. In stock Usually ships within 3 to 4 days. From : ThriftBooks-Atlanta, United States",
9780152015404,Stellaluna,"Cannon, Janell @ BookFinder.com",Amazon.com,used,22.0,"Illustrated Format: Big Book Format: Illustrated. Pages 48. In stock Usually ships within 3 to 4 days. From : ThriftBooks-Baltimore, United States",
9780152015404,Stellaluna,"Cannon, Janell @ BookFinder.com",Amazon.com,used,23.0,"Illustrated Format: Big Book Format: Illustrated. Pages 48. In stock Usually ships within 3 to 4 days. From : ThriftBooks-Seattle, United States",
9780152015404,Stellaluna,"Cannon, Janell @ BookFinder.com",Amazon.com,used,24.0,"Illustrated Format: Big Book Format: Illustrated. Pages 48. In stock Usually ships within 3 to 4 days. From : ThriftBooks-Baltimore, United States",
9782253041757,D'amour Et D'ombre (French Edition),Allende @ BookFinder.com,Amazon.com.au,used,10.0,Livre de Poche 1986. Usually dispatched within 9 to 10 days. From : Outer_P,
9781451618501,127 Hours: Between a Rock and a Hard Place,"Ralston, Aron @ BookFinder.com",Amazon.com,used,23.0,"Media Tie-In. Pages 368. In Stock. From : Orion LLC, United States",
9781451618501,127 Hours: Between a Rock and a Hard Place,"Ralston, Aron @ BookFinder.com",Amazon.com,used,24.0,"Media Tie-In. Pages 368. In stock Usually ships within 3 to 4 days. From : ThriftBooks-Dallas, United States",
9781451618501,127 Hours: Between a Rock and a Hard Place,"Ralston, Aron @ BookFinder.com",Amazon.com,used,25.0,"Media Tie-In. Pages 368. In stock Usually ships within 3 to 4 days. From : ThriftBooks-Baltimore, United States",
9781451618501,127 Hours: Between a Rock and a Hard Place,"Ralston, Aron @ BookFinder.com",Amazon.com,used,26.0,"Media Tie-In. Pages 368. In stock Usually ships within 3 to 4 days. From : ThriftBooks-Phoenix, United States",
9781451618501,127 Hours: Between a Rock and a Hard Place,"Ralston, Aron @ BookFinder.com",Amazon.com,used,27.0,"Media Tie-In. Pages 368. In stock Usually ships within 3 to 4 days. From : ThriftBooks-Seattle, United States",
9781451618501,127 Hours: Between a Rock and a Hard Place,"Ralston, Aron @ BookFinder.com",Amazon.com,used,41.0,"Media Tie-In. Pages 368. In Stock. From : Hawking Books, United States",
9781451618501,127 Hours: Between a Rock and a Hard Place,"Ralston, Aron @ BookFinder.com",Amazon.com,used,1.0,"Media Tie-In. Pages 368. In Stock. From : Windflower Bookstore, United States",
9781451618501,127 Hours: Between a Rock and a Hard Place,"Ralston, Aron @ BookFinder.com",Amazon.com,used,2.0,"Media Tie-In. Pages 368. In Stock. From : All Kinds Of Books, United States",
9781451618501,127 Hours: Between a Rock and a Hard Place,"Ralston, Aron @ BookFinder.com",Amazon.com,used,4.0,"Media Tie-In. Pages 368. In Stock. From : Pharos Bookstore, United States",
9781451618501,127 Hours: Between a Rock and a Hard Place,"Ralston, Aron @ BookFinder.com",Amazon.com,used,5.0,"Media Tie-In. Pages 368. In Stock. From : Pharos Bookstore, United States",
9781451618501,127 Hours: Between a Rock and a Hard Place,"Ralston, Aron @ BookFinder.com",Amazon.com,used,6.0,"Media Tie-In. Pages 368. In stock Usually ships within 3 to 4 days. From : Murfbooks, United States",
9781451618501,127 Hours: Between a Rock and a Hard Place,"Ralston, Aron @ BookFinder.com",Amazon.com,used,7.0,"Media Tie-In. Pages 368. In Stock. From : AllStarBooks57, United States",
9781451618501,127 Hours: Between a Rock and a Hard Place,"Ralston, Aron @ BookFinder.com",Amazon.com,used,8.0,"Media Tie-In. Pages 368. In Stock. From : gamesters3, United States",
9781451618501,127 Hours: Between a Rock and a Hard Place,"Ralston, Aron @ BookFinder.com",Amazon.com,used,9.0,"Media Tie-In. Pages 368. In Stock. From : Williams Boone and Assoc. Books & More, United States",
9781451618501,127 Hours: Between a Rock and a Hard Place,"Ralston, Aron @ BookFinder.com",Amazon.com,used,23.0,"Media Tie-In. Pages 368. In Stock. From : Orion LLC, United States",
9781451618501,127 Hours: Between a Rock and a Hard Place,"Ralston, Aron @ BookFinder.com",Amazon.com,used,24.0,"Media Tie-In. Pages 368. In stock Usually ships within 3 to 4 days. From : ThriftBooks-Dallas, United States",
9781451618501,127 Hours: Between a Rock and a Hard Place,"Ralston, Aron @ BookFinder.com",Amazon.com,used,25.0,"Media Tie-In. Pages 368. In stock Usually ships within 3 to 4 days. From : ThriftBooks-Baltimore, United States",
9781451618501,127 Hours: Between a Rock and a Hard Place,"Ralston, Aron @ BookFinder.com",Amazon.com,used,26.0,"Media Tie-In. Pages 368. In stock Usually ships within 3 to 4 days. From : ThriftBooks-Phoenix, United States",
9781451618501,127 Hours: Between a Rock and a Hard Place,"Ralston, Aron @ BookFinder.com",Amazon.com,used,27.0,"Media Tie-In. Pages 368. In stock Usually ships within 3 to 4 days. From : ThriftBooks-Seattle, United States",
9781451618501,127 Hours: Between a Rock and a Hard Place,"Ralston, Aron @ BookFinder.com",Amazon.com,used,41.0,"Media Tie-In. Pages 368. In Stock. From : Hawking Books, United States",
9780091949891,The Thousand Names,"Wexler, Django @ BookFinder.com",Amazon.com,used,8.0,"Reprint Ed. Pages 528. In stock Usually ships within 2 to 3 days. From : Bahamut Media, United States",
9780091949891,The Thousand Names,"Wexler, Django @ BookFinder.com",Amazon.com,used,9.0,"Reprint Ed. Pages 528. In stock Usually ships within 2 to 3 days. From : awesomebooksusa, United States",
9780091949891,The Thousand Names,"Wexler, Django @ BookFinder.com",Amazon.com,used,10.0,"Reprint Ed. Pages 528. In Stock. From : WeBuyBooks-UK, United Kingdom",
9780091949891,The Thousand Names,"Wexler, Django @ BookFinder.com",Amazon.com,used,14.0,"Reprint Ed. Pages 528. In Stock. From : worldofbooksusa, United Kingdom",
9780091949891,The Thousand Names,"Wexler, Django @ BookFinder.com",Amazon.com,used,15.0,"Reprint Ed. Pages 528. In Stock. From : BetterWorldBooksUK, United Kingdom",
9780091949891,The Thousand Names,"Wexler, Django @ BookFinder.com",Amazon.com,used,19.0,"Reprint Ed. Pages 528. In Stock. From : Zoverstocks, United Kingdom",
9780091949891,The Thousand Names,"Wexler, Django @ BookFinder.com",Amazon.com,used,36.0,"Reprint Ed. Pages 528. In Stock. From : Haybooks, United Kingdom",
9780091949891,The Thousand Names,"Wexler, Django @ BookFinder.com",Amazon.com,used,5.0,"Reprint Ed. Pages 528. In Stock. From : basementseller101, United States",
9780091949891,The Thousand Names,"Wexler, Django @ BookFinder.com",Amazon.com,used,8.0,"Reprint Ed. Pages 528. In stock Usually ships within 2 to 3 days. From : Bahamut Media, United States",
9780091949891,The Thousand Names,"Wexler, Django @ BookFinder.com",Amazon.com,used,9.0,"Reprint Ed. Pages 528. In stock Usually ships within 2 to 3 days. From : awesomebooksusa, United States",
9780091949891,The Thousand Names,"Wexler, Django @ BookFinder.com",Amazon.com,used,10.0,"Reprint Ed. Pages 528. In Stock. From : WeBuyBooks-UK, United Kingdom",
9780091949891,The Thousand Names,"Wexler, Django @ BookFinder.com",Amazon.com,used,14.0,"Reprint Ed. Pages 528. In Stock. From : worldofbooksusa, United Kingdom",
9780091949891,The Thousand Names,"Wexler, Django @ BookFinder.com",Amazon.com,used,15.0,"Reprint Ed. Pages 528. In Stock. From : BetterWorldBooksUK, United Kingdom",
9780091949891,The Thousand Names,"Wexler, Django @ BookFinder.com",Amazon.com,used,19.0,"Reprint Ed. Pages 528. In Stock. From : Zoverstocks, United Kingdom",
9780091949891,The Thousand Names,"Wexler, Django @ BookFinder.com",Amazon.com,used,36.0,"Reprint Ed. Pages 528. In Stock. From : Haybooks, United Kingdom",
9780812404470,"Thank You, Amelia Bedelia (I Can Read Books: Level 2)",Barbara Siebel Thomas Peggy Parish @ BookFinder.com,Amazon.com,used,5.0,"Illustrated. Pages 64. In Stock. From : Better World Books: South, United States",
9780812404470,"Thank You, Amelia Bedelia (I Can Read Books: Level 2)",Barbara Siebel Thomas Peggy Parish @ BookFinder.com,Amazon.com,used,5.0,"Illustrated. Pages 64. In Stock. From : Better World Books: South, United States",
9781416513407,Jarhead: A Marine's Chronicle of the Gulf War and Other Battles,"Swofford, Anthony @ BookFinder.com",Amazon.com,used,9.0,"English Language. Pages 384. In Stock. From : Goodwill Minnesota, United States",
9781416513407,Jarhead: A Marine's Chronicle of the Gulf War and Other Battles,"Swofford, Anthony @ BookFinder.com",Amazon.com,used,10.0,"English Language. Pages 384. In Stock. From : Reliant Distribution, United States",
9781416513407,Jarhead: A Marine's Chronicle of the Gulf War and Other Battles,"Swofford, Anthony @ BookFinder.com",Amazon.com,used,12.0,"English Language. Pages 384. In Stock. From : World of Books (previously glenthebookseller), United States",
9781416513407,Jarhead: A Marine's Chronicle of the Gulf War and Other Battles,"Swofford, Anthony @ BookFinder.com",Amazon.com,used,13.0,"English Language. Pages 384. In stock Usually ships within 2 to 3 days. From : hagitb, United States",
9781416513407,Jarhead: A Marine's Chronicle of the Gulf War and Other Battles,"Swofford, Anthony @ BookFinder.com",Amazon.com,used,14.0,"English Language. Pages 384. In Stock. From : Books-FYI, United States",
9781416513407,Jarhead: A Marine's Chronicle of the Gulf War and Other Battles,"Swofford, Anthony @ BookFinder.com",Amazon.com,used,30.0,"English Language. Pages 384. In stock Usually ships within 3 to 4 days. From : ThriftBooks-Phoenix, United States",
9781416513407,Jarhead: A Marine's Chronicle of the Gulf War and Other Battles,"Swofford, Anthony @ BookFinder.com",Amazon.com,used,35.0,"English Language. Pages 384. In Stock. From : ladybugmic, United States",
9781416513407,Jarhead: A Marine's Chronicle of the Gulf War and Other Battles,"Swofford, Anthony @ BookFinder.com",Amazon.com,used,36.0,"English Language. Pages 384. In Stock. From : seandeb12, United States",
9781416513407,Jarhead: A Marine's Chronicle of the Gulf War and Other Battles,"Swofford, Anthony @ BookFinder.com",Amazon.com,used,40.0,"English Language. Pages 384. In Stock. From : pesticide 701, United States",
9781416513407,Jarhead: A Marine's Chronicle of the Gulf War and Other Battles,"Swofford, Anthony @ BookFinder.com",Amazon.com,used,47.0,"English Language. Pages 384. In Stock. From : basementseller101, United States",
9781416513407,Jarhead: A Marine's Chronicle of the Gulf War and Other Battles,"Swofford, Anthony @ BookFinder.com",Amazon.com,used,3.0,"English Language. Pages 384. In Stock. From : Turquoise Gift Shop, United States",
9781416513407,Jarhead: A Marine's Chronicle of the Gulf War and Other Battles,"Swofford, Anthony @ BookFinder.com",Amazon.com,used,4.0,"English Language. Pages 384. In Stock. From : BookCapitol, United States",
9781416513407,Jarhead: A Marine's Chronicle of the Gulf War and Other Battles,"Swofford, Anthony @ BookFinder.com",Amazon.com.au,used,15.0,Reprint. Pages 367. In stock. From : Fast Cat Books - AU,
9781416513407,Jarhead: A Marine's Chronicle of the Gulf War and Other Battles,"Swofford, Anthony @ BookFinder.com",Amazon.com,used,9.0,"English Language. Pages 384. In Stock. From : Goodwill Minnesota, United States",
9781416513407,Jarhead: A Marine's Chronicle of the Gulf War and Other Battles,"Swofford, Anthony @ BookFinder.com",Amazon.com,used,10.0,"English Language. Pages 384. In Stock. From : Reliant Distribution, United States",
9781416513407,Jarhead: A Marine's Chronicle of the Gulf War and Other Battles,"Swofford, Anthony @ BookFinder.com",Amazon.com,used,12.0,"English Language. Pages 384. In Stock. From : World of Books (previously glenthebookseller), United States",
9781416513407,Jarhead: A Marine's Chronicle of the Gulf War and Other Battles,"Swofford, Anthony @ BookFinder.com",Amazon.com,used,13.0,"English Language. Pages 384. In stock Usually ships within 2 to 3 days. From : hagitb, United States",
9781416513407,Jarhead: A Marine's Chronicle of the Gulf War and Other Battles,"Swofford, Anthony @ BookFinder.com",Amazon.com,used,14.0,"English Language. Pages 384. In Stock. From : Books-FYI, United States",
9781416513407,Jarhead: A Marine's Chronicle of the Gulf War and Other Battles,"Swofford, Anthony @ BookFinder.com",Amazon.com,used,30.0,"English Language. Pages 384. In stock Usually ships within 3 to 4 days. From : ThriftBooks-Phoenix, United States",
9781416513407,Jarhead: A Marine's Chronicle of the Gulf War and Other Battles,"Swofford, Anthony @ BookFinder.com",Amazon.com,used,35.0,"English Language. Pages 384. In Stock. From : ladybugmic, United States",
9781416513407,Jarhead: A Marine's Chronicle of the Gulf War and Other Battles,"Swofford, Anthony @ BookFinder.com",Amazon.com,used,36.0,"English Language. Pages 384. In Stock. From : seandeb12, United States",
9781416513407,Jarhead: A Marine's Chronicle of the Gulf War and Other Battles,"Swofford, Anthony @ BookFinder.com",Amazon.com,used,40.0,"English Language. Pages 384. In Stock. From : pesticide 701, United States",
9781416513407,Jarhead: A Marine's Chronicle of the Gulf War and Other Battles,"Swofford, Anthony @ BookFinder.com",Amazon.com,used,47.0,"English Language. Pages 384. In Stock. From : basementseller101, United States",
9781416971719,Out of My Mind (The Out of My Mind Series),"Draper, Sharon M. @ BookFinder.com",Amazon.com,used,1.0,"Reprint. Pages 320. In Stock. From : Pearl's Petals, United States",
9781416971719,Out of My Mind (The Out of My Mind Series),"Draper, Sharon M. @ BookFinder.com",Amazon.com (Prime),used,2.0,"Reprint. Pages 320. In Stock. Fulfillment by Amazon. Amazon Prime. Not a Prime member? Try Amazon Prime 30-Day Free Trial which includes Prime Video, Prime Music and Prime Reading. From : Amazon.com (Prime), United States",
9781416971719,Out of My Mind (The Out of My Mind Series),"Draper, Sharon M. @ BookFinder.com",Amazon.com,used,3.0,"Reprint. Pages 320. In Stock. Fulfillment by Amazon. From : Amazon.com, United States",
9781416971719,Out of My Mind (The Out of My Mind Series),"Draper, Sharon M. @ BookFinder.com",Amazon.com,used,5.0,"Reprint. Pages 320. In Stock. From : The Turquoise Place, United States",
9781416971719,Out of My Mind (The Out of My Mind Series),"Draper, Sharon M. @ BookFinder.com",Amazon.com,used,17.0,"Reprint. Pages 320. In Stock. From : Zebras Books LLC, United States",
9781416971719,Out of My Mind (The Out of My Mind Series),"Draper, Sharon M. @ BookFinder.com",Amazon.com,used,18.0,"Reprint. Pages 320. In Stock. From : T&N Enterprises, United States",
9781416971719,Out of My Mind (The Out of My Mind Series),"Draper, Sharon M. @ BookFinder.com",Amazon.com,used,22.0,"Reprint. Pages 320. In Stock. From : fairwaypartners1, United States",
9781416971719,Out of My Mind (The Out of My Mind Series),"Draper, Sharon M. @ BookFinder.com",Amazon.com,used,23.0,"Reprint. Pages 320. In Stock. From : V.M. Supply Co., United States",
9781416971719,Out of My Mind (The Out of My Mind Series),"Draper, Sharon M. @ BookFinder.com",Amazon.com,used,26.0,"Reprint. Pages 320. In Stock. From : villagebookstore, United States",
9781416971719,Out of My Mind (The Out of My Mind Series),"Draper, Sharon M. @ BookFinder.com",Amazon.com,used,34.0,"Reprint. Pages 320. In stock Usually ships within 2 to 3 days. From : Ambis Enterprises, United States",
9788412281743,Una trenza de hierba sagrada,"Kimmerer, Robin Wall @ BookFinder.com",Amazon.com,used,7.0,"1. Pages 464. In stock Usually ships within 2 to 3 days. From : awesomebooksusa, United States",
9788412281743,Una trenza de hierba sagrada,"Kimmerer, Robin Wall @ BookFinder.com",Amazon.com,used,8.0,"1. Pages 464. In stock Usually ships within 2 to 3 days. From : Bahamut Media, United States",
9788412281743,Una trenza de hierba sagrada,"Kimmerer, Robin Wall @ BookFinder.com",Amazon.com,used,10.0,"1. Pages 464. In Stock. From : Books Unplugged, United States",
9788412281743,Una trenza de hierba sagrada,"Kimmerer, Robin Wall @ BookFinder.com",Amazon.com,used,13.0,"1. Pages 464. In Stock. From : WEST BOOKS, Canada",
9788412281743,Una trenza de hierba sagrada,"Kimmerer, Robin Wall @ BookFinder.com",Amazon.com,used,15.0,"1. Pages 464. In Stock. Fulfillment by Amazon. From : ICXperience, United States",
9788412281743,Una trenza de hierba sagrada,"Kimmerer, Robin Wall @ BookFinder.com",Amazon.com (Prime),used,16.0,"1. Pages 464. In Stock. Fulfillment by Amazon. Amazon Prime. Not a Prime member? Try Amazon Prime 30-Day Free Trial which includes Prime Video, Prime Music and Prime Reading. From : ICXperience, United States",
9788412281743,Una trenza de hierba sagrada,"Kimmerer, Robin Wall @ BookFinder.com",Amazon.com,used,17.0,"1. Pages 464. In Stock. Fulfillment by Amazon. From : Amazon.com, United States",
9788412281743,Una trenza de hierba sagrada,"Kimmerer, Robin Wall @ BookFinder.com",Amazon.com (Prime),used,18.0,"1. Pages 464. In Stock. Fulfillment by Amazon. Amazon Prime. Not a Prime member? Try Amazon Prime 30-Day Free Trial which includes Prime Video, Prime Music and Prime Reading. From : Amazon.com (Prime), United States",
9788412281743,Una trenza de hierba sagrada,"Kimmerer, Robin Wall @ BookFinder.com",Amazon.com,used,21.0,"1. Pages 464. In stock Usually ships within 4 to 5 days. From : BuyWorldwide, Australia",
9788412281743,Una trenza de hierba sagrada,"Kimmerer, Robin Wall @ BookFinder.com",Amazon.com,used,22.0,"1. Pages 464. Usually ships within 11 to 12 days. From : PBShop UK, United Kingdom",
9788412281743,Una trenza de hierba sagrada,"Kimmerer, Robin Wall @ BookFinder.com",Amazon.com,used,23.0,"1. Pages 464. Usually ships within 2 to 3 weeks. From : tabletopart, United States",
9788412281743,Una trenza de hierba sagrada,"Kimmerer, Robin Wall @ BookFinder.com",Amazon.com,used,44.0,"1. Pages 464. In Stock. From : Harmony in Hues, Canada",
9788412281743,Una trenza de hierba sagrada,"Kimmerer, Robin Wall @ BookFinder.com",Amazon.com,used,3.0,"1. Pages 464. In Stock. From : WEST BOOKS, Canada",
9788412281743,Una trenza de hierba sagrada,"Kimmerer, Robin Wall @ BookFinder.com",Amazon.com,used,5.0,"1. Pages 464. In Stock. Fulfillment by Amazon. From : ICXperience, United States",
9788412281743,Una trenza de hierba sagrada,"Kimmerer, Robin Wall @ BookFinder.com",Amazon.com (Prime),used,6.0,"1. Pages 464. In Stock. Fulfillment by Amazon. Amazon Prime. Not a Prime member? Try Amazon Prime 30-Day Free Trial which includes Prime Video, Prime Music and Prime Reading. From : ICXperience, United States",
9788412281743,Una trenza de hierba sagrada,"Kimmerer, Robin Wall @ BookFinder.com",Amazon.com,used,7.0,"1. Pages 464. In Stock. Fulfillment by Amazon. From : Amazon.com, United States",
9788412281743,Una trenza de hierba sagrada,"Kimmerer, Robin Wall @ BookFinder.com",Amazon.com (Prime),used,8.0,"1. Pages 464. In Stock. Fulfillment by Amazon. Amazon Prime. Not a Prime member? Try Amazon Prime 30-Day Free Trial which includes Prime Video, Prime Music and Prime Reading. From : Amazon.com (Prime), United States",
9788412281743,Una trenza de hierba sagrada,"Kimmerer, Robin Wall @ BookFinder.com",Amazon.com,used,11.0,"1. Pages 464. In stock Usually ships within 4 to 5 days. From : BuyWorldwide, Australia",
9788412281743,Una trenza de hierba sagrada,"Kimmerer, Robin Wall @ BookFinder.com",Amazon.com,used,12.0,"1. Pages 464. Usually ships within 11 to 12 days. From : PBShop UK, United Kingdom",
9788412281743,Una trenza de hierba sagrada,"Kimmerer, Robin Wall @ BookFinder.com",Amazon.com,used,13.0,"1. Pages 464. Usually ships within 2 to 3 weeks. From : tabletopart, United States",
9788412281743,Una trenza de hierba sagrada,"Kimmerer, Robin Wall @ BookFinder.com",Amazon.com,used,31.0,"1. Pages 464. In Stock. From : Harmony in Hues, Canada",
9788412281743,Una trenza de hierba sagrada,"Kimmerer, Robin Wall @ BookFinder.com",Amazon.com,used,48.0,"1. Pages 464. In Stock. From : Agapea_Libros_Urgentes, Spain",
9788412281743,Una trenza de hierba sagrada,"Kimmerer, Robin Wall @ BookFinder.com",Amazon.com,used,7.0,"1. Pages 464. In stock Usually ships within 2 to 3 days. From : awesomebooksusa, United States",
9788412281743,Una trenza de hierba sagrada,"Kimmerer, Robin Wall @ BookFinder.com",Amazon.com,used,8.0,"1. Pages 464. In stock Usually ships within 2 to 3 days. From : Bahamut Media, United States",
9788412281743,Una trenza de hierba sagrada,"Kimmerer, Robin Wall @ BookFinder.com",Amazon.com,used,10.0,"1. Pages 464. In Stock. From : Books Unplugged, United States",
9781400032532,His Excellency: George Washington,"Ellis, Joseph J. @ BookFinder.com",Amazon.com,used,1.0,"Reprint. Pages 352. In Stock. From : bookbiz75, United States",
9781400032532,His Excellency: George Washington,"Ellis, Joseph J. @ BookFinder.com",Amazon.com,used,2.0,"Reprint. Pages 352. In Stock. From : Chestnut Hill Books, United States",
9781400032532,His Excellency: George Washington,"Ellis, Joseph J. @ BookFinder.com",Amazon.com,used,3.0,"Reprint. Pages 352. Usually ships within 6 to 7 days. From : Baum Booksellers, United States",
9781400032532,His Excellency: George Washington,"Ellis, Joseph J. @ BookFinder.com",Amazon.com,used,4.0,"Reprint. Pages 352. In Stock. From : bookends4956, United States",
9781400032532,His Excellency: George Washington,"Ellis, Joseph J. @ BookFinder.com",Amazon.com,used,5.0,"Reprint. Pages 352. In Stock. From : GreenIceMedia, United States",
9781400032532,His Excellency: George Washington,"Ellis, Joseph J. @ BookFinder.com",Amazon.com,used,6.0,"Reprint. Pages 352. In Stock. From : BookCapitol, United States",
9781400032532,His Excellency: George Washington,"Ellis, Joseph J. @ BookFinder.com",Amazon.com (Prime),used,7.0,"Reprint. Pages 352. In Stock. Fulfillment by Amazon. Amazon Prime. Not a Prime member? Try Amazon Prime 30-Day Free Trial which includes Prime Video, Prime Music and Prime Reading. From : Amazon.com (Prime), United States",
9781400032532,His Excellency: George Washington,"Ellis, Joseph J. @ BookFinder.com",Amazon.com,used,8.0,"Reprint. Pages 352. In Stock. Fulfillment by Amazon. From : Amazon.com, United States",
9781400032532,His Excellency: George Washington,"Ellis, Joseph J. @ BookFinder.com",Amazon.com,used,10.0,"Reprint. Pages 352. In Stock. Fulfillment by Amazon. From : whitefish4, United States",
9781400032532,His Excellency: George Washington,"Ellis, Joseph J. @ BookFinder.com",Amazon.com (Prime),used,11.0,"Reprint. Pages 352. In Stock. Fulfillment by Amazon. Amazon Prime. Not a Prime member? Try Amazon Prime 30-Day Free Trial which includes Prime Video, Prime Music and Prime Reading. From : whitefish4, United States",
9781400032532,His Excellency: George Washington,"Ellis, Joseph J. @ BookFinder.com",Amazon.com,used,12.0,"Reprint. Pages 352. In Stock. From : JnSBooks, United States",
9781400032532,His Excellency: George Washington,"Ellis, Joseph J. @ BookFinder.com",Amazon.com,used,13.0,"Reprint. Pages 352. In Stock. Fulfillment by Amazon. From : FindAnyBook, United States",
9781400032532,His Excellency: George Washington,"Ellis, Joseph J. @ BookFinder.com",Amazon.com (Prime),used,14.0,"Reprint. Pages 352. In Stock. Fulfillment by Amazon. Amazon Prime. Not a Prime member? Try Amazon Prime 30-Day Free Trial which includes Prime Video, Prime Music and Prime Reading. From : FindAnyBook, United States",
9780770000066,Anne of Green Gables,"Montgomery, L. M. @ BookFinder.com",Amazon.com,used,17.0,"First Canadian edition. Pages 0. In stock Usually ships within 3 to 4 days. From : ThriftBooks-Phoenix, United States",
9780770000066,Anne of Green Gables,"Montgomery, L. M. @ BookFinder.com",Amazon.com,used,18.0,"First Canadian edition. Pages 0. In stock Usually ships within 3 to 4 days. From : ThriftBooks-Chicago, United States",
9780770000066,Anne of Green Gables,"Montgomery, L. M. @ BookFinder.com",Amazon.com,used,19.0,"First Canadian edition. Pages 0. In stock Usually ships within 3 to 4 days. From : ThriftBooks-Dallas, United States",
9780770000066,Anne of Green Gables,"Montgomery, L. M. @ BookFinder.com",Amazon.com,used,20.0,"First Canadian edition. Pages 0. In stock Usually ships within 3 to 4 days. From : ThriftBooks-Dallas, United States",
9780770000066,Anne of Green Gables,"Montgomery, L. M. @ BookFinder.com",Amazon.com,used,21.0,"First Canadian edition. Pages 0. In stock Usually ships within 3 to 4 days. From : ThriftBooks-Phoenix, United States",
9780770000066,Anne of Green Gables,"Montgomery, L. M. @ BookFinder.com",Amazon.com,used,22.0,"First Canadian edition. Pages 0. In stock Usually ships within 3 to 4 days. From : ThriftBooks-Atlanta, United States",
9780770000066,Anne of Green Gables,"Montgomery, L. M. @ BookFinder.com",Amazon.com,used,23.0,"First Canadian edition. Pages 0. In stock Usually ships within 3 to 4 days. From : ThriftBooks-Baltimore, United States",
9780770000066,Anne of Green Gables,"Montgomery, L. M. @ BookFinder.com",Amazon.com,used,24.0,"First Canadian edition. Pages 0. In stock Usually ships within 3 to 4 days. From : ThriftBooks-Seattle, United States",
9780770000066,Anne of Green Gables,"Montgomery, L. M. @ BookFinder.com",Amazon.com,used,25.0,"First Canadian edition. Pages 0. In stock Usually ships within 3 to 4 days. From : ThriftBooks-Seattle, United States",
9780770000066,Anne of Green Gables,"Montgomery, L. M. @ BookFinder.com",Amazon.com,used,44.0,"First Canadian edition. Pages 0. In Stock. From : Better World Books: West, United States",
9780770000066,Anne of Green Gables,"Montgomery, L. M. @ BookFinder.com",Amazon.com,used,17.0,"First Canadian edition. Pages 0. In stock Usually ships within 3 to 4 days. From : ThriftBooks-Phoenix, United States",
9780770000066,Anne of Green Gables,"Montgomery, L. M. @ BookFinder.com",Amazon.com,used,18.0,"First Canadian edition. Pages 0. In stock Usually ships within 3 to 4 days. From : ThriftBooks-Chicago, United States",
9780770000066,Anne of Green Gables,"Montgomery, L. M. @ BookFinder.com",Amazon.com,used,19.0,"First Canadian edition. Pages 0. In stock Usually ships within 3 to 4 days. From : ThriftBooks-Dallas, United States",
9780770000066,Anne of Green Gables,"Montgomery, L. M. @ BookFinder.com",Amazon.com,used,20.0,"First Canadian edition. Pages 0. In stock Usually ships within 3 to 4 days. From : ThriftBooks-Dallas, United States",
9780770000066,Anne of Green Gables,"Montgomery, L. M. @ BookFinder.com",Amazon.com,used,21.0,"First Canadian edition. Pages 0. In stock Usually ships within 3 to 4 days. From : ThriftBooks-Phoenix, United States",
9780770000066,Anne of Green Gables,"Montgomery, L. M. @ BookFinder.com",Amazon.com,used,22.0,"First Canadian edition. Pages 0. In stock Usually ships within 3 to 4 days. From : ThriftBooks-Atlanta, United States",
9780770000066,Anne of Green Gables,"Montgomery, L. M. @ BookFinder.com",Amazon.com,used,23.0,"First Canadian edition. Pages 0. In stock Usually ships within 3 to 4 days. From : ThriftBooks-Baltimore, United States",
9780770000066,Anne of Green Gables,"Montgomery, L. M. @ BookFinder.com",Amazon.com,used,24.0,"First Canadian edition. Pages 0. In stock Usually ships within 3 to 4 days. From : ThriftBooks-Seattle, United States",
9780770000066,Anne of Green Gables,"Montgomery, L. M. @ BookFinder.com",Amazon.com,used,25.0,"First Canadian edition. Pages 0. In stock Usually ships within 3 to 4 days. From : ThriftBooks-Seattle, United States",
9780770000066,Anne of Green Gables,"Montgomery, L. M. @ BookFinder.com",Amazon.com,used,44.0,"First Canadian edition. Pages 0. In Stock. From : Better World Books: West, United States",
9780460860444,Electromagnetic Man: Health and Hazard in the Electrical Environment,@ BookFinder.com,Amazon.com,used,4.0,"New Ed. In stock Usually ships within 4 to 5 days. From : FastShip-CustomerFocus, United States",
9780460860444,Electromagnetic Man: Health and Hazard in the Electrical Environment,@ BookFinder.com,Amazon.com,used,5.0,"New Ed. In Stock. From : GreatBookDealz, United States",
9780460860444,Electromagnetic Man: Health and Hazard in the Electrical Environment,@ BookFinder.com,Amazon.com,used,6.0,"New Ed. In Stock. Fulfillment by Amazon. From : oklabooks, United States",
9780460860444,Electromagnetic Man: Health and Hazard in the Electrical Environment,@ BookFinder.com,Amazon.com (Prime),used,7.0,"New Ed. In Stock. Fulfillment by Amazon. Amazon Prime. Not a Prime member? Try Amazon Prime 30-Day Free Trial which includes Prime Video, Prime Music and Prime Reading. From : oklabooks, United States",
9780460860444,Electromagnetic Man: Health and Hazard in the Electrical Environment,@ BookFinder.com,Amazon.com,used,8.0,"New Ed. In Stock. Fulfillment by Amazon. From : oklabooks, United States",
9780460860444,Electromagnetic Man: Health and Hazard in the Electrical Environment,@ BookFinder.com,Amazon.com (Prime),used,9.0,"New Ed. In Stock. Fulfillment by Amazon. Amazon Prime. Not a Prime member? Try Amazon Prime 30-Day Free Trial which includes Prime Video, Prime Music and Prime Reading. From : oklabooks, United States",
9780460860444,Electromagnetic Man: Health and Hazard in the Electrical Environment,@ BookFinder.com,Amazon.com,used,10.0,"New Ed. In Stock. Fulfillment by Amazon. From : oklabooks, United States",
9780460860444,Electromagnetic Man: Health and Hazard in the Electrical Environment,@ BookFinder.com,Amazon.com (Prime),used,11.0,"New Ed. In Stock. Fulfillment by Amazon. Amazon Prime. Not a Prime member? Try Amazon Prime 30-Day Free Trial which includes Prime Video, Prime Music and Prime Reading. From : oklabooks, United States",
9780460860444,Electromagnetic Man: Health and Hazard in the Electrical Environment,@ BookFinder.com,Amazon.com,used,12.0,"New Ed. In Stock. Fulfillment by Amazon. From : oklabooks, United States",
9780460860444,Electromagnetic Man: Health and Hazard in the Electrical Environment,@ BookFinder.com,Amazon.com (Prime),used,13.0,"New Ed. In Stock. Fulfillment by Amazon. Amazon Prime. Not a Prime member? Try Amazon Prime 30-Day Free Trial which includes Prime Video, Prime Music and Prime Reading. From : oklabooks, United States",
9780460860444,Electromagnetic Man: Health and Hazard in the Electrical Environment,@ BookFinder.com,Amazon.com,used,16.0,"New Ed. In Stock. From : Biblioway, Canada",
9780460860444,Electromagnetic Man: Health and Hazard in the Electrical Environment,@ BookFinder.com,Amazon.com,used,4.0,"New Ed. In stock Usually ships within 4 to 5 days. From : FastShip-CustomerFocus, United States",
9780460860444,Electromagnetic Man: Health and Hazard in the Electrical Environment,@ BookFinder.com,Amazon.com,used,5.0,"New Ed. In Stock. From : GreatBookDealz, United States",
9780460860444,Electromagnetic Man: Health and Hazard in the Electrical Environment,@ BookFinder.com,Amazon.com,used,6.0,"New Ed. In Stock. Fulfillment by Amazon. From : oklabooks, United States",
9780460860444,Electromagnetic Man: Health and Hazard in the Electrical Environment,@ BookFinder.com,Amazon.com (Prime),used,7.0,"New Ed. In Stock. Fulfillment by Amazon. Amazon Prime. Not a Prime member? Try Amazon Prime 30-Day Free Trial which includes Prime Video, Prime Music and Prime Reading. From : oklabooks, United States",
9780460860444,Electromagnetic Man: Health and Hazard in the Electrical Environment,@ BookFinder.com,Amazon.com,used,8.0,"New Ed. In Stock. Fulfillment by Amazon. From : oklabooks, United States",
9780460860444,Electromagnetic Man: Health and Hazard in the Electrical Environment,@ BookFinder.com,Amazon.com (Prime),used,9.0,"New Ed. In Stock. Fulfillment by Amazon. Amazon Prime. Not a Prime member? Try Amazon Prime 30-Day Free Trial which includes Prime Video, Prime Music and Prime Reading. From : oklabooks, United States",
9780460860444,Electromagnetic Man: Health and Hazard in the Electrical Environment,@ BookFinder.com,Amazon.com,used,10.0,"New Ed. In Stock. Fulfillment by Amazon. From : oklabooks, United States",
9780460860444,Electromagnetic Man: Health and Hazard in the Electrical Environment,@ BookFinder.com,Amazon.com (Prime),used,11.0,"New Ed. In Stock. Fulfillment by Amazon. Amazon Prime. Not a Prime member? Try Amazon Prime 30-Day Free Trial which includes Prime Video, Prime Music and Prime Reading. From : oklabooks, United States",
9780460860444,Electromagnetic Man: Health and Hazard in the Electrical Environment,@ BookFinder.com,Amazon.com,used,12.0,"New Ed. In Stock. Fulfillment by Amazon. From : oklabooks, United States",
9780460860444,Electromagnetic Man: Health and Hazard in the Electrical Environment,@ BookFinder.com,Amazon.com (Prime),used,13.0,"New Ed. In Stock. Fulfillment by Amazon. Amazon Prime. Not a Prime member? Try Amazon Prime 30-Day Free Trial which includes Prime Video, Prime Music and Prime Reading. From : oklabooks, United States",
9780460860444,Electromagnetic Man: Health and Hazard in the Electrical Environment,@ BookFinder.com,Amazon.com,used,16.0,"New Ed. In Stock. From : Biblioway, Canada",
9781857151381,If on a Winter's Night a Traveler (Everyman's Library Classics),Italo-calvino @ BookFinder.com,Amazon.com.au,used,44.0,1 Format: International Edition. Pages 254. In stock. Fulfillment by Amazon. From : Amazon AU,
9781857151381,If on a Winter's Night a Traveler (Everyman's Library Classics),Italo-calvino @ BookFinder.com,Amazon.com.au,used,25.0,1 Format: International Edition. Pages 254. In stock. Fulfillment by Amazon. From : Amazon AU,
9781623658199,The Lewis Man,"May, Peter @ BookFinder.com",Amazon.com,used,8.0,"Reprint. Pages 368. In Stock. From : World of Books (previously glenthebookseller), United States",
9781623658199,The Lewis Man,"May, Peter @ BookFinder.com",Amazon.com,used,9.0,"Reprint. Pages 368. In Stock. From : World of Books (previously glenthebookseller), United States",
9781623658199,The Lewis Man,"May, Peter @ BookFinder.com",Amazon.com,used,10.0,"Reprint. Pages 368. In Stock. From : World of Books (previously glenthebookseller), United States",
9781623658199,The Lewis Man,"May, Peter @ BookFinder.com",Amazon.com,used,28.0,"Reprint. Pages 368. In stock Usually ships within 3 to 4 days. From : ThriftBooks-Seattle, United States",
9781623658199,The Lewis Man,"May, Peter @ BookFinder.com",Amazon.com,used,29.0,"Reprint. Pages 368. In stock Usually ships within 3 to 4 days. From : ThriftBooks-Chicago, United States",
9781623658199,The Lewis Man,"May, Peter @ BookFinder.com",Amazon.com,used,30.0,"Reprint. Pages 368. In stock Usually ships within 3 to 4 days. From : ThriftBooks-Phoenix, United States",
9781623658199,The Lewis Man,"May, Peter @ BookFinder.com",Amazon.com,used,31.0,"Reprint. Pages 368. In stock Usually ships within 3 to 4 days. From : ThriftBooks-Atlanta, United States",
9781623658199,The Lewis Man,"May, Peter @ BookFinder.com",Amazon.com,used,32.0,"Reprint. Pages 368. In stock Usually ships within 3 to 4 days. From : ThriftBooks-Dallas, United States",
9781623658199,The Lewis Man,"May, Peter @ BookFinder.com",Amazon.com,used,33.0,"Reprint. Pages 368. In stock Usually ships within 3 to 4 days. From : ThriftBooks-Baltimore, United States",
9781623658199,The Lewis Man,"May, Peter @ BookFinder.com",Amazon.com,used,37.0,"Reprint. Pages 368. In Stock. From : The Used Book Company, United States",
9781623658199,The Lewis Man,"May, Peter @ BookFinder.com",Amazon.com,used,2.0,"Reprint. Pages 368. In Stock. Fulfillment by Amazon. From : sky falcons, United States",
9781623658199,The Lewis Man,"May, Peter @ BookFinder.com",Amazon.com (Prime),used,3.0,"Reprint. Pages 368. In Stock. Fulfillment by Amazon. Amazon Prime. Not a Prime member? Try Amazon Prime 30-Day Free Trial which includes Prime Video, Prime Music and Prime Reading. From : sky falcons, United States",
9781623658199,The Lewis Man,"May, Peter @ BookFinder.com",Amazon.com,used,4.0,"Reprint. Pages 368. In Stock. Fulfillment by Amazon. From : Ucarstore, United States",
9781623658199,The Lewis Man,"May, Peter @ BookFinder.com",Amazon.com (Prime),used,5.0,"Reprint. Pages 368. In Stock. Fulfillment by Amazon. Amazon Prime. Not a Prime member? Try Amazon Prime 30-Day Free Trial which includes Prime Video, Prime Music and Prime Reading. From : Ucarstore, United States",
9781623658199,The Lewis Man,"May, Peter @ BookFinder.com",Amazon.com,used,6.0,"Reprint. Pages 368. Fulfillment by Amazon. From : UBERTY.LLC, United States",
9781623658199,The Lewis Man,"May, Peter @ BookFinder.com",Amazon.com (Prime),used,7.0,"Reprint. Pages 368. Fulfillment by Amazon. Amazon Prime. Not a Prime member? Try Amazon Prime 30-Day Free Trial which includes Prime Video, Prime Music and Prime Reading. From : UBERTY.LLC, United States",
9781623658199,The Lewis Man,"May, Peter @ BookFinder.com",Amazon.com,used,24.0,"Reprint. Pages 368. In Stock. From : BookExcellence, United States",
9781623658199,The Lewis Man,"May, Peter @ BookFinder.com",Amazon.com,used,8.0,"Reprint. Pages 368. In Stock. From : World of Books (previously glenthebookseller), United States",
9781623658199,The Lewis Man,"May, Peter @ BookFinder.com",Amazon.com,used,9.0,"Reprint. Pages 368. In Stock. From : World of Books (previously glenthebookseller), United States",
9781623658199,The Lewis Man,"May, Peter @ BookFinder.com",Amazon.com,used,10.0,"Reprint. Pages 368. In Stock. From : World of Books (previously glenthebookseller), United States",
9781623658199,The Lewis Man,"May, Peter @ BookFinder.com",Amazon.com,used,28.0,"Reprint. Pages 368. In stock Usually ships within 3 to 4 days. From : ThriftBooks-Seattle, United States",
9781623658199,The Lewis Man,"May, Peter @ BookFinder.com",Amazon.com,used,29.0,"Reprint. Pages 368. In stock Usually ships within 3 to 4 days. From : ThriftBooks-Chicago, United States",
9781623658199,The Lewis Man,"May, Peter @ BookFinder.com",Amazon.com,used,30.0,"Reprint. Pages 368. In stock Usually ships within 3 to 4 days. From : ThriftBooks-Phoenix, United States",
9781623658199,The Lewis Man,"May, Peter @ BookFinder.com",Amazon.com,used,31.0,"Reprint. Pages 368. In stock Usually ships within 3 to 4 days. From : ThriftBooks-Atlanta, United States",
9781623658199,The Lewis Man,"May, Peter @ BookFinder.com",Amazon.com,used,32.0,"Reprint. Pages 368. In stock Usually ships within 3 to 4 days. From : ThriftBooks-Dallas, United States",
9781623658199,The Lewis Man,"May, Peter @ BookFinder.com",Amazon.com,used,33.0,"Reprint. Pages 368. In stock Usually ships within 3 to 4 days. From : ThriftBooks-Baltimore, United States",
9781623658199,The Lewis Man,"May, Peter @ BookFinder.com",Amazon.com,used,37.0,"Reprint. Pages 368. In Stock. From : The Used Book Company, United States",
9780807079409,Transgender Warriors: Making History from Joan of Arc to Rupaul,"Feinberg, Leslie @ BookFinder.com",Amazon.com,used,1.0,"First Edition. Pages 212. In Stock. Fulfillment by Amazon. From : eSmartBuys, United States",
9780807079409,Transgender Warriors: Making History from Joan of Arc to Rupaul,"Feinberg, Leslie @ BookFinder.com",Amazon.com (Prime),used,2.0,"First Edition. Pages 212. In Stock. Fulfillment by Amazon. Amazon Prime. Not a Prime member? Try Amazon Prime 30-Day Free Trial which includes Prime Video, Prime Music and Prime Reading. From : eSmartBuys, United States",
9780807079409,Transgender Warriors: Making History from Joan of Arc to Rupaul,"Feinberg, Leslie @ BookFinder.com",Amazon.com,used,4.0,"First Edition. Pages 212. In Stock. From : Hope-in-Books, United States",
9780807079409,Transgender Warriors: Making History from Joan of Arc to Rupaul,"Feinberg, Leslie @ BookFinder.com",Amazon.com,used,5.0,"First Edition. Pages 212. In Stock. From : Fun with Books and Board Games, United States",
9780807079409,Transgender Warriors: Making History from Joan of Arc to Rupaul,"Feinberg, Leslie @ BookFinder.com",Amazon.com,used,6.0,"First Edition. Pages 212. In Stock. Fulfillment by Amazon. From : Pileated Books, United States",
9780807079409,Transgender Warriors: Making History from Joan of Arc to Rupaul,"Feinberg, Leslie @ BookFinder.com",Amazon.com (Prime),used,7.0,"First Edition. Pages 212. In Stock. Fulfillment by Amazon. Amazon Prime. Not a Prime member? Try Amazon Prime 30-Day Free Trial which includes Prime Video, Prime Music and Prime Reading. From : Pileated Books, United States",
9780807079409,Transgender Warriors: Making History from Joan of Arc to Rupaul,"Feinberg, Leslie @ BookFinder.com",Amazon.com,used,17.0,"First Edition. Pages 212. Fulfillment by Amazon. From : Blue Crane, LLC, United States",
9780807079409,Transgender Warriors: Making History from Joan of Arc to Rupaul,"Feinberg, Leslie @ BookFinder.com",Amazon.com (Prime),used,18.0,"First Edition. Pages 212. Fulfillment by Amazon. Amazon Prime. Not a Prime member? Try Amazon Prime 30-Day Free Trial which includes Prime Video, Prime Music and Prime Reading. From : Blue Crane, LLC, United States",
9780807079409,Transgender Warriors: Making History from Joan of Arc to Rupaul,"Feinberg, Leslie @ BookFinder.com",Amazon.com,used,31.0,"First Edition. Pages 212. Usually ships within 11 to 12 days. From : Hafa Adai Books LLC, United States",
9780807079409,Transgender Warriors: Making History from Joan of Arc to Rupaul,"Feinberg, Leslie @ BookFinder.com",Amazon.com,used,35.0,"First Edition. Pages 212. Usually ships within 9 to 10 days. From : Orangeworld LLC, United States",
9780807079409,Transgender Warriors: Making History from Joan of Arc to Rupaul,"Feinberg, Leslie @ BookFinder.com",Amazon.com,used,37.0,"First Edition. Pages 212. In Stock. From : thebookforest, United States",
9780807079409,Transgender Warriors: Making History from Joan of Arc to Rupaul,"Feinberg, Leslie @ BookFinder.com",Amazon.com,used,38.0,"First Edition. Pages 212. In Stock. From : Seated Scribe Books, Canada",
9780807079409,Transgender Warriors: Making History from Joan of Arc to Rupaul,"Feinberg, Leslie @ BookFinder.com",Amazon.com,used,4.0,"First Edition. Pages 212. Usually ships within 11 to 12 days. From : Hafa Adai Books LLC, United States",
9780807079409,Transgender Warriors: Making History from Joan of Arc to Rupaul,"Feinberg, Leslie @ BookFinder.com",Amazon.com,used,8.0,"First Edition. Pages 212. Usually ships within 9 to 10 days. From : Orangeworld LLC, United States",
9780807079409,Transgender Warriors: Making History from Joan of Arc to Rupaul,"Feinberg, Leslie @ BookFinder.com",Amazon.com,used,9.0,"First Edition. Pages 212. In Stock. From : thebookforest, United States",
9780807079409,Transgender Warriors: Making History from Joan of Arc to Rupaul,"Feinberg, Leslie @ BookFinder.com",Amazon.com,used,10.0,"First Edition. Pages 212. In Stock. From : Seated Scribe Books, Canada",
9780807079409,Transgender Warriors: Making History from Joan of Arc to Rupaul,"Feinberg, Leslie @ BookFinder.com",Amazon.com,used,17.0,"First Edition. Pages 212. In Stock. Fulfillment by Amazon. From : OGZ Design, United States",
9780807079409,Transgender Warriors: Making History from Joan of Arc to Rupaul,"Feinberg, Leslie @ BookFinder.com",Amazon.com (Prime),used,18.0,"First Edition. Pages 212. In Stock. Fulfillment by Amazon. Amazon Prime. Not a Prime member? Try Amazon Prime 30-Day Free Trial which includes Prime Video, Prime Music and Prime Reading. From : OGZ Design, United States",
9780807079409,Transgender Warriors: Making History from Joan of Arc to Rupaul,"Feinberg, Leslie @ BookFinder.com",Amazon.com,used,1.0,"First Edition. Pages 212. In Stock. Fulfillment by Amazon. From : eSmartBuys, United States",
9780807079409,Transgender Warriors: Making History from Joan of Arc to Rupaul,"Feinberg, Leslie @ BookFinder.com",Amazon.com (Prime),used,2.0,"First Edition. Pages 212. In Stock. Fulfillment by Amazon. Amazon Prime. Not a Prime member? Try Amazon Prime 30-Day Free Trial which includes Prime Video, Prime Music and Prime Reading. From : eSmartBuys, United States",
9780807079409,Transgender Warriors: Making History from Joan of Arc to Rupaul,"Feinberg, Leslie @ BookFinder.com",Amazon.com,used,4.0,"First Edition. Pages 212. In Stock. From : Hope-in-Books, United States",
9780807079409,Transgender Warriors: Making History from Joan of Arc to Rupaul,"Feinberg, Leslie @ BookFinder.com",Amazon.com,used,5.0,"First Edition. Pages 212. In Stock. From : Fun with Books and Board Games, United States",
9780807079409,Transgender Warriors: Making History from Joan of Arc to Rupaul,"Feinberg, Leslie @ BookFinder.com",Amazon.com,used,6.0,"First Edition. Pages 212. In Stock. Fulfillment by Amazon. From : Pileated Books, United States",
9780807079409,Transgender Warriors: Making History from Joan of Arc to Rupaul,"Feinberg, Leslie @ BookFinder.com",Amazon.com (Prime),used,7.0,"First Edition. Pages 212. In Stock. Fulfillment by Amazon. Amazon Prime. Not a Prime member? Try Amazon Prime 30-Day Free Trial which includes Prime Video, Prime Music and Prime Reading. From : Pileated Books, United States",
9780807079409,Transgender Warriors: Making History from Joan of Arc to Rupaul,"Feinberg, Leslie @ BookFinder.com",Amazon.com,used,16.0,"First Edition. Pages 212. Fulfillment by Amazon. From : Blue Crane, LLC, United States",
9780807079409,Transgender Warriors: Making History from Joan of Arc to Rupaul,"Feinberg, Leslie @ BookFinder.com",Amazon.com (Prime),used,17.0,"First Edition. Pages 212. Fulfillment by Amazon. Amazon Prime. Not a Prime member? Try Amazon Prime 30-Day Free Trial which includes Prime Video, Prime Music and Prime Reading. From : Blue Crane, LLC, United States",
9781328916778,Mary Poppins: The Collectible Picture Book,"Travers, P. L. @ BookFinder.com",Amazon.com,used,22.0,"Illustrated Format: Picture Book. Pages 32. In Stock. From : Seattlegoodwill, United States",
9781328916778,Mary Poppins: The Collectible Picture Book,"Travers, P. L. @ BookFinder.com",Amazon.com,used,25.0,"Illustrated Format: Picture Book. Pages 32. In Stock. From : more-than-words, United States",
9781328916778,Mary Poppins: The Collectible Picture Book,"Travers, P. L. @ BookFinder.com",Amazon.com,used,26.0,"Illustrated Format: Picture Book. Pages 32. In Stock. From : more-than-words, United States",
9781328916778,Mary Poppins: The Collectible Picture Book,"Travers, P. L. @ BookFinder.com",Amazon.com,used,28.0,"Illustrated Format: Picture Book. Pages 32. In Stock. From : Goodwill of Western Missouri & Eastern Kansas, United States",
9781328916778,Mary Poppins: The Collectible Picture Book,"Travers, P. L. @ BookFinder.com",Amazon.com,used,30.0,"Illustrated Format: Picture Book. Pages 32. In Stock. From : Books-FYI, United States",
9781328916778,Mary Poppins: The Collectible Picture Book,"Travers, P. L. @ BookFinder.com",Amazon.com,used,31.0,"Illustrated Format: Picture Book. Pages 32. In Stock. From : MegaReads, United States",
9781328916778,Mary Poppins: The Collectible Picture Book,"Travers, P. L. @ BookFinder.com",Amazon.com,used,35.0,"Illustrated Format: Picture Book. Pages 32. In Stock. From : World of Books (previously glenthebookseller), United States",
9781328916778,Mary Poppins: The Collectible Picture Book,"Travers, P. L. @ BookFinder.com",Amazon.com,used,36.0,"Illustrated Format: Picture Book. Pages 32. In Stock. From : World of Books (previously glenthebookseller), United States",
9781328916778,Mary Poppins: The Collectible Picture Book,"Travers, P. L. @ BookFinder.com",Amazon.com,used,37.0,"Illustrated Format: Picture Book. Pages 32. In Stock. From : World of Books (previously glenthebookseller), United States",
9781328916778,Mary Poppins: The Collectible Picture Book,"Travers, P. L. @ BookFinder.com",Amazon.com,used,48.0,"Illustrated Format: Picture Book. Pages 32. In Stock. From : Goodwill Industries of Central Texas, United States",
9781328916778,Mary Poppins: The Collectible Picture Book,"Travers, P. L. @ BookFinder.com",Amazon.com,used,1.0,"Illustrated Format: Picture Book. Pages 32. In Stock. From : Emeserella, United States",
9781328916778,Mary Poppins: The Collectible Picture Book,"Travers, P. L. @ BookFinder.com",Amazon.com,used,2.0,"Illustrated Format: Picture Book. Pages 32. In Stock. Fulfillment by Amazon. From : GULAK, United States",
9781328916778,Mary Poppins: The Collectible Picture Book,"Travers, P. L. @ BookFinder.com",Amazon.com (Prime),used,3.0,"Illustrated Format: Picture Book. Pages 32. In Stock. Fulfillment by Amazon. Amazon Prime. Not a Prime member? Try Amazon Prime 30-Day Free Trial which includes Prime Video, Prime Music and Prime Reading. From : GULAK, United States",
9781328916778,Mary Poppins: The Collectible Picture Book,"Travers, P. L. @ BookFinder.com",Amazon.com,used,4.0,"Illustrated Format: Picture Book. Pages 32. In Stock. From : Smartbuysclearancebooks, United States",
9781328916778,Mary Poppins: The Collectible Picture Book,"Travers, P. L. @ BookFinder.com",Amazon.com,used,5.0,"Illustrated Format: Picture Book. Pages 32. In Stock. Fulfillment by Amazon. From : Amazon.com, United States",
9781328916778,Mary Poppins: The Collectible Picture Book,"Travers, P. L. @ BookFinder.com",Amazon.com (Prime),used,6.0,"Illustrated Format: Picture Book. Pages 32. In Stock. Fulfillment by Amazon. Amazon Prime. Not a Prime member? Try Amazon Prime 30-Day Free Trial which includes Prime Video, Prime Music and Prime Reading. From : Amazon.com (Prime), United States",
9781328916778,Mary Poppins: The Collectible Picture Book,"Travers, P. L. @ BookFinder.com",Amazon.com,used,9.0,"Illustrated Format: Picture Book. Pages 32. In Stock. From : FindAnyBook, United States",
9781328916778,Mary Poppins: The Collectible Picture Book,"Travers, P. L. @ BookFinder.com",Amazon.com,used,10.0,"Illustrated Format: Picture Book. Pages 32. In Stock. From : Literati101, United States",
9781328916778,Mary Poppins: The Collectible Picture Book,"Travers, P. L. @ BookFinder.com",Amazon.com,used,11.0,"Illustrated Format: Picture Book. Pages 32. In Stock. Fulfillment by Amazon. From : Yakutstore, United States",
9781328916778,Mary Poppins: The Collectible Picture Book,"Travers, P. L. @ BookFinder.com",Amazon.com (Prime),used,12.0,"Illustrated Format: Picture Book. Pages 32. In Stock. Fulfillment by Amazon. Amazon Prime. Not a Prime member? Try Amazon Prime 30-Day Free Trial which includes Prime Video, Prime Music and Prime Reading. From : Yakutstore, United States",
9781328916778,Mary Poppins: The Collectible Picture Book,"Travers, P. L. @ BookFinder.com",Amazon.com,used,13.0,"Illustrated Format: Picture Book. Pages 32. In Stock. From : Literati101, United States",
9781328916778,Mary Poppins: The Collectible Picture Book,"Travers, P. L. @ BookFinder.com",Amazon.com,used,15.0,"Illustrated Format: Picture Book. Pages 32. In Stock. From : Shop 'til You Drop, United States",
9781328916778,Mary Poppins: The Collectible Picture Book,"Travers, P. L. @ BookFinder.com",Amazon.com,used,18.0,"Illustrated Format: Picture Book. Pages 32. Fulfillment by Amazon. From : Frog Champ, United States",
9781328916778,Mary Poppins: The Collectible Picture Book,"Travers, P. L. @ BookFinder.com",Amazon.com (Prime),used,19.0,"Illustrated Format: Picture Book. Pages 32. Fulfillment by Amazon. Amazon Prime. Not a Prime member? Try Amazon Prime 30-Day Free Trial which includes Prime Video, Prime Music and Prime Reading. From : Frog Champ, United States",
9781328916778,Mary Poppins: The Collectible Picture Book,"Travers, P. L. @ BookFinder.com",Amazon.com,used,22.0,"Illustrated Format: Picture Book. Pages 32. In Stock. From : Seattlegoodwill, United States",
9781328916778,Mary Poppins: The Collectible Picture Book,"Travers, P. L. @ BookFinder.com",Amazon.com,used,25.0,"Illustrated Format: Picture Book. Pages 32. In Stock. From : more-than-words, United States",
9781328916778,Mary Poppins: The Collectible Picture Book,"Travers, P. L. @ BookFinder.com",Amazon.com,used,26.0,"Illustrated Format: Picture Book. Pages 32. In Stock. From : more-than-words, United States",
9781328916778,Mary Poppins: The Collectible Picture Book,"Travers, P. L. @ BookFinder.com",Amazon.com,used,28.0,"Illustrated Format: Picture Book. Pages 32. In Stock. From : Goodwill of Western Missouri & Eastern Kansas, United States",
9781328916778,Mary Poppins: The Collectible Picture Book,"Travers, P. L. @ BookFinder.com",Amazon.com,used,30.0,"Illustrated Format: Picture Book. Pages 32. In Stock. From : Books-FYI, United States",
9781328916778,Mary Poppins: The Collectible Picture Book,"Travers, P. L. @ BookFinder.com",Amazon.com,used,31.0,"Illustrated Format: Picture Book. Pages 32. In Stock. From : MegaReads, United States",
9781328916778,Mary Poppins: The Collectible Picture Book,"Travers, P. L. @ BookFinder.com",Amazon.com,used,35.0,"Illustrated Format: Picture Book. Pages 32. In Stock. From : World of Books (previously glenthebookseller), United States",
9781328916778,Mary Poppins: The Collectible Picture Book,"Travers, P. L. @ BookFinder.com",Amazon.com,used,36.0,"Illustrated Format: Picture Book. Pages 32. In Stock. From : World of Books (previously glenthebookseller), United States",
9781328916778,Mary Poppins: The Collectible Picture Book,"Travers, P. L. @ BookFinder.com",Amazon.com,used,37.0,"Illustrated Format: Picture Book. Pages 32. In Stock. From : World of Books (previously glenthebookseller), United States",
9781328916778,Mary Poppins: The Collectible Picture Book,"Travers, P. L. @ BookFinder.com",Amazon.com,used,48.0,"Illustrated Format: Picture Book. Pages 32. In Stock. From : Goodwill Industries of Central Texas, United States",
9788483460436,La casa de las olas (Spanish Edition),"MOYES,JOJO @ BookFinder.com",Amazon.com,used,21.0,"001. Pages 464. In Stock. From : Last Books, Spain",
9788483460436,La casa de las olas (Spanish Edition),"MOYES,JOJO @ BookFinder.com",Amazon.com,used,26.0,"001. Pages 464. In Stock. From : Atmosphere Bks, Spain",
9788483460436,La casa de las olas (Spanish Edition),"MOYES,JOJO @ BookFinder.com",Amazon.com,used,21.0,"001. Pages 464. In Stock. From : Last Books, Spain",
9788483460436,La casa de las olas (Spanish Edition),"MOYES,JOJO @ BookFinder.com",Amazon.com,used,23.0,"001. Pages 464. In Stock. From : Atmosphere Bks, Spain",
9789681601881,"Marx y su concepto del hombre (Brevarios Del Fondo De Cultura Economica, 166) (Spanish Edition)",Fromm; Erich @ BookFinder.com,Amazon.com,used,4.0,"First Edition. Pages 272. In stock Usually ships within 3 to 4 days. From : ThriftBooks-Dallas, United States",
9789681601881,"Marx y su concepto del hombre (Brevarios Del Fondo De Cultura Economica, 166) (Spanish Edition)",Fromm; Erich @ BookFinder.com,Amazon.com,used,17.0,"First Edition. Pages 272. In Stock. From : Isabella's Book Barn, United States",
9789681601881,"Marx y su concepto del hombre (Brevarios Del Fondo De Cultura Economica, 166) (Spanish Edition)",Fromm; Erich @ BookFinder.com,Amazon.com,used,19.0,"First Edition. Pages 272. In Stock. From : Last Books, Spain",
9789681601881,"Marx y su concepto del hombre (Brevarios Del Fondo De Cultura Economica, 166) (Spanish Edition)",Fromm; Erich @ BookFinder.com,Amazon.com,used,20.0,"First Edition. Pages 272. In Stock. From : Atmosphere Bks, Spain",
9789681601881,"Marx y su concepto del hombre (Brevarios Del Fondo De Cultura Economica, 166) (Spanish Edition)",Fromm; Erich @ BookFinder.com,Amazon.com,used,4.0,"First Edition. Pages 272. In stock Usually ships within 3 to 4 days. From : ThriftBooks-Dallas, United States",
9789681601881,"Marx y su concepto del hombre (Brevarios Del Fondo De Cultura Economica, 166) (Spanish Edition)",Fromm; Erich @ BookFinder.com,Amazon.com,used,17.0,"First Edition. Pages 272. In Stock. From : Isabella's Book Barn, United States",
9789681601881,"Marx y su concepto del hombre (Brevarios Del Fondo De Cultura Economica, 166) (Spanish Edition)",Fromm; Erich @ BookFinder.com,Amazon.com,used,19.0,"First Edition. Pages 272. In Stock. From : Last Books, Spain",
9789681601881,"Marx y su concepto del hombre (Brevarios Del Fondo De Cultura Economica, 166) (Spanish Edition)",Fromm; Erich @ BookFinder.com,Amazon.com,used,20.0,"First Edition. Pages 272. In Stock. From : Atmosphere Bks, Spain",
9788377478424,Basniobor 5 Klucze do wiezienia demonow (Polish Edition),"Mull, Brandon @ BookFinder.com",Amazon.com,used,4.0,"1. Pages 560. In Stock. From : WeBuyBooks-UK, United Kingdom",
9788377478424,Basniobor 5 Klucze do wiezienia demonow (Polish Edition),"Mull, Brandon @ BookFinder.com",Amazon.com,used,10.0,"1. Pages 560. In Stock. From : PoloniaCrewStore, Poland",
9788377478424,Basniobor 5 Klucze do wiezienia demonow (Polish Edition),"Mull, Brandon @ BookFinder.com",Amazon.com,used,1.0,"1. Pages 560. In Stock. From : PoloniaCrewStore, Poland",
9788377478424,Basniobor 5 Klucze do wiezienia demonow (Polish Edition),"Mull, Brandon @ BookFinder.com",Amazon.com,used,4.0,"1. Pages 560. In Stock. From : WeBuyBooks-UK, United Kingdom",
9781784706456,AMERICAN PASTORAL (FILM TIE-IN),Philip Roth @ BookFinder.com,Amazon.com,used,13.0,"Film Tie-In. Pages 432. In stock Usually ships within 2 to 3 days. From : awesomebooksusa, United States",
9781784706456,AMERICAN PASTORAL (FILM TIE-IN),Philip Roth @ BookFinder.com,Amazon.com,used,14.0,"Film Tie-In. Pages 432. In stock Usually ships within 2 to 3 days. From : Bahamut Media, United States",
9781784706456,AMERICAN PASTORAL (FILM TIE-IN),Philip Roth @ BookFinder.com,Amazon.com,used,15.0,"Film Tie-In. Pages 432. In Stock. From : WonderBook, United States",
9781784706456,AMERICAN PASTORAL (FILM TIE-IN),Philip Roth @ BookFinder.com,Amazon.com,used,16.0,"Film Tie-In. Pages 432. In Stock. From : worldofbooksusa, United Kingdom",
9781784706456,AMERICAN PASTORAL (FILM TIE-IN),Philip Roth @ BookFinder.com,Amazon.com,used,36.0,"Film Tie-In. Pages 432. In stock Usually ships within 4 to 5 days. From : BAY EXPRESS - Miami books, Netherlands",
9781784706456,AMERICAN PASTORAL (FILM TIE-IN),Philip Roth @ BookFinder.com,Amazon.com.au,used,41.0,Film Tie-In. Pages 432. Usually dispatched within 9 to 10 days. From : Outer_P,
9781784706456,AMERICAN PASTORAL (FILM TIE-IN),Philip Roth @ BookFinder.com,Amazon.com.au,used,6.0,Film Tie-In. Pages 432. Usually dispatched within 9 to 10 days. From : Outer_P,
9781784706456,AMERICAN PASTORAL (FILM TIE-IN),Philip Roth @ BookFinder.com,Amazon.com,used,13.0,"Film Tie-In. Pages 432. In stock Usually ships within 2 to 3 days. From : awesomebooksusa, United States",
9781784706456,AMERICAN PASTORAL (FILM TIE-IN),Philip Roth @ BookFinder.com,Amazon.com,used,14.0,"Film Tie-In. Pages 432. In stock Usually ships within 2 to 3 days. From : Bahamut Media, United States",
9781784706456,AMERICAN PASTORAL (FILM TIE-IN),Philip Roth @ BookFinder.com,Amazon.com,used,15.0,"Film Tie-In. Pages 432. In Stock. From : WonderBook, United States",
9781784706456,AMERICAN PASTORAL (FILM TIE-IN),Philip Roth @ BookFinder.com,Amazon.com,used,16.0,"Film Tie-In. Pages 432. In Stock. From : worldofbooksusa, United Kingdom",
9781784706456,AMERICAN PASTORAL (FILM TIE-IN),Philip Roth @ BookFinder.com,Amazon.com,used,34.0,"Film Tie-In. Pages 432. In stock Usually ships within 4 to 5 days. From : BAY EXPRESS - Miami books, Netherlands",
9781601375025,On Care for Our Common Home (Laudato Si'),Pope Francis @ BookFinder.com,Amazon.com,used,13.0,"First Edition. Pages 128. In Stock. From : RNA TRADE LLC, United States",
9781601375025,On Care for Our Common Home (Laudato Si'),Pope Francis @ BookFinder.com,Amazon.com,used,14.0,"First Edition. Pages 128. In Stock. From : Goodwill Minnesota, United States",
9781601375025,On Care for Our Common Home (Laudato Si'),Pope Francis @ BookFinder.com,Amazon.com,used,15.0,"First Edition. Pages 128. In stock Usually ships within 2 to 3 days. From : Goodwillswpa, United States",
9781601375025,On Care for Our Common Home (Laudato Si'),Pope Francis @ BookFinder.com,Amazon.com,used,38.0,"First Edition. Pages 128. In stock Usually ships within 3 to 4 days. From : ThriftBooks-Dallas, United States",
9781601375025,On Care for Our Common Home (Laudato Si'),Pope Francis @ BookFinder.com,Amazon.com,used,39.0,"First Edition. Pages 128. In stock Usually ships within 3 to 4 days. From : ThriftBooks-Atlanta, United States",
9781601375025,On Care for Our Common Home (Laudato Si'),Pope Francis @ BookFinder.com,Amazon.com,used,40.0,"First Edition. Pages 128. In stock Usually ships within 3 to 4 days. From : ThriftBooks-Atlanta, United States",
9781601375025,On Care for Our Common Home (Laudato Si'),Pope Francis @ BookFinder.com,Amazon.com,used,41.0,"First Edition. Pages 128. In stock Usually ships within 3 to 4 days. From : ThriftBooks-Baltimore, United States",
9781601375025,On Care for Our Common Home (Laudato Si'),Pope Francis @ BookFinder.com,Amazon.com,used,42.0,"First Edition. Pages 128. In stock Usually ships within 3 to 4 days. From : ThriftBooks-Phoenix, United States",
9781601375025,On Care for Our Common Home (Laudato Si'),Pope Francis @ BookFinder.com,Amazon.com,used,43.0,"First Edition. Pages 128. In stock Usually ships within 3 to 4 days. From : ThriftBooks-Phoenix, United States",
9781601375025,On Care for Our Common Home (Laudato Si'),Pope Francis @ BookFinder.com,Amazon.com,used,44.0,"First Edition. Pages 128. In stock Usually ships within 3 to 4 days. From : ThriftBooks-Seattle, United States",
9781601375025,On Care for Our Common Home (Laudato Si'),Pope Francis @ BookFinder.com,Amazon.com,used,1.0,"First Edition. Pages 128. In Stock. From : ihmsisters, United States",
9781601375025,On Care for Our Common Home (Laudato Si'),Pope Francis @ BookFinder.com,Amazon.com,used,2.0,"First Edition. Pages 128. In Stock. From : oliver-owl-books, United States",
9781601375025,On Care for Our Common Home (Laudato Si'),Pope Francis @ BookFinder.com,Amazon.com,used,4.0,"First Edition. Pages 128. In Stock. From : detroit whut, United States",
9781601375025,On Care for Our Common Home (Laudato Si'),Pope Francis @ BookFinder.com,Amazon.com,used,5.0,"First Edition. Pages 128. In Stock. From : St. Francis Book Nook, United States",
9781601375025,On Care for Our Common Home (Laudato Si'),Pope Francis @ BookFinder.com,Amazon.com,used,6.0,"First Edition. Pages 128. In Stock. From : valergrace, United States",
9781601375025,On Care for Our Common Home (Laudato Si'),Pope Francis @ BookFinder.com,Amazon.com,used,11.0,"First Edition. Pages 128. In Stock. From : Milligan's Books, United States",
9781601375025,On Care for Our Common Home (Laudato Si'),Pope Francis @ BookFinder.com,Amazon.com,used,13.0,"First Edition. Pages 128. In Stock. Fulfillment by Amazon. From : SozBooks, United States",
9781601375025,On Care for Our Common Home (Laudato Si'),Pope Francis @ BookFinder.com,Amazon.com (Prime),used,14.0,"First Edition. Pages 128. In Stock. Fulfillment by Amazon. Amazon Prime. Not a Prime member? Try Amazon Prime 30-Day Free Trial which includes Prime Video, Prime Music and Prime Reading. From : SozBooks, United States",
9781601375025,On Care for Our Common Home (Laudato Si'),Pope Francis @ BookFinder.com,Amazon.com,used,15.0,"First Edition. Pages 128. In Stock. Fulfillment by Amazon. From : ASYA GROUP COMPANY, United States",
9781601375025,On Care for Our Common Home (Laudato Si'),Pope Francis @ BookFinder.com,Amazon.com (Prime),used,16.0,"First Edition. Pages 128. In Stock. Fulfillment by Amazon. Amazon Prime. Not a Prime member? Try Amazon Prime 30-Day Free Trial which includes Prime Video, Prime Music and Prime Reading. From : ASYA GROUP COMPANY, United States",
9781601375025,On Care for Our Common Home (Laudato Si'),Pope Francis @ BookFinder.com,Amazon.com,used,17.0,"First Edition. Pages 128. In Stock. Fulfillment by Amazon. From : HORIZON EXPRESS, United States",
9781601375025,On Care for Our Common Home (Laudato Si'),Pope Francis @ BookFinder.com,Amazon.com (Prime),used,18.0,"First Edition. Pages 128. In Stock. Fulfillment by Amazon. Amazon Prime. Not a Prime member? Try Amazon Prime 30-Day Free Trial which includes Prime Video, Prime Music and Prime Reading. From : HORIZON EXPRESS, United States",
9781601375025,On Care for Our Common Home (Laudato Si'),Pope Francis @ BookFinder.com,Amazon.com,used,19.0,"First Edition. Pages 128. In Stock. Fulfillment by Amazon. From : MTEAE, United States",
9781601375025,On Care for Our Common Home (Laudato Si'),Pope Francis @ BookFinder.com,Amazon.com (Prime),used,20.0,"First Edition. Pages 128. In Stock. Fulfillment by Amazon. Amazon Prime. Not a Prime member? Try Amazon Prime 30-Day Free Trial which includes Prime Video, Prime Music and Prime Reading. From : MTEAE, United States",
9781601375025,On Care for Our Common Home (Laudato Si'),Pope Francis @ BookFinder.com,Amazon.com,used,13.0,"First Edition. Pages 128. In Stock. From : RNA TRADE LLC, United States",
9781601375025,On Care for Our Common Home (Laudato Si'),Pope Francis @ BookFinder.com,Amazon.com,used,14.0,"First Edition. Pages 128. In Stock. From : Goodwill Minnesota, United States",
9781601375025,On Care for Our Common Home (Laudato Si'),Pope Francis @ BookFinder.com,Amazon.com,used,15.0,"First Edition. Pages 128. In stock Usually ships within 2 to 3 days. From : Goodwillswpa, United States",
9781601375025,On Care for Our Common Home (Laudato Si'),Pope Francis @ BookFinder.com,Amazon.com,used,38.0,"First Edition. Pages 128. In stock Usually ships within 3 to 4 days. From : ThriftBooks-Dallas, United States",
9781601375025,On Care for Our Common Home (Laudato Si'),Pope Francis @ BookFinder.com,Amazon.com,used,39.0,"First Edition. Pages 128. In stock Usually ships within 3 to 4 days. From : ThriftBooks-Atlanta, United States",
9781601375025,On Care for Our Common Home (Laudato Si'),Pope Francis @ BookFinder.com,Amazon.com,used,40.0,"First Edition. Pages 128. In stock Usually ships within 3 to 4 days. From : ThriftBooks-Atlanta, United States",
9781601375025,On Care for Our Common Home (Laudato Si'),Pope Francis @ BookFinder.com,Amazon.com,used,41.0,"First Edition. Pages 128. In stock Usually ships within 3 to 4 days. From : ThriftBooks-Baltimore, United States",
9781601375025,On Care for Our Common Home (Laudato Si'),Pope Francis @ BookFinder.com,Amazon.com,used,42.0,"First Edition. Pages 128. In stock Usually ships within 3 to 4 days. From : ThriftBooks-Phoenix, United States",
9781601375025,On Care for Our Common Home (Laudato Si'),Pope Francis @ BookFinder.com,Amazon.com,used,43.0,"First Edition. Pages 128. In stock Usually ships within 3 to 4 days. From : ThriftBooks-Phoenix, United States",
9781601375025,On Care for Our Common Home (Laudato Si'),Pope Francis @ BookFinder.com,Amazon.com,used,44.0,"First Edition. Pages 128. In stock Usually ships within 3 to 4 days. From : ThriftBooks-Seattle, United States",
9780756415181,Binti: The Complete Trilogy,"Okorafor, Nnedi @ BookFinder.com",Amazon.com,used,5.0,"First Edition. Pages 368. In stock Usually ships within 3 to 4 days. From : ThriftBooks-Dallas, United States",
9780756415181,Binti: The Complete Trilogy,"Okorafor, Nnedi @ BookFinder.com",Amazon.com,used,6.0,"First Edition. Pages 368. In stock Usually ships within 3 to 4 days. From : ThriftBooks-Dallas, United States",
9780756415181,Binti: The Complete Trilogy,"Okorafor, Nnedi @ BookFinder.com",Amazon.com,used,7.0,"First Edition. Pages 368. In stock Usually ships within 3 to 4 days. From : ThriftBooks-Baltimore, United States",
9780756415181,Binti: The Complete Trilogy,"Okorafor, Nnedi @ BookFinder.com",Amazon.com,used,8.0,"First Edition. Pages 368. In stock Usually ships within 3 to 4 days. From : ThriftBooks-Chicago, United States",
9780756415181,Binti: The Complete Trilogy,"Okorafor, Nnedi @ BookFinder.com",Amazon.com,used,9.0,"First Edition. Pages 368. In stock Usually ships within 3 to 4 days. From : ThriftBooks-Phoenix, United States",
9780756415181,Binti: The Complete Trilogy,"Okorafor, Nnedi @ BookFinder.com",Amazon.com,used,10.0,"First Edition. Pages 368. In stock Usually ships within 3 to 4 days. From : ThriftBooks-Seattle, United States",
9780756415181,Binti: The Complete Trilogy,"Okorafor, Nnedi @ BookFinder.com",Amazon.com,used,13.0,"First Edition. Pages 368. In Stock. Fulfillment by Amazon. From : Dream Books Co., United States",
9780756415181,Binti: The Complete Trilogy,"Okorafor, Nnedi @ BookFinder.com",Amazon.com (Prime),used,14.0,"First Edition. Pages 368. In Stock. Fulfillment by Amazon. Amazon Prime. Not a Prime member? Try Amazon Prime 30-Day Free Trial which includes Prime Video, Prime Music and Prime Reading. From : Dream Books Co., United States",
9780756415181,Binti: The Complete Trilogy,"Okorafor, Nnedi @ BookFinder.com",Amazon.com,used,15.0,"First Edition. Pages 368. In Stock. From : World of Books (previously glenthebookseller), United States",
9780756415181,Binti: The Complete Trilogy,"Okorafor, Nnedi @ BookFinder.com",Amazon.com,used,41.0,"First Edition. Pages 368. In Stock. From : HPB Inc., United States",
9780756415181,Binti: The Complete Trilogy,"Okorafor, Nnedi @ BookFinder.com",Amazon.com,used,42.0,"First Edition. Pages 368. In Stock. From : HPB-Ruby, United States",
9780756415181,Binti: The Complete Trilogy,"Okorafor, Nnedi @ BookFinder.com",Amazon.com,used,6.0,"First Edition. Pages 368. Usually ships within 11 to 12 days. From : Hafa Adai Books LLC, United States",
9780756415181,Binti: The Complete Trilogy,"Okorafor, Nnedi @ BookFinder.com",Amazon.com,used,8.0,"First Edition. Pages 368. In Stock. Fulfillment by Amazon. From : RealizePotential, United States",
9780756415181,Binti: The Complete Trilogy,"Okorafor, Nnedi @ BookFinder.com",Amazon.com (Prime),used,9.0,"First Edition. Pages 368. In Stock. Fulfillment by Amazon. Amazon Prime. Not a Prime member? Try Amazon Prime 30-Day Free Trial which includes Prime Video, Prime Music and Prime Reading. From : RealizePotential, United States",
9780756415181,Binti: The Complete Trilogy,"Okorafor, Nnedi @ BookFinder.com",Amazon.com,used,10.0,"First Edition. Pages 368. Fulfillment by Amazon. From : Abbadi Store, United States",
9780756415181,Binti: The Complete Trilogy,"Okorafor, Nnedi @ BookFinder.com",Amazon.com (Prime),used,11.0,"First Edition. Pages 368. Fulfillment by Amazon. Amazon Prime. Not a Prime member? Try Amazon Prime 30-Day Free Trial which includes Prime Video, Prime Music and Prime Reading. From : Abbadi Store, United States",
9780756415181,Binti: The Complete Trilogy,"Okorafor, Nnedi @ BookFinder.com",Amazon.com,used,12.0,"First Edition. Pages 368. In Stock. Fulfillment by Amazon. From : AMOR BOOKS, United States",
9780756415181,Binti: The Complete Trilogy,"Okorafor, Nnedi @ BookFinder.com",Amazon.com (Prime),used,13.0,"First Edition. Pages 368. In Stock. Fulfillment by Amazon. Amazon Prime. Not a Prime member? Try Amazon Prime 30-Day Free Trial which includes Prime Video, Prime Music and Prime Reading. From : AMOR BOOKS, United States",
9780756415181,Binti: The Complete Trilogy,"Okorafor, Nnedi @ BookFinder.com",Amazon.com,used,14.0,"First Edition. Pages 368. In Stock. Fulfillment by Amazon. From : Everleaf Books, United States",
9780756415181,Binti: The Complete Trilogy,"Okorafor, Nnedi @ BookFinder.com",Amazon.com (Prime),used,15.0,"First Edition. Pages 368. In Stock. Fulfillment by Amazon. Amazon Prime. Not a Prime member? Try Amazon Prime 30-Day Free Trial which includes Prime Video, Prime Music and Prime Reading. From : Everleaf Books, United States",
9780756415181,Binti: The Complete Trilogy,"Okorafor, Nnedi @ BookFinder.com",Amazon.com,used,3.0,"First Edition. Pages 368. In stock Usually ships within 3 to 4 days. From : ThriftBooks-Dallas, United States",
9780756415181,Binti: The Complete Trilogy,"Okorafor, Nnedi @ BookFinder.com",Amazon.com,used,4.0,"First Edition. Pages 368. In stock Usually ships within 3 to 4 days. From : ThriftBooks-Dallas, United States",
9780756415181,Binti: The Complete Trilogy,"Okorafor, Nnedi @ BookFinder.com",Amazon.com,used,5.0,"First Edition. Pages 368. In stock Usually ships within 3 to 4 days. From : ThriftBooks-Baltimore, United States",
9780756415181,Binti: The Complete Trilogy,"Okorafor, Nnedi @ BookFinder.com",Amazon.com,used,6.0,"First Edition. Pages 368. In stock Usually ships within 3 to 4 days. From : ThriftBooks-Chicago, United States",
9780756415181,Binti: The Complete Trilogy,"Okorafor, Nnedi @ BookFinder.com",Amazon.com,used,7.0,"First Edition. Pages 368. In stock Usually ships within 3 to 4 days. From : ThriftBooks-Phoenix, United States",
9780756415181,Binti: The Complete Trilogy,"Okorafor, Nnedi @ BookFinder.com",Amazon.com,used,8.0,"First Edition. Pages 368. In stock Usually ships within 3 to 4 days. From : ThriftBooks-Seattle, United States",
9780756415181,Binti: The Complete Trilogy,"Okorafor, Nnedi @ BookFinder.com",Amazon.com,used,11.0,"First Edition. Pages 368. In Stock. Fulfillment by Amazon. From : Dream Books Co., United States",
9780756415181,Binti: The Complete Trilogy,"Okorafor, Nnedi @ BookFinder.com",Amazon.com (Prime),used,12.0,"First Edition. Pages 368. In Stock. Fulfillment by Amazon. Amazon Prime. Not a Prime member? Try Amazon Prime 30-Day Free Trial which includes Prime Video, Prime Music and Prime Reading. From : Dream Books Co., United States",
9780756415181,Binti: The Complete Trilogy,"Okorafor, Nnedi @ BookFinder.com",Amazon.com,used,13.0,"First Edition. Pages 368. In Stock. From : World of Books (previously glenthebookseller), United States",
9780756415181,Binti: The Complete Trilogy,"Okorafor, Nnedi @ BookFinder.com",Amazon.com,used,38.0,"First Edition. Pages 368. In Stock. From : HPB Inc., United States",
9780756415181,Binti: The Complete Trilogy,"Okorafor, Nnedi @ BookFinder.com",Amazon.com,used,39.0,"First Edition. Pages 368. In Stock. From : HPB-Ruby, United States",
9781934432013,Athletic and Orthopedic Injury Assessment,"Berry, David C. @ BookFinder.com",Amazon.com,used,6.0,"1. Pages 510. In stock Usually ships within 3 to 4 days. From : ThriftBooks-Baltimore, United States",
9781934432013,Athletic and Orthopedic Injury Assessment,"Berry, David C. @ BookFinder.com",Amazon.com,used,7.0,"1. Pages 510. In stock Usually ships within 3 to 4 days. From : ThriftBooks-Atlanta, United States",
9781934432013,Athletic and Orthopedic Injury Assessment,"Berry, David C. @ BookFinder.com",Amazon.com,used,14.0,"1. Pages 510. In Stock. From : HPB-Red, United States",
9781934432013,Athletic and Orthopedic Injury Assessment,"Berry, David C. @ BookFinder.com",Amazon.com,used,20.0,"1. Pages 510. In Stock. From : ✅College-Books-Direct ✅, United States",
9781934432013,Athletic and Orthopedic Injury Assessment,"Berry, David C. @ BookFinder.com",Amazon.com,used,24.0,"1. Pages 510. In Stock. From : firstclassbooks, United States",
9781934432013,Athletic and Orthopedic Injury Assessment,"Berry, David C. @ BookFinder.com",Amazon.com,used,25.0,"1. Pages 510. In Stock. From : firstclassbooks, United States",
9781934432013,Athletic and Orthopedic Injury Assessment,"Berry, David C. @ BookFinder.com",Amazon.com,used,26.0,"1. Pages 510. In Stock. From : firstclassbooks, United States",
9781934432013,Athletic and Orthopedic Injury Assessment,"Berry, David C. @ BookFinder.com",Amazon.com,used,31.0,"1. Pages 510. In Stock. From : TextbookRush🍎, United States",
9781934432013,Athletic and Orthopedic Injury Assessment,"Berry, David C. @ BookFinder.com",Amazon.com,used,32.0,"1. Pages 510. In Stock. From : Better World Books: South, United States",
9781934432013,Athletic and Orthopedic Injury Assessment,"Berry, David C. @ BookFinder.com",Amazon.com,used,34.0,"1. Pages 510. In Stock. From : GF Books, Inc., United States",
9781934432013,Athletic and Orthopedic Injury Assessment,"Berry, David C. @ BookFinder.com",Amazon.com,used,1.0,"1. Pages 510. In Stock. From : Lakeside Book Merchant, United States",
9781934432013,Athletic and Orthopedic Injury Assessment,"Berry, David C. @ BookFinder.com",Amazon.com,used,2.0,"1. Pages 510. Usually ships within 9 to 10 days. From : CalMaz Books, United States",
9781934432013,Athletic and Orthopedic Injury Assessment,"Berry, David C. @ BookFinder.com",Amazon.com,used,3.0,"1. Pages 510. In Stock. From : USAHARMONY, United States",
9781934432013,Athletic and Orthopedic Injury Assessment,"Berry, David C. @ BookFinder.com",Amazon.com,used,4.0,"1. Pages 510. In Stock. From : Bookisland07, United States",
9781934432013,Athletic and Orthopedic Injury Assessment,"Berry, David C. @ BookFinder.com",Amazon.com,used,6.0,"1. Pages 510. In Stock. From : GF Books, Inc., United States",
9781934432013,Athletic and Orthopedic Injury Assessment,"Berry, David C. @ BookFinder.com",Amazon.com,used,7.0,"1. Pages 510. In Stock. Fulfillment by Amazon. From : itemspopularsonlineaindemand, United States",
9781934432013,Athletic and Orthopedic Injury Assessment,"Berry, David C. @ BookFinder.com",Amazon.com (Prime),used,8.0,"1. Pages 510. In Stock. Fulfillment by Amazon. Amazon Prime. Not a Prime member? Try Amazon Prime 30-Day Free Trial which includes Prime Video, Prime Music and Prime Reading. From : itemspopularsonlineaindemand, United States",
9781934432013,Athletic and Orthopedic Injury Assessment,"Berry, David C. @ BookFinder.com",Amazon.com (Prime),used,9.0,"1. Pages 510. In Stock. Fulfillment by Amazon. Amazon Prime. Not a Prime member? Try Amazon Prime 30-Day Free Trial which includes Prime Video, Prime Music and Prime Reading. From : Amazon.com (Prime), United States",
9781934432013,Athletic and Orthopedic Injury Assessment,"Berry, David C. @ BookFinder.com",Amazon.com,used,10.0,"1. Pages 510. In Stock. Fulfillment by Amazon. From : Amazon.com, United States",
9781934432013,Athletic and Orthopedic Injury Assessment,"Berry, David C. @ BookFinder.com",Amazon.com,used,18.0,"1. Pages 510. In Stock. Fulfillment by Amazon. From : shopbysafely LLC, United States",
9781934432013,Athletic and Orthopedic Injury Assessment,"Berry, David C. @ BookFinder.com",Amazon.com (Prime),used,19.0,"1. Pages 510. In Stock. Fulfillment by Amazon. Amazon Prime. Not a Prime member? Try Amazon Prime 30-Day Free Trial which includes Prime Video, Prime Music and Prime Reading. From : shopbysafely LLC, United States",
9781934432013,Athletic and Orthopedic Injury Assessment,"Berry, David C. @ BookFinder.com",Amazon.com.au,used,29.0,1. Pages 510. In stock. Fulfillment by Amazon. From : Amazon AU,
9781934432013,Athletic and Orthopedic Injury Assessment,"Berry, David C. @ BookFinder.com",Amazon.com,used,38.0,"1. Pages 510. Usually ships within 7 to 8 days. From : SuperBookDeals---, United States",
9781934432013,Athletic and Orthopedic Injury Assessment,"Berry, David C. @ BookFinder.com",Amazon.com,used,45.0,"1. Pages 510. Usually ships within 13 to 14 days. From : Books Paradise Global, United States",
9781934432013,Athletic and Orthopedic Injury Assessment,"Berry, David C. @ BookFinder.com",Amazon.com,used,6.0,"1. Pages 510. In stock Usually ships within 3 to 4 days. From : ThriftBooks-Baltimore, United States",
9781934432013,Athletic and Orthopedic Injury Assessment,"Berry, David C. @ BookFinder.com",Amazon.com,used,7.0,"1. Pages 510. In stock Usually ships within 3 to 4 days. From : ThriftBooks-Atlanta, United States",
9781934432013,Athletic and Orthopedic Injury Assessment,"Berry, David C. @ BookFinder.com",Amazon.com,used,14.0,"1. Pages 510. In Stock. From : HPB-Red, United States",
9781934432013,Athletic and Orthopedic Injury Assessment,"Berry, David C. @ BookFinder.com",Amazon.com,used,20.0,"1. Pages 510. In Stock. From : ✅College-Books-Direct ✅, United States",
9781934432013,Athletic and Orthopedic Injury Assessment,"Berry, David C. @ BookFinder.com",Amazon.com,used,24.0,"1. Pages 510. In Stock. From : firstclassbooks, United States",
9781934432013,Athletic and Orthopedic Injury Assessment,"Berry, David C. @ BookFinder.com",Amazon.com,used,25.0,"1. Pages 510. In Stock. From : firstclassbooks, United States",
9781934432013,Athletic and Orthopedic Injury Assessment,"Berry, David C. @ BookFinder.com",Amazon.com,used,26.0,"1. Pages 510. In Stock. From : firstclassbooks, United States",
9781934432013,Athletic and Orthopedic Injury Assessment,"Berry, David C. @ BookFinder.com",Amazon.com,used,31.0,"1. Pages 510. In Stock. From : TextbookRush🍎, United States",
9781934432013,Athletic and Orthopedic Injury Assessment,"Berry, David C. @ BookFinder.com",Amazon.com,used,32.0,"1. Pages 510. In Stock. From : Better World Books: South, United States",
9781934432013,Athletic and Orthopedic Injury Assessment,"Berry, David C. @ BookFinder.com",Amazon.com,used,34.0,"1. Pages 510. In Stock. From : GF Books, Inc., United States",
9780937858530,Your Child at Play: One to Two Years,Marilyn Segal @ BookFinder.com,Amazon.com,used,2.0,"0. Pages 224. In Stock. From : marietharris2, United States",
9780937858530,Your Child at Play: One to Two Years,Marilyn Segal @ BookFinder.com,Amazon.com,used,4.0,"0. Pages 224. In Stock. From : onceuponatimebooks, United States",
9780937858530,Your Child at Play: One to Two Years,Marilyn Segal @ BookFinder.com,Amazon.com,used,20.0,"0. Pages 224. In stock Usually ships within 3 to 4 days. From : ThriftBooks-Dallas, United States",
9780937858530,Your Child at Play: One to Two Years,Marilyn Segal @ BookFinder.com,Amazon.com,used,24.0,"0. Pages 224. In Stock. From : HPB-Ruby, United States",
9780937858530,Your Child at Play: One to Two Years,Marilyn Segal @ BookFinder.com,Amazon.com,used,26.0,"0. Pages 224. In Stock. From : Dunaway Books, United States",
9780937858530,Your Child at Play: One to Two Years,Marilyn Segal @ BookFinder.com,Amazon.com,used,34.0,"0. Pages 224. In Stock. From : Better World Books: West, United States",
9780937858530,Your Child at Play: One to Two Years,Marilyn Segal @ BookFinder.com,Amazon.com,used,39.0,"0. Pages 224. In Stock. From : Robinson Street Books, United States",
9780937858530,Your Child at Play: One to Two Years,Marilyn Segal @ BookFinder.com,Amazon.com,used,2.0,"0. Pages 224. In Stock. From : marietharris2, United States",
9780937858530,Your Child at Play: One to Two Years,Marilyn Segal @ BookFinder.com,Amazon.com,used,4.0,"0. Pages 224. In Stock. From : onceuponatimebooks, United States",
9780937858530,Your Child at Play: One to Two Years,Marilyn Segal @ BookFinder.com,Amazon.com,used,20.0,"0. Pages 224. In stock Usually ships within 3 to 4 days. From : ThriftBooks-Dallas, United States",
9780937858530,Your Child at Play: One to Two Years,Marilyn Segal @ BookFinder.com,Amazon.com,used,24.0,"0. Pages 224. In Stock. From : HPB-Ruby, United States",
9780937858530,Your Child at Play: One to Two Years,Marilyn Segal @ BookFinder.com,Amazon.com,used,26.0,"0. Pages 224. In Stock. From : Dunaway Books, United States",
9780937858530,Your Child at Play: One to Two Years,Marilyn Segal @ BookFinder.com,Amazon.com,used,34.0,"0. Pages 224. In Stock. From : Better World Books: West, United States",
9780937858530,Your Child at Play: One to Two Years,Marilyn Segal @ BookFinder.com,Amazon.com,used,39.0,"0. Pages 224. In Stock. From : Robinson Street Books, United States",
9780393328455,"Medici Money: Banking, Metaphysics, and Art in Fifteenth-Century Florence (Enterprise)","Parks, Tim @ BookFinder.com",Amazon.com,used,13.0,"Illustrated Format: Illustrated. Pages 288. In Stock. From : Goodwill Charlotte Books, United States",
9780393328455,"Medici Money: Banking, Metaphysics, and Art in Fifteenth-Century Florence (Enterprise)","Parks, Tim @ BookFinder.com",Amazon.com,used,15.0,"Illustrated Format: Illustrated. Pages 288. In Stock. From : GreatBookDealz, United States",
9780393328455,"Medici Money: Banking, Metaphysics, and Art in Fifteenth-Century Florence (Enterprise)","Parks, Tim @ BookFinder.com",Amazon.com,used,16.0,"Illustrated Format: Illustrated. Pages 288. In stock Usually ships within 2 to 3 days. From : 2nd Life Books ✅, United States",
9780393328455,"Medici Money: Banking, Metaphysics, and Art in Fifteenth-Century Florence (Enterprise)","Parks, Tim @ BookFinder.com",Amazon.com,used,17.0,"Illustrated Format: Illustrated. Pages 288. In stock Usually ships within 3 to 4 days. From : ThriftBooks-Baltimore, United States",
9780393328455,"Medici Money: Banking, Metaphysics, and Art in Fifteenth-Century Florence (Enterprise)","Parks, Tim @ BookFinder.com",Amazon.com,used,18.0,"Illustrated Format: Illustrated. Pages 288. In stock Usually ships within 3 to 4 days. From : ThriftBooks-Phoenix, United States",
9780393328455,"Medici Money: Banking, Metaphysics, and Art in Fifteenth-Century Florence (Enterprise)","Parks, Tim @ BookFinder.com",Amazon.com,used,19.0,"Illustrated Format: Illustrated. Pages 288. In stock Usually ships within 3 to 4 days. From : ThriftBooks-Atlanta, United States",
9780393328455,"Medici Money: Banking, Metaphysics, and Art in Fifteenth-Century Florence (Enterprise)","Parks, Tim @ BookFinder.com",Amazon.com,used,20.0,"Illustrated Format: Illustrated. Pages 288. In stock Usually ships within 3 to 4 days. From : ThriftBooks-Chicago, United States",
9780393328455,"Medici Money: Banking, Metaphysics, and Art in Fifteenth-Century Florence (Enterprise)","Parks, Tim @ BookFinder.com",Amazon.com,used,21.0,"Illustrated Format: Illustrated. Pages 288. In stock Usually ships within 3 to 4 days. From : ThriftBooks-Dallas, United States",
9780393328455,"Medici Money: Banking, Metaphysics, and Art in Fifteenth-Century Florence (Enterprise)","Parks, Tim @ BookFinder.com",Amazon.com,used,1.0,"Illustrated Format: Illustrated. Pages 288. In Stock. From : Books'r us (We ship worldwide!), United States",
9780393328455,"Medici Money: Banking, Metaphysics, and Art in Fifteenth-Century Florence (Enterprise)","Parks, Tim @ BookFinder.com",Amazon.com,used,6.0,"Illustrated Format: Illustrated. Pages 288. In stock Usually ships within 2 to 3 days. From : Lions Den Books321, United States",
9780393328455,"Medici Money: Banking, Metaphysics, and Art in Fifteenth-Century Florence (Enterprise)","Parks, Tim @ BookFinder.com",Amazon.com (Prime),used,7.0,"Illustrated Format: Illustrated. Pages 288. In Stock. Fulfillment by Amazon. Amazon Prime. Not a Prime member? Try Amazon Prime 30-Day Free Trial which includes Prime Video, Prime Music and Prime Reading. From : Amazon.com (Prime), United States",
9780393328455,"Medici Money: Banking, Metaphysics, and Art in Fifteenth-Century Florence (Enterprise)","Parks, Tim @ BookFinder.com",Amazon.com,used,8.0,"Illustrated Format: Illustrated. Pages 288. In Stock. Fulfillment by Amazon. From : Amazon.com, United States",
9780393328455,"Medici Money: Banking, Metaphysics, and Art in Fifteenth-Century Florence (Enterprise)","Parks, Tim @ BookFinder.com",Amazon.com,used,10.0,"Illustrated Format: Illustrated. Pages 288. In stock Usually ships within 3 to 4 days. From : indoobestsellers, United States",
9780393328455,"Medici Money: Banking, Metaphysics, and Art in Fifteenth-Century Florence (Enterprise)","Parks, Tim @ BookFinder.com",Amazon.com,used,12.0,"Illustrated Format: Illustrated. Pages 288. Usually ships within 2 to 3 weeks. From : Windy Books, United States",
9780393328455,"Medici Money: Banking, Metaphysics, and Art in Fifteenth-Century Florence (Enterprise)","Parks, Tim @ BookFinder.com",Amazon.com,used,13.0,"Illustrated Format: Illustrated. Pages 288. Usually ships within 2 to 3 weeks. From : booksXpress, United States",
9780393328455,"Medici Money: Banking, Metaphysics, and Art in Fifteenth-Century Florence (Enterprise)","Parks, Tim @ BookFinder.com",Amazon.com,used,30.0,"Illustrated Format: Illustrated. Pages 288. Usually ships within 9 to 10 days. From : RAREWAVES-USA, United States",
9780393328455,"Medici Money: Banking, Metaphysics, and Art in Fifteenth-Century Florence (Enterprise)","Parks, Tim @ BookFinder.com",Amazon.com,used,31.0,"Illustrated Format: Illustrated. Pages 288. In Stock. Fulfillment by Amazon. From : ifbookstore, United States",
9780393328455,"Medici Money: Banking, Metaphysics, and Art in Fifteenth-Century Florence (Enterprise)","Parks, Tim @ BookFinder.com",Amazon.com (Prime),used,32.0,"Illustrated Format: Illustrated. Pages 288. In Stock. Fulfillment by Amazon. Amazon Prime. Not a Prime member? Try Amazon Prime 30-Day Free Trial which includes Prime Video, Prime Music and Prime Reading. From : ifbookstore, United States",
9780393328455,"Medici Money: Banking, Metaphysics, and Art in Fifteenth-Century Florence (Enterprise)","Parks, Tim @ BookFinder.com",Amazon.com,used,33.0,"Illustrated Format: Illustrated. Pages 288. Usually ships within 2 to 3 weeks. From : PBShop UK, United Kingdom",
9780393328455,"Medici Money: Banking, Metaphysics, and Art in Fifteenth-Century Florence (Enterprise)","Parks, Tim @ BookFinder.com",Amazon.com,used,34.0,"Illustrated Format: Illustrated. Pages 288. In Stock. From : Books Unplugged, United States",
9780393328455,"Medici Money: Banking, Metaphysics, and Art in Fifteenth-Century Florence (Enterprise)","Parks, Tim @ BookFinder.com",Amazon.com,used,13.0,"Illustrated Format: Illustrated. Pages 288. In Stock. From : Goodwill Charlotte Books, United States",
9780393328455,"Medici Money: Banking, Metaphysics, and Art in Fifteenth-Century Florence (Enterprise)","Parks, Tim @ BookFinder.com",Amazon.com,used,15.0,"Illustrated Format: Illustrated. Pages 288. In Stock. From : GreatBookDealz, United States",
9780393328455,"Medici Money: Banking, Metaphysics, and Art in Fifteenth-Century Florence (Enterprise)","Parks, Tim @ BookFinder.com",Amazon.com,used,16.0,"Illustrated Format: Illustrated. Pages 288. In stock Usually ships within 2 to 3 days. From : 2nd Life Books ✅, United States",
9780393328455,"Medici Money: Banking, Metaphysics, and Art in Fifteenth-Century Florence (Enterprise)","Parks, Tim @ BookFinder.com",Amazon.com,used,17.0,"Illustrated Format: Illustrated. Pages 288. In stock Usually ships within 3 to 4 days. From : ThriftBooks-Baltimore, United States",
9780393328455,"Medici Money: Banking, Metaphysics, and Art in Fifteenth-Century Florence (Enterprise)","Parks, Tim @ BookFinder.com",Amazon.com,used,18.0,"Illustrated Format: Illustrated. Pages 288. In stock Usually ships within 3 to 4 days. From : ThriftBooks-Phoenix, United States",
9780393328455,"Medici Money: Banking, Metaphysics, and Art in Fifteenth-Century Florence (Enterprise)","Parks, Tim @ BookFinder.com",Amazon.com,used,19.0,"Illustrated Format: Illustrated. Pages 288. In stock Usually ships within 3 to 4 days. From : ThriftBooks-Atlanta, United States",
9780393328455,"Medici Money: Banking, Metaphysics, and Art in Fifteenth-Century Florence (Enterprise)","Parks, Tim @ BookFinder.com",Amazon.com,used,20.0,"Illustrated Format: Illustrated. Pages 288. In stock Usually ships within 3 to 4 days. From : ThriftBooks-Chicago, United States",
9780393328455,"Medici Money: Banking, Metaphysics, and Art in Fifteenth-Century Florence (Enterprise)","Parks, Tim @ BookFinder.com",Amazon.com,used,21.0,"Illustrated Format: Illustrated. Pages 288. In stock Usually ships within 3 to 4 days. From : ThriftBooks-Dallas, United States",
9781421503264,"Please Save My Earth, Vol. 15","Hiwatari, Saki @ BookFinder.com",Amazon.com,used,2.0,"1st Format: Kindle eBook. Pages 192. Available for download now. From : Amazon.com, United States",
9781421503264,"Please Save My Earth, Vol. 15","Hiwatari, Saki @ BookFinder.com",Amazon.com,used,9.0,"First Edition. Pages 192. In Stock. From : bookstack, United States",
9781421503264,"Please Save My Earth, Vol. 15","Hiwatari, Saki @ BookFinder.com",Amazon.com,used,10.0,"First Edition. Pages 192. In Stock. From : K Media Trader, United States",
9781421503264,"Please Save My Earth, Vol. 15","Hiwatari, Saki @ BookFinder.com",Amazon.com,used,11.0,"First Edition. Pages 192. Usually ships within 10 to 11 days. From : D. Wade, Bookseller, United States",
9781421503264,"Please Save My Earth, Vol. 15","Hiwatari, Saki @ BookFinder.com",Amazon.com,used,2.0,"1st Format: Kindle eBook. Pages 192. Available for download now. From : Amazon.com, United States",
9781421503264,"Please Save My Earth, Vol. 15","Hiwatari, Saki @ BookFinder.com",Amazon.com,used,1.0,"First Edition. Pages 192. In Stock. From : bookstack, United States",
9781421503264,"Please Save My Earth, Vol. 15","Hiwatari, Saki @ BookFinder.com",Amazon.com,used,2.0,"First Edition. Pages 192. In Stock. From : K Media Trader, United States",
9781421503264,"Please Save My Earth, Vol. 15","Hiwatari, Saki @ BookFinder.com",Amazon.com,used,3.0,"First Edition. Pages 192. Usually ships within 10 to 11 days. From : D. Wade, Bookseller, United States",
9780425098820,The Big Four (Hercule Poirot Mysteries),"Christie, Agatha @ BookFinder.com",Amazon.com,used,4.0,"Berkley Ed./ June 1984. Pages 215. In stock Usually ships within 3 to 4 days. From : BOOK_DEPOT, United States",
9780425098820,The Big Four (Hercule Poirot Mysteries),"Christie, Agatha @ BookFinder.com",Amazon.com,used,6.0,"Berkley Ed./ June 1984. Pages 215. In Stock. From : onceuponatimebooks, United States",
9780425098820,The Big Four (Hercule Poirot Mysteries),"Christie, Agatha @ BookFinder.com",Amazon.com,used,9.0,"Open market ed. Pages 208. In Stock. From : MegaReads, United States",
9780425098820,The Big Four (Hercule Poirot Mysteries),"Christie, Agatha @ BookFinder.com",Amazon.com,used,10.0,"Open market ed. Pages 208. In stock Usually ships within 3 to 4 days. From : ThriftBooks-Dallas, United States",
9780425098820,The Big Four (Hercule Poirot Mysteries),"Christie, Agatha @ BookFinder.com",Amazon.com,used,11.0,"Open market ed. Pages 208. In stock Usually ships within 3 to 4 days. From : ThriftBooks-Baltimore, United States",
9780425098820,The Big Four (Hercule Poirot Mysteries),"Christie, Agatha @ BookFinder.com",Amazon.com,used,23.0,"Open market ed. Pages 208. In Stock. From : Poquette's Books, United States",
9780425098820,The Big Four (Hercule Poirot Mysteries),"Christie, Agatha @ BookFinder.com",Amazon.com,used,37.0,"Berkley Ed./ June 1984. Pages 215. In Stock. From : Hawking Books, United States",
9780425098820,The Big Four (Hercule Poirot Mysteries),"Christie, Agatha @ BookFinder.com",Amazon.com,used,38.0,"Open market ed. Pages 208. In Stock. From : HPB-Emerald, United States",
9780425098820,The Big Four (Hercule Poirot Mysteries),"Christie, Agatha @ BookFinder.com",Amazon.com,used,39.0,"Open market ed. Pages 208. In Stock. From : HPB-Emerald, United States",
9780425098820,The Big Four (Hercule Poirot Mysteries),"Christie, Agatha @ BookFinder.com",Amazon.com,used,40.0,"Open market ed. Pages 208. In Stock. From : Half Price Books Inc, United States",
9780425098820,The Big Four (Hercule Poirot Mysteries),"Christie, Agatha @ BookFinder.com",Amazon.com,used,41.0,"Open market ed. Pages 208. In Stock. From : HPB-Ruby, United States",
9780425098820,The Big Four (Hercule Poirot Mysteries),"Christie, Agatha @ BookFinder.com",Amazon.com,used,42.0,"Open market ed. Pages 208. In Stock. From : HPB-Ruby, United States",
9780425098820,The Big Four (Hercule Poirot Mysteries),"Christie, Agatha @ BookFinder.com",Amazon.com,used,43.0,"Open market ed. Pages 208. In Stock. From : Half Price Books Inc, United States",
9780425098820,The Big Four (Hercule Poirot Mysteries),"Christie, Agatha @ BookFinder.com",Amazon.com,used,44.0,"Berkley Ed./ June 1984. Pages 215. In Stock. From : HPB-Diamond, United States",
9780425098820,The Big Four (Hercule Poirot Mysteries),"Christie, Agatha @ BookFinder.com",Amazon.com,used,45.0,"Berkley Ed./ June 1984. Pages 215. In Stock. From : HPB Inc., United States",
9780425098820,The Big Four (Hercule Poirot Mysteries),"Christie, Agatha @ BookFinder.com",Amazon.com,used,46.0,"Berkley Ed./ June 1984. Pages 215. In Stock. From : HPB-Diamond, United States",
9780425098820,The Big Four (Hercule Poirot Mysteries),"Christie, Agatha @ BookFinder.com",Amazon.com,used,47.0,"Berkley Ed./ June 1984. Pages 215. In Stock. From : HPB Inc., United States",
9780425098820,The Big Four (Hercule Poirot Mysteries),"Christie, Agatha @ BookFinder.com",Amazon.com,used,4.0,"Berkley Ed./ June 1984. Pages 215. In stock Usually ships within 3 to 4 days. From : BOOK_DEPOT, United States",
9780425098820,The Big Four (Hercule Poirot Mysteries),"Christie, Agatha @ BookFinder.com",Amazon.com,used,6.0,"Berkley Ed./ June 1984. Pages 215. In Stock. From : onceuponatimebooks, United States",
9780425098820,The Big Four (Hercule Poirot Mysteries),"Christie, Agatha @ BookFinder.com",Amazon.com,used,9.0,"Open market ed. Pages 208. In Stock. From : MegaReads, United States",
9780425098820,The Big Four (Hercule Poirot Mysteries),"Christie, Agatha @ BookFinder.com",Amazon.com,used,10.0,"Open market ed. Pages 208. In stock Usually ships within 3 to 4 days. From : ThriftBooks-Dallas, United States",
9780425098820,The Big Four (Hercule Poirot Mysteries),"Christie, Agatha @ BookFinder.com",Amazon.com,used,11.0,"Open market ed. Pages 208. In stock Usually ships within 3 to 4 days. From : ThriftBooks-Baltimore, United States",
9780425098820,The Big Four (Hercule Poirot Mysteries),"Christie, Agatha @ BookFinder.com",Amazon.com,used,23.0,"Open market ed. Pages 208. In Stock. From : Poquette's Books, United States",
9780425098820,The Big Four (Hercule Poirot Mysteries),"Christie, Agatha @ BookFinder.com",Amazon.com,used,37.0,"Berkley Ed./ June 1984. Pages 215. In Stock. From : Hawking Books, United States",
9780425098820,The Big Four (Hercule Poirot Mysteries),"Christie, Agatha @ BookFinder.com",Amazon.com,used,38.0,"Open market ed. Pages 208. In Stock. From : HPB-Emerald, United States",
9780425098820,The Big Four (Hercule Poirot Mysteries),"Christie, Agatha @ BookFinder.com",Amazon.com,used,39.0,"Open market ed. Pages 208. In Stock. From : HPB-Emerald, United States",
9780425098820,The Big Four (Hercule Poirot Mysteries),"Christie, Agatha @ BookFinder.com",Amazon.com,used,40.0,"Open market ed. Pages 208. In Stock. From : Half Price Books Inc, United States",
9780425098820,The Big Four (Hercule Poirot Mysteries),"Christie, Agatha @ BookFinder.com",Amazon.com,used,41.0,"Open market ed. Pages 208. In Stock. From : HPB-Ruby, United States",
9780425098820,The Big Four (Hercule Poirot Mysteries),"Christie, Agatha @ BookFinder.com",Amazon.com,used,42.0,"Open market ed. Pages 208. In Stock. From : HPB-Ruby, United States",
9780425098820,The Big Four (Hercule Poirot Mysteries),"Christie, Agatha @ BookFinder.com",Amazon.com,used,43.0,"Open market ed. Pages 208. In Stock. From : Half Price Books Inc, United States",
9780425098820,The Big Four (Hercule Poirot Mysteries),"Christie, Agatha @ BookFinder.com",Amazon.com,used,44.0,"Berkley Ed./ June 1984. Pages 215. In Stock. From : HPB-Diamond, United States",
9780425098820,The Big Four (Hercule Poirot Mysteries),"Christie, Agatha @ BookFinder.com",Amazon.com,used,45.0,"Berkley Ed./ June 1984. Pages 215. In Stock. From : HPB Inc., United States",
9780425098820,The Big Four (Hercule Poirot Mysteries),"Christie, Agatha @ BookFinder.com",Amazon.com,used,46.0,"Berkley Ed./ June 1984. Pages 215. In Stock. From : HPB-Diamond, United States",
9780425098820,The Big Four (Hercule Poirot Mysteries),"Christie, Agatha @ BookFinder.com",Amazon.com,used,47.0,"Berkley Ed./ June 1984. Pages 215. In Stock. From : HPB Inc., United States",
9780670710317,"Three Trumps, A Nero Wolfe Omnibus: The Black Mountain / If Death Ever Slept / Before Midnight","Stout, Rex @ BookFinder.com",Amazon.com,used,8.0,"First Edition. Pages 442. In Stock. Fulfillment by Amazon. From : Books Today For You, United States",
9780670710317,"Three Trumps, A Nero Wolfe Omnibus: The Black Mountain / If Death Ever Slept / Before Midnight","Stout, Rex @ BookFinder.com",Amazon.com (Prime),used,9.0,"First Edition. Pages 442. In Stock. Fulfillment by Amazon. Amazon Prime. Not a Prime member? Try Amazon Prime 30-Day Free Trial which includes Prime Video, Prime Music and Prime Reading. From : Books Today For You, United States",
9780670710317,"Three Trumps, A Nero Wolfe Omnibus: The Black Mountain / If Death Ever Slept / Before Midnight","Stout, Rex @ BookFinder.com",Amazon.com,used,10.0,"First Edition. Pages 442. In Stock. Fulfillment by Amazon. From : Caleb Long, United States",
9780670710317,"Three Trumps, A Nero Wolfe Omnibus: The Black Mountain / If Death Ever Slept / Before Midnight","Stout, Rex @ BookFinder.com",Amazon.com (Prime),used,11.0,"First Edition. Pages 442. In Stock. Fulfillment by Amazon. Amazon Prime. Not a Prime member? Try Amazon Prime 30-Day Free Trial which includes Prime Video, Prime Music and Prime Reading. From : Caleb Long, United States",
9780670710317,"Three Trumps, A Nero Wolfe Omnibus: The Black Mountain / If Death Ever Slept / Before Midnight","Stout, Rex @ BookFinder.com",Amazon.com,used,12.0,"First Edition. Pages 442. In Stock. From : Bay State Book Company, United States",
9780670710317,"Three Trumps, A Nero Wolfe Omnibus: The Black Mountain / If Death Ever Slept / Before Midnight","Stout, Rex @ BookFinder.com",Amazon.com,used,14.0,"First Edition. Pages 442. In Stock. From : HPB Inc., United States",
9780670710317,"Three Trumps, A Nero Wolfe Omnibus: The Black Mountain / If Death Ever Slept / Before Midnight","Stout, Rex @ BookFinder.com",Amazon.com,used,22.0,"First Edition. Pages 442. In Stock. From : OPIE ETC, United States",
9780670710317,"Three Trumps, A Nero Wolfe Omnibus: The Black Mountain / If Death Ever Slept / Before Midnight","Stout, Rex @ BookFinder.com",Amazon.com,used,25.0,"First Edition. Pages 442. In Stock. From : gehlbh, United States",
9780670710317,"Three Trumps, A Nero Wolfe Omnibus: The Black Mountain / If Death Ever Slept / Before Midnight","Stout, Rex @ BookFinder.com",Amazon.com,used,39.0,"First Edition. Pages 442. In Stock. From : Books Unplugged, United States",
9780670710317,"Three Trumps, A Nero Wolfe Omnibus: The Black Mountain / If Death Ever Slept / Before Midnight","Stout, Rex @ BookFinder.com",Amazon.com,used,40.0,"First Edition. Pages 442. In Stock. Fulfillment by Amazon. From : Akca Bookstore, United States",
9780670710317,"Three Trumps, A Nero Wolfe Omnibus: The Black Mountain / If Death Ever Slept / Before Midnight","Stout, Rex @ BookFinder.com",Amazon.com (Prime),used,41.0,"First Edition. Pages 442. In Stock. Fulfillment by Amazon. Amazon Prime. Not a Prime member? Try Amazon Prime 30-Day Free Trial which includes Prime Video, Prime Music and Prime Reading. From : Akca Bookstore, United States",
9780670710317,"Three Trumps, A Nero Wolfe Omnibus: The Black Mountain / If Death Ever Slept / Before Midnight","Stout, Rex @ BookFinder.com",Amazon.com,used,42.0,"First Edition. Pages 442. In Stock. From : Nightmare Pages, United States",
9780670710317,"Three Trumps, A Nero Wolfe Omnibus: The Black Mountain / If Death Ever Slept / Before Midnight","Stout, Rex @ BookFinder.com",Amazon.com,used,8.0,"First Edition. Pages 442. Usually ships within 9 to 10 days. From : CalMaz Books, United States",
9780670710317,"Three Trumps, A Nero Wolfe Omnibus: The Black Mountain / If Death Ever Slept / Before Midnight","Stout, Rex @ BookFinder.com",Amazon.com,used,8.0,"First Edition. Pages 442. In Stock. Fulfillment by Amazon. From : Books Today For You, United States",
9780670710317,"Three Trumps, A Nero Wolfe Omnibus: The Black Mountain / If Death Ever Slept / Before Midnight","Stout, Rex @ BookFinder.com",Amazon.com (Prime),used,9.0,"First Edition. Pages 442. In Stock. Fulfillment by Amazon. Amazon Prime. Not a Prime member? Try Amazon Prime 30-Day Free Trial which includes Prime Video, Prime Music and Prime Reading. From : Books Today For You, United States",
9780670710317,"Three Trumps, A Nero Wolfe Omnibus: The Black Mountain / If Death Ever Slept / Before Midnight","Stout, Rex @ BookFinder.com",Amazon.com,used,10.0,"First Edition. Pages 442. In Stock. Fulfillment by Amazon. From : Caleb Long, United States",
9780670710317,"Three Trumps, A Nero Wolfe Omnibus: The Black Mountain / If Death Ever Slept / Before Midnight","Stout, Rex @ BookFinder.com",Amazon.com (Prime),used,11.0,"First Edition. Pages 442. In Stock. Fulfillment by Amazon. Amazon Prime. Not a Prime member? Try Amazon Prime 30-Day Free Trial which includes Prime Video, Prime Music and Prime Reading. From : Caleb Long, United States",
9780670710317,"Three Trumps, A Nero Wolfe Omnibus: The Black Mountain / If Death Ever Slept / Before Midnight","Stout, Rex @ BookFinder.com",Amazon.com,used,12.0,"First Edition. Pages 442. In Stock. From : Bay State Book Company, United States",
9780670710317,"Three Trumps, A Nero Wolfe Omnibus: The Black Mountain / If Death Ever Slept / Before Midnight","Stout, Rex @ BookFinder.com",Amazon.com,used,14.0,"First Edition. Pages 442. In Stock. From : HPB Inc., United States",
9780670710317,"Three Trumps, A Nero Wolfe Omnibus: The Black Mountain / If Death Ever Slept / Before Midnight","Stout, Rex @ BookFinder.com",Amazon.com,used,22.0,"First Edition. Pages 442. In Stock. From : OPIE ETC, United States",
9780670710317,"Three Trumps, A Nero Wolfe Omnibus: The Black Mountain / If Death Ever Slept / Before Midnight","Stout, Rex @ BookFinder.com",Amazon.com,used,25.0,"First Edition. Pages 442. In Stock. From : gehlbh, United States",
9780670710317,"Three Trumps, A Nero Wolfe Omnibus: The Black Mountain / If Death Ever Slept / Before Midnight","Stout, Rex @ BookFinder.com",Amazon.com,used,39.0,"First Edition. Pages 442. In Stock. From : Books Unplugged, United States",
9780670710317,"Three Trumps, A Nero Wolfe Omnibus: The Black Mountain / If Death Ever Slept / Before Midnight","Stout, Rex @ BookFinder.com",Amazon.com,used,40.0,"First Edition. Pages 442. In Stock. Fulfillment by Amazon. From : Akca Bookstore, United States",
9780670710317,"Three Trumps, A Nero Wolfe Omnibus: The Black Mountain / If Death Ever Slept / Before Midnight","Stout, Rex @ BookFinder.com",Amazon.com (Prime),used,41.0,"First Edition. Pages 442. In Stock. Fulfillment by Amazon. Amazon Prime. Not a Prime member? Try Amazon Prime 30-Day Free Trial which includes Prime Video, Prime Music and Prime Reading. From : Akca Bookstore, United States",
9780670710317,"Three Trumps, A Nero Wolfe Omnibus: The Black Mountain / If Death Ever Slept / Before Midnight","Stout, Rex @ BookFinder.com",Amazon.com,used,42.0,"First Edition. Pages 442. In Stock. From : Nightmare Pages, United States",
9780224101288,Solutions and Other Problems,"Brosh, Allie @ BookFinder.com",Amazon.com,used,13.0,"First Edition. Pages 528. In Stock. From : Goodwill Industries of Central Texas, United States",
9780224101288,Solutions and Other Problems,"Brosh, Allie @ BookFinder.com",Amazon.com,used,14.0,"First Edition. Pages 528. In Stock. From : BookExcellence, United States",
9780224101288,Solutions and Other Problems,"Brosh, Allie @ BookFinder.com",Amazon.com,used,20.0,"First Edition. Pages 528. In Stock. From : worldofbooksusa, United Kingdom",
9780224101288,Solutions and Other Problems,"Brosh, Allie @ BookFinder.com",Amazon.com,used,36.0,"First Edition. Pages 528. Usually ships within 8 to 9 days. From : SuperBookDeals---, United States",
9780224101288,Solutions and Other Problems,"Brosh, Allie @ BookFinder.com",Amazon.com,used,37.0,"First Edition. Pages 528. In Stock. From : BooksRun, United States",
9780224101288,Solutions and Other Problems,"Brosh, Allie @ BookFinder.com",Amazon.com,used,43.0,"First Edition. Pages 528. Usually ships within 8 to 9 days. From : SuperBookDeals---, United States",
9780224101288,Solutions and Other Problems,"Brosh, Allie @ BookFinder.com",Amazon.com,used,44.0,"First Edition. Pages 528. Usually ships within 8 to 9 days. From : World Deals, USA, Australia",
9780224101288,Solutions and Other Problems,"Brosh, Allie @ BookFinder.com",Amazon.com,used,45.0,"First Edition. Pages 528. In Stock. Fulfillment by Amazon. From : Amazon.com, United States",
9780224101288,Solutions and Other Problems,"Brosh, Allie @ BookFinder.com",Amazon.com (Prime),used,46.0,"First Edition. Pages 528. In Stock. Fulfillment by Amazon. Amazon Prime. Not a Prime member? Try Amazon Prime 30-Day Free Trial which includes Prime Video, Prime Music and Prime Reading. From : Amazon.com (Prime), United States",
9780224101288,Solutions and Other Problems,"Brosh, Allie @ BookFinder.com",Amazon.com,used,47.0,"First Edition. Pages 528. Usually ships within 9 to 10 days. From : Bahamut Media, United States",
9780224101288,Solutions and Other Problems,"Brosh, Allie @ BookFinder.com",Amazon.com,used,50.0,"First Edition. Pages 528. Usually ships within 11 to 12 days. From : InfiniteBooks_USA, United States",
9780224101288,Solutions and Other Problems,"Brosh, Allie @ BookFinder.com",Amazon.com,used,2.0,"First Edition. Pages 528. Usually ships within 8 to 9 days. From : SuperBookDeals---, United States",
9780224101288,Solutions and Other Problems,"Brosh, Allie @ BookFinder.com",Amazon.com,used,3.0,"First Edition. Pages 528. Usually ships within 8 to 9 days. From : World Deals, USA, Australia",
9780224101288,Solutions and Other Problems,"Brosh, Allie @ BookFinder.com",Amazon.com,used,4.0,"First Edition. Pages 528. In Stock. Fulfillment by Amazon. From : Amazon.com, United States",
9780224101288,Solutions and Other Problems,"Brosh, Allie @ BookFinder.com",Amazon.com (Prime),used,5.0,"First Edition. Pages 528. In Stock. Fulfillment by Amazon. Amazon Prime. Not a Prime member? Try Amazon Prime 30-Day Free Trial which includes Prime Video, Prime Music and Prime Reading. From : Amazon.com (Prime), United States",
9780224101288,Solutions and Other Problems,"Brosh, Allie @ BookFinder.com",Amazon.com,used,6.0,"First Edition. Pages 528. Usually ships within 9 to 10 days. From : Bahamut Media, United States",
9780224101288,Solutions and Other Problems,"Brosh, Allie @ BookFinder.com",Amazon.com,used,7.0,"First Edition. Pages 528. Usually ships within 11 to 12 days. From : InfiniteBooks_USA, United States",
9780224101288,Solutions and Other Problems,"Brosh, Allie @ BookFinder.com",Amazon.com,used,30.0,"First Edition. Pages 528. In Stock. From : Books World Aparna, USA, United States",
9780224101288,Solutions and Other Problems,"Brosh, Allie @ BookFinder.com",Amazon.com,used,33.0,"First Edition. Pages 528. In Stock. From : BookExcellence, United States",
9780224101288,Solutions and Other Problems,"Brosh, Allie @ BookFinder.com",Amazon.com,used,38.0,"First Edition. Pages 528. In Stock. From : agreenhippo1, United Kingdom",
9780224101288,Solutions and Other Problems,"Brosh, Allie @ BookFinder.com",Amazon.com,used,39.0,"First Edition. Pages 528. In Stock. From : BOOKS etc. _, United States",
9780224101288,Solutions and Other Problems,"Brosh, Allie @ BookFinder.com",Amazon.com,used,48.0,"First Edition. Pages 528. Usually ships within 9 to 10 days. From : Windy Books, United States",
9780224101288,Solutions and Other Problems,"Brosh, Allie @ BookFinder.com",Amazon.com,used,9.0,"First Edition. Pages 528. In Stock. From : Goodwill Industries of Central Texas, United States",
9780224101288,Solutions and Other Problems,"Brosh, Allie @ BookFinder.com",Amazon.com,used,10.0,"First Edition. Pages 528. In Stock. From : BookExcellence, United States",
9780224101288,Solutions and Other Problems,"Brosh, Allie @ BookFinder.com",Amazon.com,used,16.0,"First Edition. Pages 528. In Stock. From : worldofbooksusa, United Kingdom",
9780224101288,Solutions and Other Problems,"Brosh, Allie @ BookFinder.com",Amazon.com,used,31.0,"First Edition. Pages 528. Usually ships within 8 to 9 days. From : SuperBookDeals---, United States",
9780224101288,Solutions and Other Problems,"Brosh, Allie @ BookFinder.com",Amazon.com,used,32.0,"First Edition. Pages 528. In Stock. From : BooksRun, United States",
9780345509437,,@ BookFinder.com,Amazon.com,used,2.0,"1st Format: Kindle eBook. Pages 436. Available for download now. From : Random House LLC, United States",
9780345509437,,@ BookFinder.com,Amazon.com,used,2.0,"1st Format: Kindle eBook. Pages 436. Available for download now. From : Random House LLC, United States",
9781616510770,Frankenstein,"Shelley, Mary @ BookFinder.com",Amazon.com,used,9.0,"Reprint. Pages 88. In Stock. From : World of Books (previously glenthebookseller), United States",
9781616510770,Frankenstein,"Shelley, Mary @ BookFinder.com",Amazon.com,used,10.0,"Reprint. Pages 88. In Stock. From : Banana Books LLC, United States",
9781616510770,Frankenstein,"Shelley, Mary @ BookFinder.com",Amazon.com,used,2.0,"Reprint. Pages 88. In Stock. From : Banana Books LLC, United States",
9781616510770,Frankenstein,"Shelley, Mary @ BookFinder.com",Amazon.com,used,8.0,"Reprint. Pages 88. In Stock. From : World of Books (previously glenthebookseller), United States",
9780670848324,"The Time Warp Trio: Tut, Tut",Jon Scieszka @ BookFinder.com,Amazon.com,used,5.0,"First Edition. Pages 74. In Stock. From : Seattlegoodwill, United States",
9780670848324,"The Time Warp Trio: Tut, Tut",Jon Scieszka @ BookFinder.com,Amazon.com,used,8.0,"First Edition. Pages 74. In Stock. From : World of Books (previously glenthebookseller), United States",
9780670848324,"The Time Warp Trio: Tut, Tut",Jon Scieszka @ BookFinder.com,Amazon.com,used,9.0,"First Edition. Pages 74. In Stock. From : World of Books (previously glenthebookseller), United States",
9780670848324,"The Time Warp Trio: Tut, Tut",Jon Scieszka @ BookFinder.com,Amazon.com,used,16.0,"First Edition. Pages 74. In stock Usually ships within 3 to 4 days. From : ThriftBooks-Seattle, United States",
9780670848324,"The Time Warp Trio: Tut, Tut",Jon Scieszka @ BookFinder.com,Amazon.com,used,17.0,"First Edition. Pages 74. In stock Usually ships within 3 to 4 days. From : ThriftBooks-Phoenix, United States",
9780670848324,"The Time Warp Trio: Tut, Tut",Jon Scieszka @ BookFinder.com,Amazon.com,used,18.0,"First Edition. Pages 74. In stock Usually ships within 3 to 4 days. From : ThriftBooks-Baltimore, United States",
9780670848324,"The Time Warp Trio: Tut, Tut",Jon Scieszka @ BookFinder.com,Amazon.com,used,27.0,"First Edition. Pages 74. In Stock. From : ginnybug, United States",
9780670848324,"The Time Warp Trio: Tut, Tut",Jon Scieszka @ BookFinder.com,Amazon.com,used,32.0,"First Edition. Pages 74. In Stock. From : hagitb, United States",
9780670848324,"The Time Warp Trio: Tut, Tut",Jon Scieszka @ BookFinder.com,Amazon.com,used,41.0,"First Edition. Pages 74. In Stock. From : thewellhouse, United States",
9780670848324,"The Time Warp Trio: Tut, Tut",Jon Scieszka @ BookFinder.com,Amazon.com,used,42.0,"First Edition. Pages 74. In Stock. From : HPB Inc., United States",
9780670848324,"The Time Warp Trio: Tut, Tut",Jon Scieszka @ BookFinder.com,Amazon.com,used,2.0,"First Edition. Pages 74. In Stock. From : BookExcellence, United States",
9780670848324,"The Time Warp Trio: Tut, Tut",Jon Scieszka @ BookFinder.com,Amazon.com,used,5.0,"First Edition. Pages 74. In Stock. From : Seattlegoodwill, United States",
9780670848324,"The Time Warp Trio: Tut, Tut",Jon Scieszka @ BookFinder.com,Amazon.com,used,8.0,"First Edition. Pages 74. In Stock. From : World of Books (previously glenthebookseller), United States",
9780670848324,"The Time Warp Trio: Tut, Tut",Jon Scieszka @ BookFinder.com,Amazon.com,used,9.0,"First Edition. Pages 74. In Stock. From : World of Books (previously glenthebookseller), United States",
9780670848324,"The Time Warp Trio: Tut, Tut",Jon Scieszka @ BookFinder.com,Amazon.com,used,16.0,"First Edition. Pages 74. In stock Usually ships within 3 to 4 days. From : ThriftBooks-Seattle, United States",
9780670848324,"The Time Warp Trio: Tut, Tut",Jon Scieszka @ BookFinder.com,Amazon.com,used,17.0,"First Edition. Pages 74. In stock Usually ships within 3 to 4 days. From : ThriftBooks-Phoenix, United States",
9780670848324,"The Time Warp Trio: Tut, Tut",Jon Scieszka @ BookFinder.com,Amazon.com,used,18.0,"First Edition. Pages 74. In stock Usually ships within 3 to 4 days. From : ThriftBooks-Baltimore, United States",
9780670848324,"The Time Warp Trio: Tut, Tut",Jon Scieszka @ BookFinder.com,Amazon.com,used,27.0,"First Edition. Pages 74. In Stock. From : ginnybug, United States",
9780670848324,"The Time Warp Trio: Tut, Tut",Jon Scieszka @ BookFinder.com,Amazon.com,used,32.0,"First Edition. Pages 74. In Stock. From : hagitb, United States",
9780670848324,"The Time Warp Trio: Tut, Tut",Jon Scieszka @ BookFinder.com,Amazon.com,used,41.0,"First Edition. Pages 74. In Stock. From : thewellhouse, United States",
9780670848324,"The Time Warp Trio: Tut, Tut",Jon Scieszka @ BookFinder.com,Amazon.com,used,42.0,"First Edition. Pages 74. In Stock. From : HPB Inc., United States",
9780451523716,Don Quixote: Unabridged Edition,"De Cervantes Saavedra, Miguel @ BookFinder.com",Amazon.com,used,1.0,Unabridged Format: Unabridged. In Stock. From : Layliana,
9780451523716,Don Quixote: Unabridged Edition,"De Cervantes Saavedra, Miguel @ BookFinder.com",Amazon.com,used,6.0,"Unabridged Format: Unabridged. In Stock. From : HPB-Ruby, United States",
9780451523716,Don Quixote: Unabridged Edition,"De Cervantes Saavedra, Miguel @ BookFinder.com",Amazon.com,used,7.0,"Unabridged Format: Unabridged. In stock Usually ships within 3 to 4 days. From : ThriftBooks-Baltimore, United States",
9780451523716,Don Quixote: Unabridged Edition,"De Cervantes Saavedra, Miguel @ BookFinder.com",Amazon.com,used,8.0,"Unabridged Format: Unabridged. In stock Usually ships within 3 to 4 days. From : ThriftBooks-Phoenix, United States",
9780451523716,Don Quixote: Unabridged Edition,"De Cervantes Saavedra, Miguel @ BookFinder.com",Amazon.com,used,1.0,Unabridged Format: Unabridged. In Stock. From : Layliana,
9780451523716,Don Quixote: Unabridged Edition,"De Cervantes Saavedra, Miguel @ BookFinder.com",Amazon.com,used,6.0,"Unabridged Format: Unabridged. In Stock. From : HPB-Ruby, United States",
9780451523716,Don Quixote: Unabridged Edition,"De Cervantes Saavedra, Miguel @ BookFinder.com",Amazon.com,used,7.0,"Unabridged Format: Unabridged. In stock Usually ships within 3 to 4 days. From : ThriftBooks-Baltimore, United States",
9780451523716,Don Quixote: Unabridged Edition,"De Cervantes Saavedra, Miguel @ BookFinder.com",Amazon.com,used,8.0,"Unabridged Format: Unabridged. In stock Usually ships within 3 to 4 days. From : ThriftBooks-Phoenix, United States",
9780760727447,Angels: An endangered species,"Godwin, Malcolm @ BookFinder.com",Amazon.com,used,5.0,"First Edition. Pages 255. In Stock. From : Reliant Distribution, United States",
9780760727447,Angels: An endangered species,"Godwin, Malcolm @ BookFinder.com",Amazon.com,used,6.0,"First Edition. Pages 255. In stock Usually ships within 3 to 4 days. From : ThriftBooks-Dallas, United States",
9780760727447,Angels: An endangered species,"Godwin, Malcolm @ BookFinder.com",Amazon.com,used,7.0,"First Edition. Pages 255. In stock Usually ships within 3 to 4 days. From : ThriftBooks-Phoenix, United States",
9780760727447,Angels: An endangered species,"Godwin, Malcolm @ BookFinder.com",Amazon.com,used,25.0,"First Edition. Pages 255. In Stock. From : WonderBook, United States",
9780760727447,Angels: An endangered species,"Godwin, Malcolm @ BookFinder.com",Amazon.com,used,27.0,"First Edition. Pages 255. In Stock. From : HPB-Ruby, United States",
9780760727447,Angels: An endangered species,"Godwin, Malcolm @ BookFinder.com",Amazon.com,used,28.0,"First Edition. Pages 255. In Stock. From : HPB-Ruby, United States",
9780760727447,Angels: An endangered species,"Godwin, Malcolm @ BookFinder.com",Amazon.com,used,36.0,"First Edition. Pages 255. In Stock. From : Better World Books: South, United States",
9780760727447,Angels: An endangered species,"Godwin, Malcolm @ BookFinder.com",Amazon.com,used,38.0,"First Edition. Pages 255. In Stock. From : bargainbrain, United States",
9780760727447,Angels: An endangered species,"Godwin, Malcolm @ BookFinder.com",Amazon.com,used,41.0,"First Edition. Pages 255. In Stock. From : WeBuyBooks-UK, United Kingdom",
9780760727447,Angels: An endangered species,"Godwin, Malcolm @ BookFinder.com",Amazon.com,used,48.0,"First Edition. Pages 255. In Stock. From : basementseller101, United States",
9780760727447,Angels: An endangered species,"Godwin, Malcolm @ BookFinder.com",Amazon.com,used,1.0,"First Edition. Pages 255. In Stock. From : Dayenu Books, United States",
9780760727447,Angels: An endangered species,"Godwin, Malcolm @ BookFinder.com",Amazon.com,used,2.0,"First Edition. Pages 255. In Stock. From : Rams Discount Mart llc, United States",
9780760727447,Angels: An endangered species,"Godwin, Malcolm @ BookFinder.com",Amazon.com,used,3.0,"First Edition. Pages 255. In Stock. From : Isaiah Keller, United States",
9780760727447,Angels: An endangered species,"Godwin, Malcolm @ BookFinder.com",Amazon.com,used,5.0,"First Edition. Pages 255. In Stock. From : Reliant Distribution, United States",
9780760727447,Angels: An endangered species,"Godwin, Malcolm @ BookFinder.com",Amazon.com,used,6.0,"First Edition. Pages 255. In stock Usually ships within 3 to 4 days. From : ThriftBooks-Dallas, United States",
9780760727447,Angels: An endangered species,"Godwin, Malcolm @ BookFinder.com",Amazon.com,used,7.0,"First Edition. Pages 255. In stock Usually ships within 3 to 4 days. From : ThriftBooks-Phoenix, United States",
9780760727447,Angels: An endangered species,"Godwin, Malcolm @ BookFinder.com",Amazon.com,used,25.0,"First Edition. Pages 255. In Stock. From : WonderBook, United States",
9780760727447,Angels: An endangered species,"Godwin, Malcolm @ BookFinder.com",Amazon.com,used,27.0,"First Edition. Pages 255. In Stock. From : HPB-Ruby, United States",
9780760727447,Angels: An endangered species,"Godwin, Malcolm @ BookFinder.com",Amazon.com,used,28.0,"First Edition. Pages 255. In Stock. From : HPB-Ruby, United States",
9780760727447,Angels: An endangered species,"Godwin, Malcolm @ BookFinder.com",Amazon.com,used,36.0,"First Edition. Pages 255. In Stock. From : Better World Books: South, United States",
9780760727447,Angels: An endangered species,"Godwin, Malcolm @ BookFinder.com",Amazon.com,used,38.0,"First Edition. Pages 255. In Stock. From : bargainbrain, United States",
9780760727447,Angels: An endangered species,"Godwin, Malcolm @ BookFinder.com",Amazon.com,used,41.0,"First Edition. Pages 255. In Stock. From : WeBuyBooks-UK, United Kingdom",
9780760727447,Angels: An endangered species,"Godwin, Malcolm @ BookFinder.com",Amazon.com,used,48.0,"First Edition. Pages 255. In Stock. From : basementseller101, United States",
9788469603611,"Eva y Beba (Eva Y Beba / Ivy and Bean, 1) (Spanish Edition)","Barrows, Annie @ BookFinder.com",Amazon.com,used,11.0,"edición. Pages 112. In stock Usually ships within 3 to 4 days. From : ThriftBooks-Seattle, United States",
9788469603611,"Eva y Beba (Eva Y Beba / Ivy and Bean, 1) (Spanish Edition)","Barrows, Annie @ BookFinder.com",Amazon.com,used,12.0,"edición. Pages 112. In stock Usually ships within 3 to 4 days. From : ThriftBooks-Atlanta, United States",
9788469603611,"Eva y Beba (Eva Y Beba / Ivy and Bean, 1) (Spanish Edition)","Barrows, Annie @ BookFinder.com",Amazon.com,used,13.0,"edición. Pages 112. In stock Usually ships within 3 to 4 days. From : ThriftBooks-Dallas, United States",
9788469603611,"Eva y Beba (Eva Y Beba / Ivy and Bean, 1) (Spanish Edition)","Barrows, Annie @ BookFinder.com",Amazon.com,used,14.0,"edición. Pages 112. In stock Usually ships within 3 to 4 days. From : ThriftBooks-Chicago, United States",
9788469603611,"Eva y Beba (Eva Y Beba / Ivy and Bean, 1) (Spanish Edition)","Barrows, Annie @ BookFinder.com",Amazon.com,used,15.0,"edición. Pages 112. In stock Usually ships within 3 to 4 days. From : ThriftBooks-Atlanta, United States",
9788469603611,"Eva y Beba (Eva Y Beba / Ivy and Bean, 1) (Spanish Edition)","Barrows, Annie @ BookFinder.com",Amazon.com,used,16.0,"edición. Pages 112. In stock Usually ships within 3 to 4 days. From : ThriftBooks-Baltimore, United States",
9788469603611,"Eva y Beba (Eva Y Beba / Ivy and Bean, 1) (Spanish Edition)","Barrows, Annie @ BookFinder.com",Amazon.com,used,17.0,"edición. Pages 112. In stock Usually ships within 3 to 4 days. From : ThriftBooks-Phoenix, United States",
9788469603611,"Eva y Beba (Eva Y Beba / Ivy and Bean, 1) (Spanish Edition)","Barrows, Annie @ BookFinder.com",Amazon.com,used,22.0,"edición. Pages 112. In Stock. From : onceuponatimebooks, United States",
9788469603611,"Eva y Beba (Eva Y Beba / Ivy and Bean, 1) (Spanish Edition)","Barrows, Annie @ BookFinder.com",Amazon.com,used,23.0,"edición. Pages 112. In stock Usually ships within 2 to 3 days. From : Goodwill of Colorado, United States",
9788469603611,"Eva y Beba (Eva Y Beba / Ivy and Bean, 1) (Spanish Edition)","Barrows, Annie @ BookFinder.com",Amazon.com,used,24.0,"edición. Pages 112. In Stock. From : Zoom Books Company, United States",
9788469603611,"Eva y Beba (Eva Y Beba / Ivy and Bean, 1) (Spanish Edition)","Barrows, Annie @ BookFinder.com",Amazon.com,used,11.0,"edición. Pages 112. In stock Usually ships within 3 to 4 days. From : ThriftBooks-Seattle, United States",
9788469603611,"Eva y Beba (Eva Y Beba / Ivy and Bean, 1) (Spanish Edition)","Barrows, Annie @ BookFinder.com",Amazon.com,used,12.0,"edición. Pages 112. In stock Usually ships within 3 to 4 days. From : ThriftBooks-Atlanta, United States",
9788469603611,"Eva y Beba (Eva Y Beba / Ivy and Bean, 1) (Spanish Edition)","Barrows, Annie @ BookFinder.com",Amazon.com,used,13.0,"edición. Pages 112. In stock Usually ships within 3 to 4 days. From : ThriftBooks-Dallas, United States",
9788469603611,"Eva y Beba (Eva Y Beba / Ivy and Bean, 1) (Spanish Edition)","Barrows, Annie @ BookFinder.com",Amazon.com,used,14.0,"edición. Pages 112. In stock Usually ships within 3 to 4 days. From : ThriftBooks-Chicago, United States",
9788469603611,"Eva y Beba (Eva Y Beba / Ivy and Bean, 1) (Spanish Edition)","Barrows, Annie @ BookFinder.com",Amazon.com,used,15.0,"edición. Pages 112. In stock Usually ships within 3 to 4 days. From : ThriftBooks-Atlanta, United States",
9788469603611,"Eva y Beba (Eva Y Beba / Ivy and Bean, 1) (Spanish Edition)","Barrows, Annie @ BookFinder.com",Amazon.com,used,16.0,"edición. Pages 112. In stock Usually ships within 3 to 4 days. From : ThriftBooks-Baltimore, United States",
9788469603611,"Eva y Beba (Eva Y Beba / Ivy and Bean, 1) (Spanish Edition)","Barrows, Annie @ BookFinder.com",Amazon.com,used,17.0,"edición. Pages 112. In stock Usually ships within 3 to 4 days. From : ThriftBooks-Phoenix, United States",
9788469603611,"Eva y Beba (Eva Y Beba / Ivy and Bean, 1) (Spanish Edition)","Barrows, Annie @ BookFinder.com",Amazon.com,used,22.0,"edición. Pages 112. In Stock. From : onceuponatimebooks, United States",
9788469603611,"Eva y Beba (Eva Y Beba / Ivy and Bean, 1) (Spanish Edition)","Barrows, Annie @ BookFinder.com",Amazon.com,used,23.0,"edición. Pages 112. In stock Usually ships within 2 to 3 days. From : Goodwill of Colorado, United States",
9788469603611,"Eva y Beba (Eva Y Beba / Ivy and Bean, 1) (Spanish Edition)","Barrows, Annie @ BookFinder.com",Amazon.com,used,24.0,"edición. Pages 112. In Stock. From : Zoom Books Company, United States",
9781260474183,"Crucial Conversations: Tools for Talking When Stakes are High, Third Edition",Grenny @ BookFinder.com,Amazon.com,used,16.0,"3. Pages 304. In Stock. From : World of Books (previously glenthebookseller), United States",
9781260474183,"Crucial Conversations: Tools for Talking When Stakes are High, Third Edition",Grenny @ BookFinder.com,Amazon.com,used,17.0,"3. Pages 304. In Stock. From : Blue Vase Books, United States",
9781260474183,"Crucial Conversations: Tools for Talking When Stakes are High, Third Edition",Grenny @ BookFinder.com,Amazon.com,used,19.0,"3. Pages 304. In Stock. From : Bookbuilders, United States",
9781260474183,"Crucial Conversations: Tools for Talking When Stakes are High, Third Edition",Grenny @ BookFinder.com,Amazon.com,used,20.0,"3. Pages 304. In stock Usually ships within 4 to 5 days. From : Seattlegoodwill, United States",
9781260474183,"Crucial Conversations: Tools for Talking When Stakes are High, Third Edition",Grenny @ BookFinder.com,Amazon.com,used,24.0,"3. Pages 304. In Stock. From : OMA STORE 3, United States",
9781260474183,"Crucial Conversations: Tools for Talking When Stakes are High, Third Edition",Grenny @ BookFinder.com,Amazon.com,used,28.0,"3. Pages 304. In Stock. From : GreatBookDealz, United States",
9781260474183,"Crucial Conversations: Tools for Talking When Stakes are High, Third Edition",Grenny @ BookFinder.com,Amazon.com,used,29.0,"3. Pages 304. Fulfillment by Amazon. From : Cheburashka's Store, United States",
9781260474183,"Crucial Conversations: Tools for Talking When Stakes are High, Third Edition",Grenny @ BookFinder.com,Amazon.com (Prime),used,30.0,"3. Pages 304. Fulfillment by Amazon. Amazon Prime. Not a Prime member? Try Amazon Prime 30-Day Free Trial which includes Prime Video, Prime Music and Prime Reading. From : Cheburashka's Store, United States",
9781260474183,"Crucial Conversations: Tools for Talking When Stakes are High, Third Edition",Grenny @ BookFinder.com,Amazon.com,used,31.0,"3. Pages 304. In stock Usually ships within 3 to 4 days. From : ThriftBooks-Phoenix, United States",
9781260474183,"Crucial Conversations: Tools for Talking When Stakes are High, Third Edition",Grenny @ BookFinder.com,Amazon.com,used,32.0,"3. Pages 304. In stock Usually ships within 3 to 4 days. From : ThriftBooks-Seattle, United States",
9781260474183,"Crucial Conversations: Tools for Talking When Stakes are High, Third Edition",Grenny @ BookFinder.com,Amazon.com,used,33.0,"3. Pages 304. In stock Usually ships within 3 to 4 days. From : ThriftBooks-Baltimore, United States",
9781260474183,"Crucial Conversations: Tools for Talking When Stakes are High, Third Edition",Grenny @ BookFinder.com,Amazon.com,used,30.0,"3. Pages 304. In Stock. From : T&N Enterprises, United States",
9781260474183,"Crucial Conversations: Tools for Talking When Stakes are High, Third Edition",Grenny @ BookFinder.com,Amazon.com (Prime),used,39.0,"3. Pages 304. In Stock. Fulfillment by Amazon. Amazon Prime. Not a Prime member? Try Amazon Prime 30-Day Free Trial which includes Prime Video, Prime Music and Prime Reading. From : Amazon.com (Prime), United States",
9781260474183,"Crucial Conversations: Tools for Talking When Stakes are High, Third Edition",Grenny @ BookFinder.com,Amazon.com,used,40.0,"3. Pages 304. In Stock. Fulfillment by Amazon. From : Amazon.com, United States",
9781260474183,"Crucial Conversations: Tools for Talking When Stakes are High, Third Edition",Grenny @ BookFinder.com,Amazon.com,used,41.0,"3. Pages 304. Fulfillment by Amazon. From : RoyalJwlry, United States",
9781260474183,"Crucial Conversations: Tools for Talking When Stakes are High, Third Edition",Grenny @ BookFinder.com,Amazon.com (Prime),used,42.0,"3. Pages 304. Fulfillment by Amazon. Amazon Prime. Not a Prime member? Try Amazon Prime 30-Day Free Trial which includes Prime Video, Prime Music and Prime Reading. From : RoyalJwlry, United States",
9781260474183,"Crucial Conversations: Tools for Talking When Stakes are High, Third Edition",Grenny @ BookFinder.com,Amazon.com,used,48.0,"3. Pages 304. In stock Usually ships within 3 to 4 days. From : SuperBookDeals---, United States",
9781260474183,"Crucial Conversations: Tools for Talking When Stakes are High, Third Edition",Grenny @ BookFinder.com,Amazon.com,used,49.0,"3. Pages 304. In Stock. From : R W Schoolfield Sales, United States",
9781260474183,"Crucial Conversations: Tools for Talking When Stakes are High, Third Edition",Grenny @ BookFinder.com,Amazon.com,used,16.0,"3. Pages 304. In Stock. From : World of Books (previously glenthebookseller), United States",
9781260474183,"Crucial Conversations: Tools for Talking When Stakes are High, Third Edition",Grenny @ BookFinder.com,Amazon.com,used,17.0,"3. Pages 304. In Stock. From : Blue Vase Books, United States",
9781260474183,"Crucial Conversations: Tools for Talking When Stakes are High, Third Edition",Grenny @ BookFinder.com,Amazon.com,used,19.0,"3. Pages 304. In Stock. From : Bookbuilders, United States",
9781260474183,"Crucial Conversations: Tools for Talking When Stakes are High, Third Edition",Grenny @ BookFinder.com,Amazon.com,used,20.0,"3. Pages 304. In stock Usually ships within 4 to 5 days. From : Seattlegoodwill, United States",
9781260474183,"Crucial Conversations: Tools for Talking When Stakes are High, Third Edition",Grenny @ BookFinder.com,Amazon.com,used,24.0,"3. Pages 304. In Stock. From : OMA STORE 3, United States",
9781260474183,"Crucial Conversations: Tools for Talking When Stakes are High, Third Edition",Grenny @ BookFinder.com,Amazon.com,used,27.0,"3. Pages 304. In Stock. From : GreatBookDealz, United States",
9781260474183,"Crucial Conversations: Tools for Talking When Stakes are High, Third Edition",Grenny @ BookFinder.com,Amazon.com,used,28.0,"3. Pages 304. Fulfillment by Amazon. From : Cheburashka's Store, United States",
9781260474183,"Crucial Conversations: Tools for Talking When Stakes are High, Third Edition",Grenny @ BookFinder.com,Amazon.com (Prime),used,29.0,"3. Pages 304. Fulfillment by Amazon. Amazon Prime. Not a Prime member? Try Amazon Prime 30-Day Free Trial which includes Prime Video, Prime Music and Prime Reading. From : Cheburashka's Store, United States",
9781260474183,"Crucial Conversations: Tools for Talking When Stakes are High, Third Edition",Grenny @ BookFinder.com,Amazon.com,used,30.0,"3. Pages 304. In stock Usually ships within 3 to 4 days. From : ThriftBooks-Phoenix, United States",
9781260474183,"Crucial Conversations: Tools for Talking When Stakes are High, Third Edition",Grenny @ BookFinder.com,Amazon.com,used,31.0,"3. Pages 304. In stock Usually ships within 3 to 4 days. From : ThriftBooks-Seattle, United States",
9781260474183,"Crucial Conversations: Tools for Talking When Stakes are High, Third Edition",Grenny @ BookFinder.com,Amazon.com,used,32.0,"3. Pages 304. In stock Usually ships within 3 to 4 days. From : ThriftBooks-Baltimore, United States",
9788491050582,Emma-Edicion Conmemorativa / In Spanish (Spanish Edition),"Austen, Jane @ BookFinder.com",Amazon.com,used,4.0,"001. Pages 512. In Stock. From : Goodwill Southern California, United States",
9788491050582,Emma-Edicion Conmemorativa / In Spanish (Spanish Edition),"Austen, Jane @ BookFinder.com",Amazon.com,used,6.0,"001. Pages 512. In Stock. Fulfillment by Amazon. From : Amazon.com, United States",
9788491050582,Emma-Edicion Conmemorativa / In Spanish (Spanish Edition),"Austen, Jane @ BookFinder.com",Amazon.com (Prime),used,7.0,"001. Pages 512. In Stock. Fulfillment by Amazon. Amazon Prime. Not a Prime member? Try Amazon Prime 30-Day Free Trial which includes Prime Video, Prime Music and Prime Reading. From : Amazon.com (Prime), United States",
9788491050582,Emma-Edicion Conmemorativa / In Spanish (Spanish Edition),"Austen, Jane @ BookFinder.com",Amazon.com,used,13.0,"001. Pages 512. In stock Usually ships within 3 to 4 days. From : ThriftBooks-Seattle, United States",
9788491050582,Emma-Edicion Conmemorativa / In Spanish (Spanish Edition),"Austen, Jane @ BookFinder.com",Amazon.com,used,18.0,"001. Pages 512. In Stock. From : LuminaryBooks, United States",
9788491050582,Emma-Edicion Conmemorativa / In Spanish (Spanish Edition),"Austen, Jane @ BookFinder.com",Amazon.com,used,1.0,"001. Pages 512. In Stock. Fulfillment by Amazon. From : Amazon.com, United States",
9788491050582,Emma-Edicion Conmemorativa / In Spanish (Spanish Edition),"Austen, Jane @ BookFinder.com",Amazon.com (Prime),used,2.0,"001. Pages 512. In Stock. Fulfillment by Amazon. Amazon Prime. Not a Prime member? Try Amazon Prime 30-Day Free Trial which includes Prime Video, Prime Music and Prime Reading. From : Amazon.com (Prime), United States",
9788491050582,Emma-Edicion Conmemorativa / In Spanish (Spanish Edition),"Austen, Jane @ BookFinder.com",Amazon.com,used,4.0,"001. Pages 512. In Stock. From : Goodwill Southern California, United States",
9788491050582,Emma-Edicion Conmemorativa / In Spanish (Spanish Edition),"Austen, Jane @ BookFinder.com",Amazon.com,used,11.0,"001. Pages 512. In stock Usually ships within 3 to 4 days. From : ThriftBooks-Seattle, United States",
9788491050582,Emma-Edicion Conmemorativa / In Spanish (Spanish Edition),"Austen, Jane @ BookFinder.com",Amazon.com,used,14.0,"001. Pages 512. In Stock. From : LuminaryBooks, United States",
9788491050582,Emma-Edicion Conmemorativa / In Spanish (Spanish Edition),"Austen, Jane @ BookFinder.com",Amazon.com,used,35.0,"001. Pages 512. In Stock. From : Atmosphere Bks, Spain",
9788491050582,Emma-Edicion Conmemorativa / In Spanish (Spanish Edition),"Austen, Jane @ BookFinder.com",Amazon.com,used,37.0,"001. Pages 512. In Stock. From : Last Books, Spain",
9781119621492,Storytelling with Data: Let's Practice!,"Nussbaumer Knaflic, Cole @ BookFinder.com",Amazon.com,used,11.0,"1 Format: Illustrated. Pages 448. In stock Usually ships within 2 to 3 days. From : Goodwill South Florida, United States",
9781119621492,Storytelling with Data: Let's Practice!,"Nussbaumer Knaflic, Cole @ BookFinder.com",Amazon.com,used,12.0,"1 Format: Illustrated. Pages 448. In Stock. From : HPB-Red, United States",
9781119621492,Storytelling with Data: Let's Practice!,"Nussbaumer Knaflic, Cole @ BookFinder.com",Amazon.com,used,13.0,"1 Format: Illustrated. Pages 448. In Stock. From : HPB-Red, United States",
9781119621492,Storytelling with Data: Let's Practice!,"Nussbaumer Knaflic, Cole @ BookFinder.com",Amazon.com,used,14.0,"1 Format: Illustrated. Pages 448. In stock Usually ships within 2 to 3 days. From : Goodwill of North Georgia, United States",
9781119621492,Storytelling with Data: Let's Practice!,"Nussbaumer Knaflic, Cole @ BookFinder.com",Amazon.com,used,15.0,"1 Format: Illustrated. Pages 448. In stock Usually ships within 2 to 3 days. From : GoodwillBooks, United States",
9781119621492,Storytelling with Data: Let's Practice!,"Nussbaumer Knaflic, Cole @ BookFinder.com",Amazon.com,used,16.0,"1 Format: Illustrated. Pages 448. In stock Usually ships within 2 to 3 days. From : Goodwill NCPA, United States",
9781119621492,Storytelling with Data: Let's Practice!,"Nussbaumer Knaflic, Cole @ BookFinder.com",Amazon.com,used,42.0,"1 Format: Illustrated. Pages 448. In Stock. From : menloparkfriends, United States",
9781119621492,Storytelling with Data: Let's Practice!,"Nussbaumer Knaflic, Cole @ BookFinder.com",Amazon.com,used,45.0,"1 Format: Illustrated. Pages 448. In Stock. From : afstructure85, United States",
9781119621492,Storytelling with Data: Let's Practice!,"Nussbaumer Knaflic, Cole @ BookFinder.com",Amazon.com,used,47.0,"1 Format: Illustrated. Pages 448. In Stock. From : Pendy Book Vault, United States",
9781119621492,Storytelling with Data: Let's Practice!,"Nussbaumer Knaflic, Cole @ BookFinder.com",Amazon.com,used,48.0,"1 Format: Illustrated. Pages 448. In Stock. From : TheBusz, United States",
9781119621492,Storytelling with Data: Let's Practice!,"Nussbaumer Knaflic, Cole @ BookFinder.com",Amazon.com,used,1.0,"1 Format: Illustrated. Pages 448. In Stock. From : books4traders, United States",
9781119621492,Storytelling with Data: Let's Practice!,"Nussbaumer Knaflic, Cole @ BookFinder.com",Amazon.com (Prime),used,2.0,"1 Format: Illustrated. Pages 448. In Stock. Fulfillment by Amazon. Amazon Prime. Not a Prime member? Try Amazon Prime 30-Day Free Trial which includes Prime Video, Prime Music and Prime Reading. From : Amazon.com (Prime), United States",
9781119621492,Storytelling with Data: Let's Practice!,"Nussbaumer Knaflic, Cole @ BookFinder.com",Amazon.com,used,3.0,"1 Format: Illustrated. Pages 448. In Stock. Fulfillment by Amazon. From : Amazon.com, United States",
9781119621492,Storytelling with Data: Let's Practice!,"Nussbaumer Knaflic, Cole @ BookFinder.com",Amazon.com,used,12.0,"1 Format: Illustrated. Pages 448. In stock Usually ships within 2 to 3 days. From : indoobestsellers, United States",
9781119621492,Storytelling with Data: Let's Practice!,"Nussbaumer Knaflic, Cole @ BookFinder.com",Amazon.com,used,13.0,"1 Format: Illustrated. Pages 448. In Stock. From : Sunrise NN, United States",
9781119621492,Storytelling with Data: Let's Practice!,"Nussbaumer Knaflic, Cole @ BookFinder.com",Amazon.com,used,18.0,"1 Format: Illustrated. Pages 448. Usually ships within 9 to 10 days. From : SuperBookDeals---, United States",
9781119621492,Storytelling with Data: Let's Practice!,"Nussbaumer Knaflic, Cole @ BookFinder.com",Amazon.com,used,19.0,"1 Format: Illustrated. Pages 448. In stock Usually ships within 3 to 4 days. From : Publisher Direct, United States",
9781119621492,Storytelling with Data: Let's Practice!,"Nussbaumer Knaflic, Cole @ BookFinder.com",Amazon.com,used,25.0,"1 Format: Illustrated. Pages 448. Usually ships within 7 to 8 days. From : booksXpress, United States",
9781119621492,Storytelling with Data: Let's Practice!,"Nussbaumer Knaflic, Cole @ BookFinder.com",Amazon.com,used,27.0,"1 Format: Illustrated. Pages 448. In stock Usually ships within 2 to 3 days. From : Ambis Enterprises, United States",
9781119621492,Storytelling with Data: Let's Practice!,"Nussbaumer Knaflic, Cole @ BookFinder.com",Amazon.com,used,31.0,"1 Format: Illustrated. Pages 448. In stock Usually ships within 2 to 3 days. From : webdelicollc, United States",
9781119621492,Storytelling with Data: Let's Practice!,"Nussbaumer Knaflic, Cole @ BookFinder.com",Amazon.com,used,36.0,"1 Format: Illustrated. Pages 448. In Stock. Fulfillment by Amazon. From : Dysn, United States",
9781119621492,Storytelling with Data: Let's Practice!,"Nussbaumer Knaflic, Cole @ BookFinder.com",Amazon.com (Prime),used,37.0,"1 Format: Illustrated. Pages 448. In Stock. Fulfillment by Amazon. Amazon Prime. Not a Prime member? Try Amazon Prime 30-Day Free Trial which includes Prime Video, Prime Music and Prime Reading. From : Dysn, United States",
9781119621492,Storytelling with Data: Let's Practice!,"Nussbaumer Knaflic, Cole @ BookFinder.com",Amazon.com.au,used,46.0,1 Format: Illustrated. Pages 448. In stock. Fulfillment by Amazon. From : Amazon AU,
9781119621492,Storytelling with Data: Let's Practice!,"Nussbaumer Knaflic, Cole @ BookFinder.com",Amazon.com,used,9.0,"1 Format: Illustrated. Pages 448. In stock Usually ships within 2 to 3 days. From : Goodwill South Florida, United States",
9781119621492,Storytelling with Data: Let's Practice!,"Nussbaumer Knaflic, Cole @ BookFinder.com",Amazon.com,used,10.0,"1 Format: Illustrated. Pages 448. In Stock. From : HPB-Red, United States",
9781119621492,Storytelling with Data: Let's Practice!,"Nussbaumer Knaflic, Cole @ BookFinder.com",Amazon.com,used,11.0,"1 Format: Illustrated. Pages 448. In Stock. From : HPB-Red, United States",
9781119621492,Storytelling with Data: Let's Practice!,"Nussbaumer Knaflic, Cole @ BookFinder.com",Amazon.com,used,12.0,"1 Format: Illustrated. Pages 448. In stock Usually ships within 2 to 3 days. From : Goodwill of North Georgia, United States",
9781119621492,Storytelling with Data: Let's Practice!,"Nussbaumer Knaflic, Cole @ BookFinder.com",Amazon.com,used,13.0,"1 Format: Illustrated. Pages 448. In stock Usually ships within 2 to 3 days. From : GoodwillBooks, United States",
9781119621492,Storytelling with Data: Let's Practice!,"Nussbaumer Knaflic, Cole @ BookFinder.com",Amazon.com,used,14.0,"1 Format: Illustrated. Pages 448. In stock Usually ships within 2 to 3 days. From : Goodwill NCPA, United States",
9781119621492,Storytelling with Data: Let's Practice!,"Nussbaumer Knaflic, Cole @ BookFinder.com",Amazon.com,used,34.0,"1 Format: Illustrated. Pages 448. In Stock. From : menloparkfriends, United States",
9781119621492,Storytelling with Data: Let's Practice!,"Nussbaumer Knaflic, Cole @ BookFinder.com",Amazon.com,used,37.0,"1 Format: Illustrated. Pages 448. In Stock. From : afstructure85, United States",
9781119621492,Storytelling with Data: Let's Practice!,"Nussbaumer Knaflic, Cole @ BookFinder.com",Amazon.com,used,39.0,"1 Format: Illustrated. Pages 448. In Stock. From : Pendy Book Vault, United States",
9781119621492,Storytelling with Data: Let's Practice!,"Nussbaumer Knaflic, Cole @ BookFinder.com",Amazon.com,used,40.0,"1 Format: Illustrated. Pages 448. In Stock. From : TheBusz, United States",
9781410471161,"Blood Magick (The Cousins O'Dwyer Trilogy, 3)","Roberts, Nora @ BookFinder.com",Amazon.com,used,15.0,"Large type / Large print Format: Large Print. Pages 487. In Stock. Fulfillment by Amazon. From : Bestlife Enterprises, United States",
9781410471161,"Blood Magick (The Cousins O'Dwyer Trilogy, 3)","Roberts, Nora @ BookFinder.com",Amazon.com (Prime),used,16.0,"Large type / Large print Format: Large Print. Pages 487. In Stock. Fulfillment by Amazon. Amazon Prime. Not a Prime member? Try Amazon Prime 30-Day Free Trial which includes Prime Video, Prime Music and Prime Reading. From : Bestlife Enterprises, United States",
9781410471161,"Blood Magick (The Cousins O'Dwyer Trilogy, 3)","Roberts, Nora @ BookFinder.com",Amazon.com,used,17.0,"Large type / Large print Format: Large Print. Pages 487. In Stock. From : GREENWORLD GOODS, United States",
9781410471161,"Blood Magick (The Cousins O'Dwyer Trilogy, 3)","Roberts, Nora @ BookFinder.com",Amazon.com,used,18.0,"Large type / Large print Format: Large Print. Pages 487. In Stock. From : MegaReads, United States",
9781410471161,"Blood Magick (The Cousins O'Dwyer Trilogy, 3)","Roberts, Nora @ BookFinder.com",Amazon.com,used,19.0,"Large type / Large print Format: Large Print. Pages 487. In stock Usually ships within 2 to 3 days. From : Dream Books Co., United States",
9781410471161,"Blood Magick (The Cousins O'Dwyer Trilogy, 3)","Roberts, Nora @ BookFinder.com",Amazon.com,used,20.0,"Large type / Large print Format: Large Print. Pages 487. In stock Usually ships within 2 to 3 days. From : Dream Books Co., United States",
9781410471161,"Blood Magick (The Cousins O'Dwyer Trilogy, 3)","Roberts, Nora @ BookFinder.com",Amazon.com,used,21.0,"Large type / Large print Format: Large Print. Pages 487. In stock Usually ships within 2 to 3 days. From : FindAnyBook, United States",
9781410471161,"Blood Magick (The Cousins O'Dwyer Trilogy, 3)","Roberts, Nora @ BookFinder.com",Amazon.com,used,28.0,"Large type / Large print Format: Large Print. Pages 487. In Stock. From : LuminaryBooks, United States",
9781410471161,"Blood Magick (The Cousins O'Dwyer Trilogy, 3)","Roberts, Nora @ BookFinder.com",Amazon.com,used,43.0,"Large type / Large print Format: Large Print. Pages 487. In Stock. From : Sabino 7 Enterprises, United States",
9781410471161,"Blood Magick (The Cousins O'Dwyer Trilogy, 3)","Roberts, Nora @ BookFinder.com",Amazon.com,used,5.0,"Large type / Large print Format: Large Print. Pages 487. Usually ships within 11 to 12 days. From : Hafa Adai Books LLC, United States",
9781410471161,"Blood Magick (The Cousins O'Dwyer Trilogy, 3)","Roberts, Nora @ BookFinder.com",Amazon.com,used,6.0,"Large type / Large print Format: Large Print. Pages 487. In Stock. From : LuminaryBooks, United States",
9781410471161,"Blood Magick (The Cousins O'Dwyer Trilogy, 3)","Roberts, Nora @ BookFinder.com",Amazon.com,used,15.0,"Large type / Large print Format: Large Print. Pages 487. In Stock. Fulfillment by Amazon. From : Bestlife Enterprises, United States",
9781410471161,"Blood Magick (The Cousins O'Dwyer Trilogy, 3)","Roberts, Nora @ BookFinder.com",Amazon.com (Prime),used,16.0,"Large type / Large print Format: Large Print. Pages 487. In Stock. Fulfillment by Amazon. Amazon Prime. Not a Prime member? Try Amazon Prime 30-Day Free Trial which includes Prime Video, Prime Music and Prime Reading. From : Bestlife Enterprises, United States",
9781410471161,"Blood Magick (The Cousins O'Dwyer Trilogy, 3)","Roberts, Nora @ BookFinder.com",Amazon.com,used,17.0,"Large type / Large print Format: Large Print. Pages 487. In Stock. From : GREENWORLD GOODS, United States",
9781410471161,"Blood Magick (The Cousins O'Dwyer Trilogy, 3)","Roberts, Nora @ BookFinder.com",Amazon.com,used,18.0,"Large type / Large print Format: Large Print. Pages 487. In Stock. From : MegaReads, United States",
9781410471161,"Blood Magick (The Cousins O'Dwyer Trilogy, 3)","Roberts, Nora @ BookFinder.com",Amazon.com,used,19.0,"Large type / Large print Format: Large Print. Pages 487. In stock Usually ships within 2 to 3 days. From : Dream Books Co., United States",
9781410471161,"Blood Magick (The Cousins O'Dwyer Trilogy, 3)","Roberts, Nora @ BookFinder.com",Amazon.com,used,20.0,"Large type / Large print Format: Large Print. Pages 487. In stock Usually ships within 2 to 3 days. From : Dream Books Co., United States",
9781410471161,"Blood Magick (The Cousins O'Dwyer Trilogy, 3)","Roberts, Nora @ BookFinder.com",Amazon.com,used,21.0,"Large type / Large print Format: Large Print. Pages 487. In stock Usually ships within 2 to 3 days. From : FindAnyBook, United States",
9781410471161,"Blood Magick (The Cousins O'Dwyer Trilogy, 3)","Roberts, Nora @ BookFinder.com",Amazon.com,used,28.0,"Large type / Large print Format: Large Print. Pages 487. In Stock. From : LuminaryBooks, United States",
9781410471161,"Blood Magick (The Cousins O'Dwyer Trilogy, 3)","Roberts, Nora @ BookFinder.com",Amazon.com,used,43.0,"Large type / Large print Format: Large Print. Pages 487. In Stock. From : Sabino 7 Enterprises, United States",
9780373108091,"The Six - Month Marriage (Harlequin Presents, #809)",Penny Jordan @ BookFinder.com,Amazon.com,used,6.0,"First Edition. Pages 186. In Stock. From : World of Books (previously glenthebookseller), United States",
9780373108091,"The Six - Month Marriage (Harlequin Presents, #809)",Penny Jordan @ BookFinder.com,Amazon.com,used,7.0,"First Edition. Pages 186. In Stock. From : YourOnlineBookstore, United States",
9780373108091,"The Six - Month Marriage (Harlequin Presents, #809)",Penny Jordan @ BookFinder.com,Amazon.com,used,9.0,"First Edition. Pages 186. In Stock. From : onceuponatimebooks, United States",
9780373108091,"The Six - Month Marriage (Harlequin Presents, #809)",Penny Jordan @ BookFinder.com,Amazon.com,used,26.0,"First Edition. Pages 186. In stock Usually ships within 3 to 4 days. From : ThriftBooks-Baltimore, United States",
9780373108091,"The Six - Month Marriage (Harlequin Presents, #809)",Penny Jordan @ BookFinder.com,Amazon.com,used,30.0,"First Edition. Pages 186. In Stock. From : Better World Books: West, United States",
9780373108091,"The Six - Month Marriage (Harlequin Presents, #809)",Penny Jordan @ BookFinder.com,Amazon.com,used,31.0,"First Edition. Pages 186. In Stock. From : Better World Books: South, United States",
9780373108091,"The Six - Month Marriage (Harlequin Presents, #809)",Penny Jordan @ BookFinder.com,Amazon.com,used,32.0,"First Edition. Pages 186. In Stock. From : Books Unplugged, United States",
9780373108091,"The Six - Month Marriage (Harlequin Presents, #809)",Penny Jordan @ BookFinder.com,Amazon.com,used,39.0,"First Edition. Pages 186. In Stock. From : Robinson Street Books, United States",
9780373108091,"The Six - Month Marriage (Harlequin Presents, #809)",Penny Jordan @ BookFinder.com,Amazon.com,used,6.0,"First Edition. Pages 186. In Stock. From : World of Books (previously glenthebookseller), United States",
9780373108091,"The Six - Month Marriage (Harlequin Presents, #809)",Penny Jordan @ BookFinder.com,Amazon.com,used,7.0,"First Edition. Pages 186. In Stock. From : YourOnlineBookstore, United States",
9780373108091,"The Six - Month Marriage (Harlequin Presents, #809)",Penny Jordan @ BookFinder.com,Amazon.com,used,9.0,"First Edition. Pages 186. In Stock. From : onceuponatimebooks, United States",
9780373108091,"The Six - Month Marriage (Harlequin Presents, #809)",Penny Jordan @ BookFinder.com,Amazon.com,used,26.0,"First Edition. Pages 186. In stock Usually ships within 3 to 4 days. From : ThriftBooks-Baltimore, United States",
9780373108091,"The Six - Month Marriage (Harlequin Presents, #809)",Penny Jordan @ BookFinder.com,Amazon.com,used,30.0,"First Edition. Pages 186. In Stock. From : Better World Books: West, United States",
9780373108091,"The Six - Month Marriage (Harlequin Presents, #809)",Penny Jordan @ BookFinder.com,Amazon.com,used,31.0,"First Edition. Pages 186. In Stock. From : Better World Books: South, United States",
9780373108091,"The Six - Month Marriage (Harlequin Presents, #809)",Penny Jordan @ BookFinder.com,Amazon.com,used,32.0,"First Edition. Pages 186. In Stock. From : Books Unplugged, United States",
9780373108091,"The Six - Month Marriage (Harlequin Presents, #809)",Penny Jordan @ BookFinder.com,Amazon.com,used,39.0,"First Edition. Pages 186. In Stock. From : Robinson Street Books, United States",
9781484713020,"Waterfire Saga, Book Three Dark Tide","Donnelly, Jennifer @ BookFinder.com",Amazon.com,used,18.0,"Reprint. Pages 416. In Stock. From : World of Books (previously glenthebookseller), United States",
9781484713020,"Waterfire Saga, Book Three Dark Tide","Donnelly, Jennifer @ BookFinder.com",Amazon.com,used,19.0,"Reprint. Pages 416. In Stock. From : World of Books (previously glenthebookseller), United States",
9781484713020,"Waterfire Saga, Book Three Dark Tide","Donnelly, Jennifer @ BookFinder.com",Amazon.com,used,20.0,"Reprint. Pages 416. In Stock. From : YourOnlineBookstore, United States",
9781484713020,"Waterfire Saga, Book Three Dark Tide","Donnelly, Jennifer @ BookFinder.com",Amazon.com,used,21.0,"Reprint. Pages 416. In Stock. From : Orion LLC, United States",
9781484713020,"Waterfire Saga, Book Three Dark Tide","Donnelly, Jennifer @ BookFinder.com",Amazon.com,used,32.0,"Reprint. Pages 416. In stock Usually ships within 3 to 4 days. From : ThriftBooks-Dallas, United States",
9781484713020,"Waterfire Saga, Book Three Dark Tide","Donnelly, Jennifer @ BookFinder.com",Amazon.com,used,33.0,"Reprint. Pages 416. In stock Usually ships within 3 to 4 days. From : ThriftBooks-Seattle, United States",
9781484713020,"Waterfire Saga, Book Three Dark Tide","Donnelly, Jennifer @ BookFinder.com",Amazon.com,used,34.0,"Reprint. Pages 416. In stock Usually ships within 3 to 4 days. From : ThriftBooks-Baltimore, United States",
9781484713020,"Waterfire Saga, Book Three Dark Tide","Donnelly, Jennifer @ BookFinder.com",Amazon.com,used,35.0,"Reprint. Pages 416. In stock Usually ships within 3 to 4 days. From : ThriftBooks-Chicago, United States",
9781484713020,"Waterfire Saga, Book Three Dark Tide","Donnelly, Jennifer @ BookFinder.com",Amazon.com,used,44.0,"Reprint. Pages 416. In Stock. From : RNA TRADE LLC, United States",
9781484713020,"Waterfire Saga, Book Three Dark Tide","Donnelly, Jennifer @ BookFinder.com",Amazon.com,used,48.0,"Reprint. Pages 416. In Stock. From : The Used Book Company, United States",
9781484713020,"Waterfire Saga, Book Three Dark Tide","Donnelly, Jennifer @ BookFinder.com",Amazon.com,used,2.0,"Reprint. Pages 416. In Stock. Fulfillment by Amazon. From : Prime Booksellers, United States",
9781484713020,"Waterfire Saga, Book Three Dark Tide","Donnelly, Jennifer @ BookFinder.com",Amazon.com (Prime),used,3.0,"Reprint. Pages 416. In Stock. Fulfillment by Amazon. Amazon Prime. Not a Prime member? Try Amazon Prime 30-Day Free Trial which includes Prime Video, Prime Music and Prime Reading. From : Prime Booksellers, United States",
9781484713020,"Waterfire Saga, Book Three Dark Tide","Donnelly, Jennifer @ BookFinder.com",Amazon.com,used,18.0,"Reprint. Pages 416. In Stock. From : World of Books (previously glenthebookseller), United States",
9781484713020,"Waterfire Saga, Book Three Dark Tide","Donnelly, Jennifer @ BookFinder.com",Amazon.com,used,19.0,"Reprint. Pages 416. In Stock. From : World of Books (previously glenthebookseller), United States",
9781484713020,"Waterfire Saga, Book Three Dark Tide","Donnelly, Jennifer @ BookFinder.com",Amazon.com,used,20.0,"Reprint. Pages 416. In Stock. From : YourOnlineBookstore, United States",
9781484713020,"Waterfire Saga, Book Three Dark Tide","Donnelly, Jennifer @ BookFinder.com",Amazon.com,used,21.0,"Reprint. Pages 416. In Stock. From : Orion LLC, United States",
9781484713020,"Waterfire Saga, Book Three Dark Tide","Donnelly, Jennifer @ BookFinder.com",Amazon.com,used,32.0,"Reprint. Pages 416. In stock Usually ships within 3 to 4 days. From : ThriftBooks-Dallas, United States",
9781484713020,"Waterfire Saga, Book Three Dark Tide","Donnelly, Jennifer @ BookFinder.com",Amazon.com,used,33.0,"Reprint. Pages 416. In stock Usually ships within 3 to 4 days. From : ThriftBooks-Seattle, United States",
9781484713020,"Waterfire Saga, Book Three Dark Tide","Donnelly, Jennifer @ BookFinder.com",Amazon.com,used,34.0,"Reprint. Pages 416. In stock Usually ships within 3 to 4 days. From : ThriftBooks-Baltimore, United States",
9781484713020,"Waterfire Saga, Book Three Dark Tide","Donnelly, Jennifer @ BookFinder.com",Amazon.com,used,35.0,"Reprint. Pages 416. In stock Usually ships within 3 to 4 days. From : ThriftBooks-Chicago, United States",
9781484713020,"Waterfire Saga, Book Three Dark Tide","Donnelly, Jennifer @ BookFinder.com",Amazon.com,used,44.0,"Reprint. Pages 416. In Stock. From : RNA TRADE LLC, United States",
9781484713020,"Waterfire Saga, Book Three Dark Tide","Donnelly, Jennifer @ BookFinder.com",Amazon.com,used,48.0,"Reprint. Pages 416. In Stock. From : The Used Book Company, United States",
9780375759031,"Wieland: or, The Transformation: An American Tale and Other Stories (Modern Library Classics)","Brown, Charles Brockden @ BookFinder.com",Amazon.com.au,used,2.0,New Ed Format: Kindle eBook. Pages 414. Available for download now. From : PRH US,
9780671790233,A Pocket History of the United States,Allan Nevins; Henry Steele Commager @ BookFinder.com,Amazon.com,used,3.0,"9th Revised. Pages 736. In Stock. From : Goodwill Minnesota, United States",
9780671790233,A Pocket History of the United States,Allan Nevins; Henry Steele Commager @ BookFinder.com,Amazon.com,used,6.0,"9th Revised. Pages 736. In stock Usually ships within 2 to 3 days. From : idaho_youth_ranch_books, United States",
9780671790233,A Pocket History of the United States,Allan Nevins; Henry Steele Commager @ BookFinder.com,Amazon.com,used,11.0,"9th Revised. Pages 736. In stock Usually ships within 3 to 4 days. From : ThriftBooks-Baltimore, United States",
9780671790233,A Pocket History of the United States,Allan Nevins; Henry Steele Commager @ BookFinder.com,Amazon.com,used,12.0,"9th Revised. Pages 736. In stock Usually ships within 3 to 4 days. From : ThriftBooks-Phoenix, United States",
9780671790233,A Pocket History of the United States,Allan Nevins; Henry Steele Commager @ BookFinder.com,Amazon.com,used,13.0,"9th Revised. Pages 736. In stock Usually ships within 3 to 4 days. From : ThriftBooks-Dallas, United States",
9780671790233,A Pocket History of the United States,Allan Nevins; Henry Steele Commager @ BookFinder.com,Amazon.com,used,22.0,"9th Revised. Pages 736. In Stock. From : Goodwill Southern California, United States",
9780671790233,A Pocket History of the United States,Allan Nevins; Henry Steele Commager @ BookFinder.com,Amazon.com,used,33.0,"9th Revised. Pages 736. In Stock. Fulfillment by Amazon. From : -OnTimeBooks-, United States",
9780671790233,A Pocket History of the United States,Allan Nevins; Henry Steele Commager @ BookFinder.com,Amazon.com (Prime),used,34.0,"9th Revised. Pages 736. In Stock. Fulfillment by Amazon. Amazon Prime. Not a Prime member? Try Amazon Prime 30-Day Free Trial which includes Prime Video, Prime Music and Prime Reading. From : -OnTimeBooks-, United States",
9780671790233,A Pocket History of the United States,Allan Nevins; Henry Steele Commager @ BookFinder.com,Amazon.com,used,38.0,"9th Revised. Pages 736. In stock Usually ships within 3 to 4 days. From : SEA-OTTER-BOOKS, United States",
9780671790233,A Pocket History of the United States,Allan Nevins; Henry Steele Commager @ BookFinder.com,Amazon.com,used,42.0,"9th Revised. Pages 736. Usually ships within 5 to 6 days. From : SEA-OTTER-BOOKS, United States",
9780671790233,A Pocket History of the United States,Allan Nevins; Henry Steele Commager @ BookFinder.com,Amazon.com,used,44.0,"9th Revised. Pages 736. In Stock. From : HPB-Diamond, United States",
9780671790233,A Pocket History of the United States,Allan Nevins; Henry Steele Commager @ BookFinder.com,Amazon.com.au,used,2.0,9. Pages 719. Usually dispatched within 2 to 3 weeks. From : SonicBW,
9780671790233,A Pocket History of the United States,Allan Nevins; Henry Steele Commager @ BookFinder.com,Amazon.com,used,3.0,"9th Revised. Pages 736. In Stock. From : Goodwill Minnesota, United States",
9780671790233,A Pocket History of the United States,Allan Nevins; Henry Steele Commager @ BookFinder.com,Amazon.com,used,6.0,"9th Revised. Pages 736. In stock Usually ships within 2 to 3 days. From : idaho_youth_ranch_books, United States",
9780671790233,A Pocket History of the United States,Allan Nevins; Henry Steele Commager @ BookFinder.com,Amazon.com,used,11.0,"9th Revised. Pages 736. In stock Usually ships within 3 to 4 days. From : ThriftBooks-Baltimore, United States",
9780671790233,A Pocket History of the United States,Allan Nevins; Henry Steele Commager @ BookFinder.com,Amazon.com,used,12.0,"9th Revised. Pages 736. In stock Usually ships within 3 to 4 days. From : ThriftBooks-Phoenix, United States",
9780671790233,A Pocket History of the United States,Allan Nevins; Henry Steele Commager @ BookFinder.com,Amazon.com,used,13.0,"9th Revised. Pages 736. In stock Usually ships within 3 to 4 days. From : ThriftBooks-Dallas, United States",
9780671790233,A Pocket History of the United States,Allan Nevins; Henry Steele Commager @ BookFinder.com,Amazon.com,used,22.0,"9th Revised. Pages 736. In Stock. From : Goodwill Southern California, United States",
9780671790233,A Pocket History of the United States,Allan Nevins; Henry Steele Commager @ BookFinder.com,Amazon.com,used,33.0,"9th Revised. Pages 736. In Stock. Fulfillment by Amazon. From : -OnTimeBooks-, United States",
9780671790233,A Pocket History of the United States,Allan Nevins; Henry Steele Commager @ BookFinder.com,Amazon.com (Prime),used,34.0,"9th Revised. Pages 736. In Stock. Fulfillment by Amazon. Amazon Prime. Not a Prime member? Try Amazon Prime 30-Day Free Trial which includes Prime Video, Prime Music and Prime Reading. From : -OnTimeBooks-, United States",
9780671790233,A Pocket History of the United States,Allan Nevins; Henry Steele Commager @ BookFinder.com,Amazon.com,used,38.0,"9th Revised. Pages 736. In stock Usually ships within 3 to 4 days. From : SEA-OTTER-BOOKS, United States",
9780671790233,A Pocket History of the United States,Allan Nevins; Henry Steele Commager @ BookFinder.com,Amazon.com,used,42.0,"9th Revised. Pages 736. Usually ships within 5 to 6 days. From : SEA-OTTER-BOOKS, United States",
9780671790233,A Pocket History of the United States,Allan Nevins; Henry Steele Commager @ BookFinder.com,Amazon.com,used,44.0,"9th Revised. Pages 736. In Stock. From : HPB-Diamond, United States",
9780679424796,INDIRA GANDHI: An Intimate Biography,"Jayakar, Pupul @ BookFinder.com",Amazon.com,used,3.0,"First Edition. Pages 410. In Stock. From : MatSamStore, United States",
9780679424796,INDIRA GANDHI: An Intimate Biography,"Jayakar, Pupul @ BookFinder.com",Amazon.com,used,4.0,"First Edition. Pages 410. In Stock. From : Bay State Book Company, United States",
9780679424796,INDIRA GANDHI: An Intimate Biography,"Jayakar, Pupul @ BookFinder.com",Amazon.com,used,5.0,"First Edition. Pages 410. In stock Usually ships within 3 to 4 days. From : ThriftBooks-Phoenix, United States",
9780679424796,INDIRA GANDHI: An Intimate Biography,"Jayakar, Pupul @ BookFinder.com",Amazon.com,used,6.0,"First Edition. Pages 410. In stock Usually ships within 3 to 4 days. From : ThriftBooks-Baltimore, United States",
9780679424796,INDIRA GANDHI: An Intimate Biography,"Jayakar, Pupul @ BookFinder.com",Amazon.com,used,17.0,"First Edition. Pages 410. In Stock. From : Better World Books: South, United States",
9780679424796,INDIRA GANDHI: An Intimate Biography,"Jayakar, Pupul @ BookFinder.com",Amazon.com,used,23.0,"First Edition. Pages 410. In Stock. From : sixthchamber, United States",
9780679424796,INDIRA GANDHI: An Intimate Biography,"Jayakar, Pupul @ BookFinder.com",Amazon.com,used,27.0,"First Edition. Pages 410. In Stock. Fulfillment by Amazon. From : Jenson Books Inc, United States",
9780679424796,INDIRA GANDHI: An Intimate Biography,"Jayakar, Pupul @ BookFinder.com",Amazon.com (Prime),used,28.0,"First Edition. Pages 410. In Stock. Fulfillment by Amazon. Amazon Prime. Not a Prime member? Try Amazon Prime 30-Day Free Trial which includes Prime Video, Prime Music and Prime Reading. From : Jenson Books Inc, United States",
9780679424796,INDIRA GANDHI: An Intimate Biography,"Jayakar, Pupul @ BookFinder.com",Amazon.com,used,29.0,"First Edition. Pages 410. In Stock. Fulfillment by Amazon. From : Favr Store, United States",
9780679424796,INDIRA GANDHI: An Intimate Biography,"Jayakar, Pupul @ BookFinder.com",Amazon.com (Prime),used,30.0,"First Edition. Pages 410. In Stock. Fulfillment by Amazon. Amazon Prime. Not a Prime member? Try Amazon Prime 30-Day Free Trial which includes Prime Video, Prime Music and Prime Reading. From : Favr Store, United States",
9780679424796,INDIRA GANDHI: An Intimate Biography,"Jayakar, Pupul @ BookFinder.com",Amazon.com,used,34.0,"First Edition. Pages 410. In Stock. Fulfillment by Amazon. From : TheKismetStore, United States",
9780679424796,INDIRA GANDHI: An Intimate Biography,"Jayakar, Pupul @ BookFinder.com",Amazon.com (Prime),used,35.0,"First Edition. Pages 410. In Stock. Fulfillment by Amazon. Amazon Prime. Not a Prime member? Try Amazon Prime 30-Day Free Trial which includes Prime Video, Prime Music and Prime Reading. From : TheKismetStore, United States",
9780679424796,INDIRA GANDHI: An Intimate Biography,"Jayakar, Pupul @ BookFinder.com",Amazon.com,used,36.0,"First Edition. Pages 410. In Stock. From : Fast Cat Books, United States",
9780679424796,INDIRA GANDHI: An Intimate Biography,"Jayakar, Pupul @ BookFinder.com",Amazon.com,used,1.0,"First Edition. Pages 410. Usually ships within 11 to 12 days. From : Hafa Adai Books LLC, United States",
9780679424796,INDIRA GANDHI: An Intimate Biography,"Jayakar, Pupul @ BookFinder.com",Amazon.com,used,3.0,"First Edition. Pages 410. In Stock. Fulfillment by Amazon. From : ChampReaders, Canada",
9780679424796,INDIRA GANDHI: An Intimate Biography,"Jayakar, Pupul @ BookFinder.com",Amazon.com,used,13.0,"First Edition. Pages 410. In Stock. From : Fast Cat Books, United States",
9780679424796,INDIRA GANDHI: An Intimate Biography,"Jayakar, Pupul @ BookFinder.com",Amazon.com,used,3.0,"First Edition. Pages 410. In Stock. From : MatSamStore, United States",
9780679424796,INDIRA GANDHI: An Intimate Biography,"Jayakar, Pupul @ BookFinder.com",Amazon.com,used,4.0,"First Edition. Pages 410. In Stock. From : Bay State Book Company, United States",
9780679424796,INDIRA GANDHI: An Intimate Biography,"Jayakar, Pupul @ BookFinder.com",Amazon.com,used,5.0,"First Edition. Pages 410. In stock Usually ships within 3 to 4 days. From : ThriftBooks-Phoenix, United States",
9780679424796,INDIRA GANDHI: An Intimate Biography,"Jayakar, Pupul @ BookFinder.com",Amazon.com,used,6.0,"First Edition. Pages 410. In stock Usually ships within 3 to 4 days. From : ThriftBooks-Baltimore, United States",
9780679424796,INDIRA GANDHI: An Intimate Biography,"Jayakar, Pupul @ BookFinder.com",Amazon.com,used,17.0,"First Edition. Pages 410. In Stock. From : Better World Books: South, United States",
9780679424796,INDIRA GANDHI: An Intimate Biography,"Jayakar, Pupul @ BookFinder.com",Amazon.com,used,23.0,"First Edition. Pages 410. In Stock. From : sixthchamber, United States",
9780679424796,INDIRA GANDHI: An Intimate Biography,"Jayakar, Pupul @ BookFinder.com",Amazon.com,used,27.0,"First Edition. Pages 410. In Stock. Fulfillment by Amazon. From : Jenson Books Inc, United States",
9780679424796,INDIRA GANDHI: An Intimate Biography,"Jayakar, Pupul @ BookFinder.com",Amazon.com (Prime),used,28.0,"First Edition. Pages 410. In Stock. Fulfillment by Amazon. Amazon Prime. Not a Prime member? Try Amazon Prime 30-Day Free Trial which includes Prime Video, Prime Music and Prime Reading. From : Jenson Books Inc, United States",
9780679424796,INDIRA GANDHI: An Intimate Biography,"Jayakar, Pupul @ BookFinder.com",Amazon.com,used,29.0,"First Edition. Pages 410. In Stock. Fulfillment by Amazon. From : Favr Store, United States",
9780679424796,INDIRA GANDHI: An Intimate Biography,"Jayakar, Pupul @ BookFinder.com",Amazon.com (Prime),used,30.0,"First Edition. Pages 410. In Stock. Fulfillment by Amazon. Amazon Prime. Not a Prime member? Try Amazon Prime 30-Day Free Trial which includes Prime Video, Prime Music and Prime Reading. From : Favr Store, United States",
9780679424796,INDIRA GANDHI: An Intimate Biography,"Jayakar, Pupul @ BookFinder.com",Amazon.com,used,34.0,"First Edition. Pages 410. In Stock. Fulfillment by Amazon. From : TheKismetStore, United States",
9780679424796,INDIRA GANDHI: An Intimate Biography,"Jayakar, Pupul @ BookFinder.com",Amazon.com (Prime),used,35.0,"First Edition. Pages 410. In Stock. Fulfillment by Amazon. Amazon Prime. Not a Prime member? Try Amazon Prime 30-Day Free Trial which includes Prime Video, Prime Music and Prime Reading. From : TheKismetStore, United States",
9780679424796,INDIRA GANDHI: An Intimate Biography,"Jayakar, Pupul @ BookFinder.com",Amazon.com,used,36.0,"First Edition. Pages 410. In Stock. From : Fast Cat Books, United States",
9780940322479,A Month in the Country (New York Review Books Classics),"where he is to restore a recently discovered medieval mural in the local church. Living in the bell tower, surrounded by the resplendent countryside of high summer, and laboring each day to uncover an anonymous painter's depiction of the apocalypse, Birkin finds that he himself has been restored to a new, and hopeful, attachment to life. But summer ends, and with the work done, Birkin must leave. Now, long after, as he reflects on the passage of time and the power of art, he finds in his memories some consolation for all that has been lost.",Amazon.com,used,1.0,"Presumed to be 1st as edition is unstated Format: Day to Day Calendar. Pages 135. In Stock. From : gdwil, United States",
9780940322479,A Month in the Country (New York Review Books Classics),"where he is to restore a recently discovered medieval mural in the local church. Living in the bell tower, surrounded by the resplendent countryside of high summer, and laboring each day to uncover an anonymous painter's depiction of the apocalypse, Birkin finds that he himself has been restored to a new, and hopeful, attachment to life. But summer ends, and with the work done, Birkin must leave. Now, long after, as he reflects on the passage of time and the power of art, he finds in his memories some consolation for all that has been lost.",Amazon.com,used,2.0,"Presumed to be 1st as edition is unstated Format: Day to Day Calendar. Pages 135. In stock Usually ships within 2 to 3 days. From : Goodwill Industries of Tulsa, United States",
9780940322479,A Month in the Country (New York Review Books Classics),"where he is to restore a recently discovered medieval mural in the local church. Living in the bell tower, surrounded by the resplendent countryside of high summer, and laboring each day to uncover an anonymous painter's depiction of the apocalypse, Birkin finds that he himself has been restored to a new, and hopeful, attachment to life. But summer ends, and with the work done, Birkin must leave. Now, long after, as he reflects on the passage of time and the power of art, he finds in his memories some consolation for all that has been lost.",Amazon.com,used,3.0,"Presumed to be 1st as edition is unstated Format: Day to Day Calendar. Pages 135. In Stock. From : Ilovebooks1000, United States",
9780940322479,A Month in the Country (New York Review Books Classics),"where he is to restore a recently discovered medieval mural in the local church. Living in the bell tower, surrounded by the resplendent countryside of high summer, and laboring each day to uncover an anonymous painter's depiction of the apocalypse, Birkin finds that he himself has been restored to a new, and hopeful, attachment to life. But summer ends, and with the work done, Birkin must leave. Now, long after, as he reflects on the passage of time and the power of art, he finds in his memories some consolation for all that has been lost.",Amazon.com,used,4.0,"Presumed to be 1st as edition is unstated Format: Day to Day Calendar. Pages 135. In Stock. From : Goodwill of Western and Northern CT, United States",
9780940322479,A Month in the Country (New York Review Books Classics),"where he is to restore a recently discovered medieval mural in the local church. Living in the bell tower, surrounded by the resplendent countryside of high summer, and laboring each day to uncover an anonymous painter's depiction of the apocalypse, Birkin finds that he himself has been restored to a new, and hopeful, attachment to life. But summer ends, and with the work done, Birkin must leave. Now, long after, as he reflects on the passage of time and the power of art, he finds in his memories some consolation for all that has been lost.",Amazon.com,used,5.0,"Presumed to be 1st as edition is unstated Format: Day to Day Calendar. Pages 135. In stock Usually ships within 2 to 3 days. From : Vogman, United States",
9780940322479,A Month in the Country (New York Review Books Classics),"where he is to restore a recently discovered medieval mural in the local church. Living in the bell tower, surrounded by the resplendent countryside of high summer, and laboring each day to uncover an anonymous painter's depiction of the apocalypse, Birkin finds that he himself has been restored to a new, and hopeful, attachment to life. But summer ends, and with the work done, Birkin must leave. Now, long after, as he reflects on the passage of time and the power of art, he finds in his memories some consolation for all that has been lost.",Amazon.com,used,11.0,"Presumed to be 1st as edition is unstated Format: Day to Day Calendar. Pages 135. In Stock. Fulfillment by Amazon. From : Book Shepherd Collections, United States",
9780940322479,A Month in the Country (New York Review Books Classics),"where he is to restore a recently discovered medieval mural in the local church. Living in the bell tower, surrounded by the resplendent countryside of high summer, and laboring each day to uncover an anonymous painter's depiction of the apocalypse, Birkin finds that he himself has been restored to a new, and hopeful, attachment to life. But summer ends, and with the work done, Birkin must leave. Now, long after, as he reflects on the passage of time and the power of art, he finds in his memories some consolation for all that has been lost.",Amazon.com (Prime),used,12.0,"Presumed to be 1st as edition is unstated Format: Day to Day Calendar. Pages 135. In Stock. Fulfillment by Amazon. Amazon Prime. Not a Prime member? Try Amazon Prime 30-Day Free Trial which includes Prime Video, Prime Music and Prime Reading. From : Book Shepherd Collections, United States",
9780940322479,A Month in the Country (New York Review Books Classics),"where he is to restore a recently discovered medieval mural in the local church. Living in the bell tower, surrounded by the resplendent countryside of high summer, and laboring each day to uncover an anonymous painter's depiction of the apocalypse, Birkin finds that he himself has been restored to a new, and hopeful, attachment to life. But summer ends, and with the work done, Birkin must leave. Now, long after, as he reflects on the passage of time and the power of art, he finds in his memories some consolation for all that has been lost.",Amazon.com,used,13.0,"Presumed to be 1st as edition is unstated Format: Day to Day Calendar. Pages 135. In Stock. Fulfillment by Amazon. From : Amazon.com, United States",
9780940322479,A Month in the Country (New York Review Books Classics),"where he is to restore a recently discovered medieval mural in the local church. Living in the bell tower, surrounded by the resplendent countryside of high summer, and laboring each day to uncover an anonymous painter's depiction of the apocalypse, Birkin finds that he himself has been restored to a new, and hopeful, attachment to life. But summer ends, and with the work done, Birkin must leave. Now, long after, as he reflects on the passage of time and the power of art, he finds in his memories some consolation for all that has been lost.",Amazon.com (Prime),used,14.0,"Presumed to be 1st as edition is unstated Format: Day to Day Calendar. Pages 135. In Stock. Fulfillment by Amazon. Amazon Prime. Not a Prime member? Try Amazon Prime 30-Day Free Trial which includes Prime Video, Prime Music and Prime Reading. From : Amazon.com (Prime), United States",
9780940322479,A Month in the Country (New York Review Books Classics),"where he is to restore a recently discovered medieval mural in the local church. Living in the bell tower, surrounded by the resplendent countryside of high summer, and laboring each day to uncover an anonymous painter's depiction of the apocalypse, Birkin finds that he himself has been restored to a new, and hopeful, attachment to life. But summer ends, and with the work done, Birkin must leave. Now, long after, as he reflects on the passage of time and the power of art, he finds in his memories some consolation for all that has been lost.",Amazon.com,used,15.0,"Presumed to be 1st as edition is unstated Format: Day to Day Calendar. Pages 135. In Stock. Fulfillment by Amazon. From : Abundant $avings, United States",
9780940322479,A Month in the Country (New York Review Books Classics),"where he is to restore a recently discovered medieval mural in the local church. Living in the bell tower, surrounded by the resplendent countryside of high summer, and laboring each day to uncover an anonymous painter's depiction of the apocalypse, Birkin finds that he himself has been restored to a new, and hopeful, attachment to life. But summer ends, and with the work done, Birkin must leave. Now, long after, as he reflects on the passage of time and the power of art, he finds in his memories some consolation for all that has been lost.",Amazon.com (Prime),used,16.0,"Presumed to be 1st as edition is unstated Format: Day to Day Calendar. Pages 135. In Stock. Fulfillment by Amazon. Amazon Prime. Not a Prime member? Try Amazon Prime 30-Day Free Trial which includes Prime Video, Prime Music and Prime Reading. From : Abundant $avings, United States",
9780940322479,A Month in the Country (New York Review Books Classics),"where he is to restore a recently discovered medieval mural in the local church. Living in the bell tower, surrounded by the resplendent countryside of high summer, and laboring each day to uncover an anonymous painter's depiction of the apocalypse, Birkin finds that he himself has been restored to a new, and hopeful, attachment to life. But summer ends, and with the work done, Birkin must leave. Now, long after, as he reflects on the passage of time and the power of art, he finds in his memories some consolation for all that has been lost.",Amazon.com,used,17.0,"Presumed to be 1st as edition is unstated Format: Day to Day Calendar. Pages 135. In Stock. From : pombiki1, United States",
9780940322479,A Month in the Country (New York Review Books Classics),"where he is to restore a recently discovered medieval mural in the local church. Living in the bell tower, surrounded by the resplendent countryside of high summer, and laboring each day to uncover an anonymous painter's depiction of the apocalypse, Birkin finds that he himself has been restored to a new, and hopeful, attachment to life. But summer ends, and with the work done, Birkin must leave. Now, long after, as he reflects on the passage of time and the power of art, he finds in his memories some consolation for all that has been lost.",Amazon.com,used,18.0,"Presumed to be 1st as edition is unstated Format: Day to Day Calendar. Pages 135. In Stock. Fulfillment by Amazon. From : Salty Pets Co, United States",
9780940322479,A Month in the Country (New York Review Books Classics),"where he is to restore a recently discovered medieval mural in the local church. Living in the bell tower, surrounded by the resplendent countryside of high summer, and laboring each day to uncover an anonymous painter's depiction of the apocalypse, Birkin finds that he himself has been restored to a new, and hopeful, attachment to life. But summer ends, and with the work done, Birkin must leave. Now, long after, as he reflects on the passage of time and the power of art, he finds in his memories some consolation for all that has been lost.",Amazon.com (Prime),used,19.0,"Presumed to be 1st as edition is unstated Format: Day to Day Calendar. Pages 135. In Stock. Fulfillment by Amazon. Amazon Prime. Not a Prime member? Try Amazon Prime 30-Day Free Trial which includes Prime Video, Prime Music and Prime Reading. From : Salty Pets Co, United States",
9780940322479,A Month in the Country (New York Review Books Classics),"where he is to restore a recently discovered medieval mural in the local church. Living in the bell tower, surrounded by the resplendent countryside of high summer, and laboring each day to uncover an anonymous painter's depiction of the apocalypse, Birkin finds that he himself has been restored to a new, and hopeful, attachment to life. But summer ends, and with the work done, Birkin must leave. Now, long after, as he reflects on the passage of time and the power of art, he finds in his memories some consolation for all that has been lost.",Amazon.com,used,20.0,"Presumed to be 1st as edition is unstated Format: Day to Day Calendar. Pages 135. In Stock. From : HPB-Emerald, United States",
9780940322479,A Month in the Country (New York Review Books Classics),"where he is to restore a recently discovered medieval mural in the local church. Living in the bell tower, surrounded by the resplendent countryside of high summer, and laboring each day to uncover an anonymous painter's depiction of the apocalypse, Birkin finds that he himself has been restored to a new, and hopeful, attachment to life. But summer ends, and with the work done, Birkin must leave. Now, long after, as he reflects on the passage of time and the power of art, he finds in his memories some consolation for all that has been lost.",Amazon.com,used,21.0,"Presumed to be 1st as edition is unstated Format: Day to Day Calendar. Pages 135. In Stock. From : Half Price Books Inc, United States",
9780940322479,A Month in the Country (New York Review Books Classics),"where he is to restore a recently discovered medieval mural in the local church. Living in the bell tower, surrounded by the resplendent countryside of high summer, and laboring each day to uncover an anonymous painter's depiction of the apocalypse, Birkin finds that he himself has been restored to a new, and hopeful, attachment to life. But summer ends, and with the work done, Birkin must leave. Now, long after, as he reflects on the passage of time and the power of art, he finds in his memories some consolation for all that has been lost.",Amazon.com,used,22.0,"Presumed to be 1st as edition is unstated Format: Day to Day Calendar. Pages 135. In Stock. From : HPB-Emerald, United States",
9780940322479,A Month in the Country (New York Review Books Classics),"where he is to restore a recently discovered medieval mural in the local church. Living in the bell tower, surrounded by the resplendent countryside of high summer, and laboring each day to uncover an anonymous painter's depiction of the apocalypse, Birkin finds that he himself has been restored to a new, and hopeful, attachment to life. But summer ends, and with the work done, Birkin must leave. Now, long after, as he reflects on the passage of time and the power of art, he finds in his memories some consolation for all that has been lost.",Amazon.com,used,1.0,"Presumed to be 1st as edition is unstated Format: Day to Day Calendar. Pages 135. In Stock. Fulfillment by Amazon. From : Book Shepherd Collections, United States",
9780940322479,A Month in the Country (New York Review Books Classics),"where he is to restore a recently discovered medieval mural in the local church. Living in the bell tower, surrounded by the resplendent countryside of high summer, and laboring each day to uncover an anonymous painter's depiction of the apocalypse, Birkin finds that he himself has been restored to a new, and hopeful, attachment to life. But summer ends, and with the work done, Birkin must leave. Now, long after, as he reflects on the passage of time and the power of art, he finds in his memories some consolation for all that has been lost.",Amazon.com (Prime),used,2.0,"Presumed to be 1st as edition is unstated Format: Day to Day Calendar. Pages 135. In Stock. Fulfillment by Amazon. Amazon Prime. Not a Prime member? Try Amazon Prime 30-Day Free Trial which includes Prime Video, Prime Music and Prime Reading. From : Book Shepherd Collections, United States",
9780940322479,A Month in the Country (New York Review Books Classics),"where he is to restore a recently discovered medieval mural in the local church. Living in the bell tower, surrounded by the resplendent countryside of high summer, and laboring each day to uncover an anonymous painter's depiction of the apocalypse, Birkin finds that he himself has been restored to a new, and hopeful, attachment to life. But summer ends, and with the work done, Birkin must leave. Now, long after, as he reflects on the passage of time and the power of art, he finds in his memories some consolation for all that has been lost.",Amazon.com,used,3.0,"Presumed to be 1st as edition is unstated Format: Day to Day Calendar. Pages 135. In Stock. Fulfillment by Amazon. From : Amazon.com, United States",
9780940322479,A Month in the Country (New York Review Books Classics),"where he is to restore a recently discovered medieval mural in the local church. Living in the bell tower, surrounded by the resplendent countryside of high summer, and laboring each day to uncover an anonymous painter's depiction of the apocalypse, Birkin finds that he himself has been restored to a new, and hopeful, attachment to life. But summer ends, and with the work done, Birkin must leave. Now, long after, as he reflects on the passage of time and the power of art, he finds in his memories some consolation for all that has been lost.",Amazon.com (Prime),used,4.0,"Presumed to be 1st as edition is unstated Format: Day to Day Calendar. Pages 135. In Stock. Fulfillment by Amazon. Amazon Prime. Not a Prime member? Try Amazon Prime 30-Day Free Trial which includes Prime Video, Prime Music and Prime Reading. From : Amazon.com (Prime), United States",
9780940322479,A Month in the Country (New York Review Books Classics),"where he is to restore a recently discovered medieval mural in the local church. Living in the bell tower, surrounded by the resplendent countryside of high summer, and laboring each day to uncover an anonymous painter's depiction of the apocalypse, Birkin finds that he himself has been restored to a new, and hopeful, attachment to life. But summer ends, and with the work done, Birkin must leave. Now, long after, as he reflects on the passage of time and the power of art, he finds in his memories some consolation for all that has been lost.",Amazon.com,used,5.0,"Presumed to be 1st as edition is unstated Format: Day to Day Calendar. Pages 135. In Stock. Fulfillment by Amazon. From : Salty Pets Co, United States",
9780940322479,A Month in the Country (New York Review Books Classics),"where he is to restore a recently discovered medieval mural in the local church. Living in the bell tower, surrounded by the resplendent countryside of high summer, and laboring each day to uncover an anonymous painter's depiction of the apocalypse, Birkin finds that he himself has been restored to a new, and hopeful, attachment to life. But summer ends, and with the work done, Birkin must leave. Now, long after, as he reflects on the passage of time and the power of art, he finds in his memories some consolation for all that has been lost.",Amazon.com (Prime),used,6.0,"Presumed to be 1st as edition is unstated Format: Day to Day Calendar. Pages 135. In Stock. Fulfillment by Amazon. Amazon Prime. Not a Prime member? Try Amazon Prime 30-Day Free Trial which includes Prime Video, Prime Music and Prime Reading. From : Salty Pets Co, United States",
9780940322479,A Month in the Country (New York Review Books Classics),"where he is to restore a recently discovered medieval mural in the local church. Living in the bell tower, surrounded by the resplendent countryside of high summer, and laboring each day to uncover an anonymous painter's depiction of the apocalypse, Birkin finds that he himself has been restored to a new, and hopeful, attachment to life. But summer ends, and with the work done, Birkin must leave. Now, long after, as he reflects on the passage of time and the power of art, he finds in his memories some consolation for all that has been lost.",Amazon.com,used,28.0,"Presumed to be 1st as edition is unstated Format: Day to Day Calendar. Pages 135. In stock Usually ships within 4 to 5 days. From : allnewbooks, United States",
9780940322479,A Month in the Country (New York Review Books Classics),"where he is to restore a recently discovered medieval mural in the local church. Living in the bell tower, surrounded by the resplendent countryside of high summer, and laboring each day to uncover an anonymous painter's depiction of the apocalypse, Birkin finds that he himself has been restored to a new, and hopeful, attachment to life. But summer ends, and with the work done, Birkin must leave. Now, long after, as he reflects on the passage of time and the power of art, he finds in his memories some consolation for all that has been lost.",Amazon.com,used,29.0,"Presumed to be 1st as edition is unstated Format: Day to Day Calendar. Pages 135. Usually ships within 12 to 13 days. From : SuperBookDeals---, United States",
9780940322479,A Month in the Country (New York Review Books Classics),"where he is to restore a recently discovered medieval mural in the local church. Living in the bell tower, surrounded by the resplendent countryside of high summer, and laboring each day to uncover an anonymous painter's depiction of the apocalypse, Birkin finds that he himself has been restored to a new, and hopeful, attachment to life. But summer ends, and with the work done, Birkin must leave. Now, long after, as he reflects on the passage of time and the power of art, he finds in his memories some consolation for all that has been lost.",Amazon.com,used,30.0,"Presumed to be 1st as edition is unstated Format: Day to Day Calendar. Pages 135. In stock Usually ships within 2 to 3 days. From : Ambis Enterprises, United States",
9780940322479,A Month in the Country (New York Review Books Classics),"where he is to restore a recently discovered medieval mural in the local church. Living in the bell tower, surrounded by the resplendent countryside of high summer, and laboring each day to uncover an anonymous painter's depiction of the apocalypse, Birkin finds that he himself has been restored to a new, and hopeful, attachment to life. But summer ends, and with the work done, Birkin must leave. Now, long after, as he reflects on the passage of time and the power of art, he finds in his memories some consolation for all that has been lost.",Amazon.com,used,34.0,"Presumed to be 1st as edition is unstated Format: Day to Day Calendar. Pages 135. In Stock. Fulfillment by Amazon. From : FIFTYFOUR54, United States",
9780940322479,A Month in the Country (New York Review Books Classics),"where he is to restore a recently discovered medieval mural in the local church. Living in the bell tower, surrounded by the resplendent countryside of high summer, and laboring each day to uncover an anonymous painter's depiction of the apocalypse, Birkin finds that he himself has been restored to a new, and hopeful, attachment to life. But summer ends, and with the work done, Birkin must leave. Now, long after, as he reflects on the passage of time and the power of art, he finds in his memories some consolation for all that has been lost.",Amazon.com (Prime),used,35.0,"Presumed to be 1st as edition is unstated Format: Day to Day Calendar. Pages 135. In Stock. Fulfillment by Amazon. Amazon Prime. Not a Prime member? Try Amazon Prime 30-Day Free Trial which includes Prime Video, Prime Music and Prime Reading. From : FIFTYFOUR54, United States",
9780940322479,A Month in the Country (New York Review Books Classics),"where he is to restore a recently discovered medieval mural in the local church. Living in the bell tower, surrounded by the resplendent countryside of high summer, and laboring each day to uncover an anonymous painter's depiction of the apocalypse, Birkin finds that he himself has been restored to a new, and hopeful, attachment to life. But summer ends, and with the work done, Birkin must leave. Now, long after, as he reflects on the passage of time and the power of art, he finds in his memories some consolation for all that has been lost.",Amazon.com,used,37.0,"Presumed to be 1st as edition is unstated Format: Day to Day Calendar. Pages 135. In stock Usually ships within 4 to 5 days. From : BuyWorldwide, Australia",
9780940322479,A Month in the Country (New York Review Books Classics),"where he is to restore a recently discovered medieval mural in the local church. Living in the bell tower, surrounded by the resplendent countryside of high summer, and laboring each day to uncover an anonymous painter's depiction of the apocalypse, Birkin finds that he himself has been restored to a new, and hopeful, attachment to life. But summer ends, and with the work done, Birkin must leave. Now, long after, as he reflects on the passage of time and the power of art, he finds in his memories some consolation for all that has been lost.",Amazon.com,used,38.0,"Presumed to be 1st as edition is unstated Format: Day to Day Calendar. Pages 135. Usually ships within 7 to 8 days. From : booksXpress, United States",
9780940322479,A Month in the Country (New York Review Books Classics),"where he is to restore a recently discovered medieval mural in the local church. Living in the bell tower, surrounded by the resplendent countryside of high summer, and laboring each day to uncover an anonymous painter's depiction of the apocalypse, Birkin finds that he himself has been restored to a new, and hopeful, attachment to life. But summer ends, and with the work done, Birkin must leave. Now, long after, as he reflects on the passage of time and the power of art, he finds in his memories some consolation for all that has been lost.",Amazon.com,used,39.0,"Presumed to be 1st as edition is unstated Format: Day to Day Calendar. Pages 135. Usually ships within 2 to 3 weeks. From : Windy Books, United States",
9780940322479,A Month in the Country (New York Review Books Classics),"where he is to restore a recently discovered medieval mural in the local church. Living in the bell tower, surrounded by the resplendent countryside of high summer, and laboring each day to uncover an anonymous painter's depiction of the apocalypse, Birkin finds that he himself has been restored to a new, and hopeful, attachment to life. But summer ends, and with the work done, Birkin must leave. Now, long after, as he reflects on the passage of time and the power of art, he finds in his memories some consolation for all that has been lost.",Amazon.com,used,1.0,"Presumed to be 1st as edition is unstated Format: Day to Day Calendar. Pages 135. In Stock. From : gdwil, United States",
9780940322479,A Month in the Country (New York Review Books Classics),"where he is to restore a recently discovered medieval mural in the local church. Living in the bell tower, surrounded by the resplendent countryside of high summer, and laboring each day to uncover an anonymous painter's depiction of the apocalypse, Birkin finds that he himself has been restored to a new, and hopeful, attachment to life. But summer ends, and with the work done, Birkin must leave. Now, long after, as he reflects on the passage of time and the power of art, he finds in his memories some consolation for all that has been lost.",Amazon.com,used,2.0,"Presumed to be 1st as edition is unstated Format: Day to Day Calendar. Pages 135. In stock Usually ships within 2 to 3 days. From : Goodwill Industries of Tulsa, United States",
9780940322479,A Month in the Country (New York Review Books Classics),"where he is to restore a recently discovered medieval mural in the local church. Living in the bell tower, surrounded by the resplendent countryside of high summer, and laboring each day to uncover an anonymous painter's depiction of the apocalypse, Birkin finds that he himself has been restored to a new, and hopeful, attachment to life. But summer ends, and with the work done, Birkin must leave. Now, long after, as he reflects on the passage of time and the power of art, he finds in his memories some consolation for all that has been lost.",Amazon.com,used,3.0,"Presumed to be 1st as edition is unstated Format: Day to Day Calendar. Pages 135. In Stock. From : Ilovebooks1000, United States",
9780940322479,A Month in the Country (New York Review Books Classics),"where he is to restore a recently discovered medieval mural in the local church. Living in the bell tower, surrounded by the resplendent countryside of high summer, and laboring each day to uncover an anonymous painter's depiction of the apocalypse, Birkin finds that he himself has been restored to a new, and hopeful, attachment to life. But summer ends, and with the work done, Birkin must leave. Now, long after, as he reflects on the passage of time and the power of art, he finds in his memories some consolation for all that has been lost.",Amazon.com,used,4.0,"Presumed to be 1st as edition is unstated Format: Day to Day Calendar. Pages 135. In Stock. From : Goodwill of Western and Northern CT, United States",
9780940322479,A Month in the Country (New York Review Books Classics),"where he is to restore a recently discovered medieval mural in the local church. Living in the bell tower, surrounded by the resplendent countryside of high summer, and laboring each day to uncover an anonymous painter's depiction of the apocalypse, Birkin finds that he himself has been restored to a new, and hopeful, attachment to life. But summer ends, and with the work done, Birkin must leave. Now, long after, as he reflects on the passage of time and the power of art, he finds in his memories some consolation for all that has been lost.",Amazon.com,used,5.0,"Presumed to be 1st as edition is unstated Format: Day to Day Calendar. Pages 135. In stock Usually ships within 2 to 3 days. From : Vogman, United States",
9780940322479,A Month in the Country (New York Review Books Classics),"where he is to restore a recently discovered medieval mural in the local church. Living in the bell tower, surrounded by the resplendent countryside of high summer, and laboring each day to uncover an anonymous painter's depiction of the apocalypse, Birkin finds that he himself has been restored to a new, and hopeful, attachment to life. But summer ends, and with the work done, Birkin must leave. Now, long after, as he reflects on the passage of time and the power of art, he finds in his memories some consolation for all that has been lost.",Amazon.com,used,11.0,"Presumed to be 1st as edition is unstated Format: Day to Day Calendar. Pages 135. In Stock. Fulfillment by Amazon. From : Abundant $avings, United States",
9780940322479,A Month in the Country (New York Review Books Classics),"where he is to restore a recently discovered medieval mural in the local church. Living in the bell tower, surrounded by the resplendent countryside of high summer, and laboring each day to uncover an anonymous painter's depiction of the apocalypse, Birkin finds that he himself has been restored to a new, and hopeful, attachment to life. But summer ends, and with the work done, Birkin must leave. Now, long after, as he reflects on the passage of time and the power of art, he finds in his memories some consolation for all that has been lost.",Amazon.com (Prime),used,12.0,"Presumed to be 1st as edition is unstated Format: Day to Day Calendar. Pages 135. In Stock. Fulfillment by Amazon. Amazon Prime. Not a Prime member? Try Amazon Prime 30-Day Free Trial which includes Prime Video, Prime Music and Prime Reading. From : Abundant $avings, United States",
9780940322479,A Month in the Country (New York Review Books Classics),"where he is to restore a recently discovered medieval mural in the local church. Living in the bell tower, surrounded by the resplendent countryside of high summer, and laboring each day to uncover an anonymous painter's depiction of the apocalypse, Birkin finds that he himself has been restored to a new, and hopeful, attachment to life. But summer ends, and with the work done, Birkin must leave. Now, long after, as he reflects on the passage of time and the power of art, he finds in his memories some consolation for all that has been lost.",Amazon.com,used,13.0,"Presumed to be 1st as edition is unstated Format: Day to Day Calendar. Pages 135. In Stock. From : pombiki1, United States",
9780940322479,A Month in the Country (New York Review Books Classics),"where he is to restore a recently discovered medieval mural in the local church. Living in the bell tower, surrounded by the resplendent countryside of high summer, and laboring each day to uncover an anonymous painter's depiction of the apocalypse, Birkin finds that he himself has been restored to a new, and hopeful, attachment to life. But summer ends, and with the work done, Birkin must leave. Now, long after, as he reflects on the passage of time and the power of art, he finds in his memories some consolation for all that has been lost.",Amazon.com,used,14.0,"Presumed to be 1st as edition is unstated Format: Day to Day Calendar. Pages 135. In Stock. From : HPB-Emerald, United States",
9780940322479,A Month in the Country (New York Review Books Classics),"where he is to restore a recently discovered medieval mural in the local church. Living in the bell tower, surrounded by the resplendent countryside of high summer, and laboring each day to uncover an anonymous painter's depiction of the apocalypse, Birkin finds that he himself has been restored to a new, and hopeful, attachment to life. But summer ends, and with the work done, Birkin must leave. Now, long after, as he reflects on the passage of time and the power of art, he finds in his memories some consolation for all that has been lost.",Amazon.com,used,15.0,"Presumed to be 1st as edition is unstated Format: Day to Day Calendar. Pages 135. In Stock. From : Half Price Books Inc, United States",
9780940322479,A Month in the Country (New York Review Books Classics),"where he is to restore a recently discovered medieval mural in the local church. Living in the bell tower, surrounded by the resplendent countryside of high summer, and laboring each day to uncover an anonymous painter's depiction of the apocalypse, Birkin finds that he himself has been restored to a new, and hopeful, attachment to life. But summer ends, and with the work done, Birkin must leave. Now, long after, as he reflects on the passage of time and the power of art, he finds in his memories some consolation for all that has been lost.",Amazon.com,used,16.0,"Presumed to be 1st as edition is unstated Format: Day to Day Calendar. Pages 135. In Stock. From : HPB-Emerald, United States",
9789872060961,El Largo Camino a Casa / the Long Road Home (Spanish Edition),Danielle Steel @ BookFinder.com,Amazon.com,used,2.0,"9872060967. Pages 0. In Stock. From : SoferBooks, Argentina",
9789872060961,El Largo Camino a Casa / the Long Road Home (Spanish Edition),Danielle Steel @ BookFinder.com,Amazon.com,used,6.0,"9872060967. Pages 0. In stock Usually ships within 2 to 3 days. From : Unique & Rare Books, Argentina",
9789872060961,El Largo Camino a Casa / the Long Road Home (Spanish Edition),Danielle Steel @ BookFinder.com,Amazon.com,used,11.0,"9872060967. Pages 0. In Stock. From : Atmosphere Bks, Spain",
9789872060961,El Largo Camino a Casa / the Long Road Home (Spanish Edition),Danielle Steel @ BookFinder.com,Amazon.com,used,1.0,"9872060967. Pages 0. In stock Usually ships within 2 to 3 days. From : Unique & Rare Books, Argentina",
9789872060961,El Largo Camino a Casa / the Long Road Home (Spanish Edition),Danielle Steel @ BookFinder.com,Amazon.com,used,2.0,"9872060967. Pages 0. In Stock. From : SoferBooks, Argentina",
9789872060961,El Largo Camino a Casa / the Long Road Home (Spanish Edition),Danielle Steel @ BookFinder.com,Amazon.com,used,7.0,"9872060967. Pages 0. In Stock. From : Atmosphere Bks, Spain",
9780330104593,Senor Saint,Leslie Charteris @ BookFinder.com,Amazon.com,used,6.0,"First Edition. Pages 0. In Stock. From : WeBuyBooks-UK, United Kingdom",
9780330104593,Senor Saint,Leslie Charteris @ BookFinder.com,Amazon.com,used,8.0,"New Impression Format: Import. Pages 192. In Stock. From : bkseller, United States",
9780330104593,Senor Saint,Leslie Charteris @ BookFinder.com,Amazon.com,used,9.0,"First Edition. Pages 0. In stock Usually ships within 2 to 3 days. From : worldofbooksusa, United Kingdom",
9780330104593,Senor Saint,Leslie Charteris @ BookFinder.com,Amazon.com,used,10.0,"First Edition. Pages 0. In stock Usually ships within 2 to 3 days. From : worldofbooksusa, United Kingdom",
9780330104593,Senor Saint,Leslie Charteris @ BookFinder.com,Amazon.com,used,11.0,"First Edition. Pages 0. In stock Usually ships within 2 to 3 days. From : worldofbooksusa, United Kingdom",
9780330104593,Senor Saint,Leslie Charteris @ BookFinder.com,Amazon.com,used,12.0,"New Impression Format: Import. Pages 192. In Stock. From : Better World Books: South, United States",
9780330104593,Senor Saint,Leslie Charteris @ BookFinder.com,Amazon.com,used,13.0,"First Edition. Pages 0. In Stock. From : Wildbooks, United States",
9780330104593,Senor Saint,Leslie Charteris @ BookFinder.com,Amazon.com,used,16.0,"First Edition. Pages 0. In Stock. From : the_book_community, United States",
9780330104593,Senor Saint,Leslie Charteris @ BookFinder.com,Amazon.com,used,18.0,"First Edition. Pages 0. In Stock. From : Watermill Books, United Kingdom",
9780330104593,Senor Saint,Leslie Charteris @ BookFinder.com,Amazon.com,used,23.0,"New Impression Format: Import. Pages 192. In stock Usually ships within 4 to 5 days. From : papercavalier 💂, United Kingdom",
9780330104593,Senor Saint,Leslie Charteris @ BookFinder.com,Amazon.com,used,33.0,"First Edition. Pages 0. In stock Usually ships within 3 to 4 days. From : Walletkite, France",
9780330104593,Senor Saint,Leslie Charteris @ BookFinder.com,Amazon.com,used,6.0,"First Edition. Pages 0. In Stock. From : WeBuyBooks-UK, United Kingdom",
9780330104593,Senor Saint,Leslie Charteris @ BookFinder.com,Amazon.com,used,8.0,"New Impression Format: Import. Pages 192. In Stock. From : bkseller, United States",
9780330104593,Senor Saint,Leslie Charteris @ BookFinder.com,Amazon.com,used,9.0,"First Edition. Pages 0. In stock Usually ships within 2 to 3 days. From : worldofbooksusa, United Kingdom",
9780330104593,Senor Saint,Leslie Charteris @ BookFinder.com,Amazon.com,used,10.0,"First Edition. Pages 0. In stock Usually ships within 2 to 3 days. From : worldofbooksusa, United Kingdom",
9780330104593,Senor Saint,Leslie Charteris @ BookFinder.com,Amazon.com,used,11.0,"First Edition. Pages 0. In stock Usually ships within 2 to 3 days. From : worldofbooksusa, United Kingdom",
9780330104593,Senor Saint,Leslie Charteris @ BookFinder.com,Amazon.com,used,12.0,"New Impression Format: Import. Pages 192. In Stock. From : Better World Books: South, United States",
9780330104593,Senor Saint,Leslie Charteris @ BookFinder.com,Amazon.com,used,13.0,"First Edition. Pages 0. In Stock. From : Wildbooks, United States",
9780330104593,Senor Saint,Leslie Charteris @ BookFinder.com,Amazon.com,used,16.0,"First Edition. Pages 0. In Stock. From : the_book_community, United States",
9780330104593,Senor Saint,Leslie Charteris @ BookFinder.com,Amazon.com,used,18.0,"First Edition. Pages 0. In Stock. From : Watermill Books, United Kingdom",
9780330104593,Senor Saint,Leslie Charteris @ BookFinder.com,Amazon.com,used,23.0,"New Impression Format: Import. Pages 192. In stock Usually ships within 4 to 5 days. From : papercavalier 💂, United Kingdom",
9780330104593,Senor Saint,Leslie Charteris @ BookFinder.com,Amazon.com,used,33.0,"First Edition. Pages 0. In stock Usually ships within 3 to 4 days. From : Walletkite, France",
9780007635757,Galileo's Daughter,"Sobel, Dava @ BookFinder.com",Amazon.com,used,1.0,"Trade Paperback Edition. Pages 420. In Stock. From : World of Books (previously glenthebookseller), United States",
9780007635757,Galileo's Daughter,"Sobel, Dava @ BookFinder.com",Amazon.com,used,2.0,"Trade Paperback Edition. Pages 420. In Stock. From : Reuseaworld, United Kingdom",
9780007635757,Galileo's Daughter,"Sobel, Dava @ BookFinder.com",Amazon.com,used,24.0,"Trade Paperback Edition. Pages 420. In stock Usually ships within 3 to 4 days. From : ThriftBooks-Chicago, United States",
9780007635757,Galileo's Daughter,"Sobel, Dava @ BookFinder.com",Amazon.com,used,25.0,"Trade Paperback Edition. Pages 420. In stock Usually ships within 3 to 4 days. From : ThriftBooks-Seattle, United States",
9780007635757,Galileo's Daughter,"Sobel, Dava @ BookFinder.com",Amazon.com,used,26.0,"Trade Paperback Edition. Pages 420. In stock Usually ships within 3 to 4 days. From : ThriftBooks-Phoenix, United States",
9780007635757,Galileo's Daughter,"Sobel, Dava @ BookFinder.com",Amazon.com,used,27.0,"Trade Paperback Edition. Pages 420. In stock Usually ships within 3 to 4 days. From : ThriftBooks-Baltimore, United States",
9780007635757,Galileo's Daughter,"Sobel, Dava @ BookFinder.com",Amazon.com,used,28.0,"Trade Paperback Edition. Pages 420. In stock Usually ships within 3 to 4 days. From : ThriftBooks-Dallas, United States",
9780007635757,Galileo's Daughter,"Sobel, Dava @ BookFinder.com",Amazon.com,used,41.0,"Trade Paperback Edition. Pages 420. In Stock. From : HPB Inc., United States",
9780007635757,Galileo's Daughter,"Sobel, Dava @ BookFinder.com",Amazon.com,used,42.0,"Trade Paperback Edition. Pages 420. In stock Usually ships within 2 to 3 days. From : Bahamut Media, United States",
9780007635757,Galileo's Daughter,"Sobel, Dava @ BookFinder.com",Amazon.com,used,43.0,"Trade Paperback Edition. Pages 420. In stock Usually ships within 2 to 3 days. From : awesomebooksusa, United States",
9780007635757,Galileo's Daughter,"Sobel, Dava @ BookFinder.com",Amazon.com,used,1.0,"Trade Paperback Edition. Pages 420. In Stock. Fulfillment by Amazon. From : Solmaz Trade, United States",
9780007635757,Galileo's Daughter,"Sobel, Dava @ BookFinder.com",Amazon.com (Prime),used,2.0,"Trade Paperback Edition. Pages 420. In Stock. Fulfillment by Amazon. Amazon Prime. Not a Prime member? Try Amazon Prime 30-Day Free Trial which includes Prime Video, Prime Music and Prime Reading. From : Solmaz Trade, United States",
9780007635757,Galileo's Daughter,"Sobel, Dava @ BookFinder.com",Amazon.com,used,3.0,"Trade Paperback Edition. Pages 420. In Stock. From : BookCapitol, United States",
9780007635757,Galileo's Daughter,"Sobel, Dava @ BookFinder.com",Amazon.com,used,5.0,"Trade Paperback Edition. Pages 420. In Stock. From : happylifeofmelissamalou, United States",
9780007635757,Galileo's Daughter,"Sobel, Dava @ BookFinder.com",Amazon.com,used,1.0,"Trade Paperback Edition. Pages 420. In Stock. From : World of Books (previously glenthebookseller), United States",
9780007635757,Galileo's Daughter,"Sobel, Dava @ BookFinder.com",Amazon.com,used,2.0,"Trade Paperback Edition. Pages 420. In Stock. From : Reuseaworld, United Kingdom",
9780007635757,Galileo's Daughter,"Sobel, Dava @ BookFinder.com",Amazon.com,used,24.0,"Trade Paperback Edition. Pages 420. In stock Usually ships within 3 to 4 days. From : ThriftBooks-Chicago, United States",
9780007635757,Galileo's Daughter,"Sobel, Dava @ BookFinder.com",Amazon.com,used,25.0,"Trade Paperback Edition. Pages 420. In stock Usually ships within 3 to 4 days. From : ThriftBooks-Seattle, United States",
9780007635757,Galileo's Daughter,"Sobel, Dava @ BookFinder.com",Amazon.com,used,26.0,"Trade Paperback Edition. Pages 420. In stock Usually ships within 3 to 4 days. From : ThriftBooks-Phoenix, United States",
9780007635757,Galileo's Daughter,"Sobel, Dava @ BookFinder.com",Amazon.com,used,27.0,"Trade Paperback Edition. Pages 420. In stock Usually ships within 3 to 4 days. From : ThriftBooks-Baltimore, United States",
9780007635757,Galileo's Daughter,"Sobel, Dava @ BookFinder.com",Amazon.com,used,28.0,"Trade Paperback Edition. Pages 420. In stock Usually ships within 3 to 4 days. From : ThriftBooks-Dallas, United States",
9780007635757,Galileo's Daughter,"Sobel, Dava @ BookFinder.com",Amazon.com,used,41.0,"Trade Paperback Edition. Pages 420. In Stock. From : HPB Inc., United States",
9780007635757,Galileo's Daughter,"Sobel, Dava @ BookFinder.com",Amazon.com,used,42.0,"Trade Paperback Edition. Pages 420. In stock Usually ships within 2 to 3 days. From : Bahamut Media, United States",
9780007635757,Galileo's Daughter,"Sobel, Dava @ BookFinder.com",Amazon.com,used,43.0,"Trade Paperback Edition. Pages 420. In stock Usually ships within 2 to 3 days. From : awesomebooksusa, United States",
9781860648304,"Taliban : Islam, Oil and the New Great Game in Central Asia",Ahmed Rashid @ BookFinder.com,Amazon.com,used,12.0,"New edition. Pages 288. In stock Usually ships within 2 to 3 days. From : Bahamut Media, United States",
9781860648304,"Taliban : Islam, Oil and the New Great Game in Central Asia",Ahmed Rashid @ BookFinder.com,Amazon.com,used,13.0,"New edition. Pages 288. In stock Usually ships within 2 to 3 days. From : awesomebooksusa, United States",
9781860648304,"Taliban : Islam, Oil and the New Great Game in Central Asia",Ahmed Rashid @ BookFinder.com,Amazon.com,used,14.0,"New edition. Pages 288. In Stock. From : BetterWorldBooksUK, United Kingdom",
9781860648304,"Taliban : Islam, Oil and the New Great Game in Central Asia",Ahmed Rashid @ BookFinder.com,Amazon.com,used,15.0,"New edition. Pages 288. In Stock. From : BetterWorldBooksUK, United Kingdom",
9781860648304,"Taliban : Islam, Oil and the New Great Game in Central Asia",Ahmed Rashid @ BookFinder.com,Amazon.com,used,16.0,"New edition. Pages 288. In Stock. From : anybookCom, United Kingdom",
9781860648304,"Taliban : Islam, Oil and the New Great Game in Central Asia",Ahmed Rashid @ BookFinder.com,Amazon.com,used,17.0,"New edition. Pages 288. In Stock. From : anybookCom, United Kingdom",
9781860648304,"Taliban : Islam, Oil and the New Great Game in Central Asia",Ahmed Rashid @ BookFinder.com,Amazon.com,used,24.0,"New edition. Pages 288. In Stock. From : worldofbooksusa, United Kingdom",
9781860648304,"Taliban : Islam, Oil and the New Great Game in Central Asia",Ahmed Rashid @ BookFinder.com,Amazon.com,used,26.0,"New edition. Pages 288. In Stock. From : GF Books, Inc., United States",
9781860648304,"Taliban : Islam, Oil and the New Great Game in Central Asia",Ahmed Rashid @ BookFinder.com,Amazon.com,used,48.0,"New edition. Pages 288. In stock Usually ships within 4 to 5 days. From : Chocobooks., France",
9781860648304,"Taliban : Islam, Oil and the New Great Game in Central Asia",Ahmed Rashid @ BookFinder.com,Amazon.com,used,12.0,"New edition. Pages 288. In stock Usually ships within 2 to 3 days. From : Bahamut Media, United States",
9781860648304,"Taliban : Islam, Oil and the New Great Game in Central Asia",Ahmed Rashid @ BookFinder.com,Amazon.com,used,13.0,"New edition. Pages 288. In stock Usually ships within 2 to 3 days. From : awesomebooksusa, United States",
9781860648304,"Taliban : Islam, Oil and the New Great Game in Central Asia",Ahmed Rashid @ BookFinder.com,Amazon.com,used,14.0,"New edition. Pages 288. In Stock. From : BetterWorldBooksUK, United Kingdom",
9781860648304,"Taliban : Islam, Oil and the New Great Game in Central Asia",Ahmed Rashid @ BookFinder.com,Amazon.com,used,15.0,"New edition. Pages 288. In Stock. From : BetterWorldBooksUK, United Kingdom",
9781860648304,"Taliban : Islam, Oil and the New Great Game in Central Asia",Ahmed Rashid @ BookFinder.com,Amazon.com,used,16.0,"New edition. Pages 288. In Stock. From : anybookCom, United Kingdom",
9781860648304,"Taliban : Islam, Oil and the New Great Game in Central Asia",Ahmed Rashid @ BookFinder.com,Amazon.com,used,17.0,"New edition. Pages 288. In Stock. From : anybookCom, United Kingdom",
9781860648304,"Taliban : Islam, Oil and the New Great Game in Central Asia",Ahmed Rashid @ BookFinder.com,Amazon.com,used,24.0,"New edition. Pages 288. In Stock. From : worldofbooksusa, United Kingdom",
9781860648304,"Taliban : Islam, Oil and the New Great Game in Central Asia",Ahmed Rashid @ BookFinder.com,Amazon.com,used,26.0,"New edition. Pages 288. In Stock. From : GF Books, Inc., United States",
9781860648304,"Taliban : Islam, Oil and the New Great Game in Central Asia",Ahmed Rashid @ BookFinder.com,Amazon.com,used,48.0,"New edition. Pages 288. In stock Usually ships within 4 to 5 days. From : Chocobooks., France",
9780136692010,"Physics for Scientists and Engineers, Second Edition",Douglas C. Giancoli @ BookFinder.com,Amazon.com,used,11.0,"2. Pages 520. In Stock. From : Better World Books: South, United States",
9780136692010,"Physics for Scientists and Engineers, Second Edition",Douglas C. Giancoli @ BookFinder.com,Amazon.com,used,12.0,"2. Pages 520. In Stock. From : Better World Books: West, United States",
9780136692010,"Physics for Scientists and Engineers, Second Edition",Douglas C. Giancoli @ BookFinder.com,Amazon.com,used,13.0,"2. Pages 520. In Stock. From : HPB-Red, United States",
9780136692010,"Physics for Scientists and Engineers, Second Edition",Douglas C. Giancoli @ BookFinder.com,Amazon.com,used,20.0,"2. Pages 520. Usually ships within 2 to 3 weeks. From : Bennett Books Ltd, United States",
9780136692010,"Physics for Scientists and Engineers, Second Edition",Douglas C. Giancoli @ BookFinder.com,Amazon.com,used,11.0,"2. Pages 520. In Stock. From : Better World Books: South, United States",
9780136692010,"Physics for Scientists and Engineers, Second Edition",Douglas C. Giancoli @ BookFinder.com,Amazon.com,used,12.0,"2. Pages 520. In Stock. From : Better World Books: West, United States",
9780136692010,"Physics for Scientists and Engineers, Second Edition",Douglas C. Giancoli @ BookFinder.com,Amazon.com,used,13.0,"2. Pages 520. In Stock. From : HPB-Red, United States",
9780136692010,"Physics for Scientists and Engineers, Second Edition",Douglas C. Giancoli @ BookFinder.com,Amazon.com,used,19.0,"2. Pages 520. Usually ships within 2 to 3 weeks. From : Bennett Books Ltd, United States",
9780553818215,"Darkness, Take My Hand: 2 (Kenzie and Gennaro)","Lehane, Dennis @ BookFinder.com",Amazon.com,used,15.0,"New Ed Format: Import. Pages 512. In stock Usually ships within 3 to 4 days. From : ThriftBooks-Baltimore, United States",
9780553818215,"Darkness, Take My Hand: 2 (Kenzie and Gennaro)","Lehane, Dennis @ BookFinder.com",Amazon.com,used,16.0,"New Ed Format: Import. Pages 512. In stock Usually ships within 3 to 4 days. From : ThriftBooks-Dallas, United States",
9780553818215,"Darkness, Take My Hand: 2 (Kenzie and Gennaro)","Lehane, Dennis @ BookFinder.com",Amazon.com,used,21.0,"New Ed Format: Import. Pages 512. In Stock. From : Reuseaworld, United Kingdom",
9780553818215,"Darkness, Take My Hand: 2 (Kenzie and Gennaro)","Lehane, Dennis @ BookFinder.com",Amazon.com,used,34.0,"New Ed Format: Import. Pages 512. In Stock. From : WeBuyBooks-UK, United Kingdom",
9780553818215,"Darkness, Take My Hand: 2 (Kenzie and Gennaro)","Lehane, Dennis @ BookFinder.com",Amazon.com,used,38.0,"New Ed Format: Import. Pages 512. In Stock. From : Libup Books!, United States",
9780553818215,"Darkness, Take My Hand: 2 (Kenzie and Gennaro)","Lehane, Dennis @ BookFinder.com",Amazon.com,used,39.0,"New Ed Format: Import. Pages 512. In Stock. From : JPKBooks, United States",
9780553818215,"Darkness, Take My Hand: 2 (Kenzie and Gennaro)","Lehane, Dennis @ BookFinder.com",Amazon.com,used,43.0,"New Ed Format: Import. Pages 512. In Stock. From : BetterWorldBooksUK, United Kingdom",
9780553818215,"Darkness, Take My Hand: 2 (Kenzie and Gennaro)","Lehane, Dennis @ BookFinder.com",Amazon.com,used,44.0,"New Ed Format: Import. Pages 512. In Stock. From : worldofbooksusa, United Kingdom",
9780553818215,"Darkness, Take My Hand: 2 (Kenzie and Gennaro)","Lehane, Dennis @ BookFinder.com",Amazon.com,used,45.0,"New Ed Format: Import. Pages 512. In Stock. From : worldofbooksusa, United Kingdom",
9780553818215,"Darkness, Take My Hand: 2 (Kenzie and Gennaro)","Lehane, Dennis @ BookFinder.com",Amazon.com,used,46.0,"New Ed Format: Import. Pages 512. In Stock. From : worldofbooksusa, United Kingdom",
9780553818215,"Darkness, Take My Hand: 2 (Kenzie and Gennaro)","Lehane, Dennis @ BookFinder.com",Amazon.com,used,2.0,"New Ed Format: Import. Pages 512. Usually ships within 9 to 10 days. From : Bahamut Media, United States",
9780553818215,"Darkness, Take My Hand: 2 (Kenzie and Gennaro)","Lehane, Dennis @ BookFinder.com",Amazon.com,used,3.0,"New Ed Format: Import. Pages 512. Usually ships within 11 to 12 days. From : InfiniteBooks_USA, United States",
9780553818215,"Darkness, Take My Hand: 2 (Kenzie and Gennaro)","Lehane, Dennis @ BookFinder.com",Amazon.com,used,16.0,"New Ed Format: Import. Pages 512. In Stock. From : RAREWAVES-IMPORTS, United Kingdom",
9780553818215,"Darkness, Take My Hand: 2 (Kenzie and Gennaro)","Lehane, Dennis @ BookFinder.com",Amazon.com,used,17.0,"New Ed Format: Import. Pages 512. In Stock. From : BOOKS etc. _, United States",
9780553818215,"Darkness, Take My Hand: 2 (Kenzie and Gennaro)","Lehane, Dennis @ BookFinder.com",Amazon.com,used,15.0,"New Ed Format: Import. Pages 512. In stock Usually ships within 3 to 4 days. From : ThriftBooks-Baltimore, United States",
9780553818215,"Darkness, Take My Hand: 2 (Kenzie and Gennaro)","Lehane, Dennis @ BookFinder.com",Amazon.com,used,16.0,"New Ed Format: Import. Pages 512. In stock Usually ships within 3 to 4 days. From : ThriftBooks-Dallas, United States",
9780553818215,"Darkness, Take My Hand: 2 (Kenzie and Gennaro)","Lehane, Dennis @ BookFinder.com",Amazon.com,used,21.0,"New Ed Format: Import. Pages 512. In Stock. From : Reuseaworld, United Kingdom",
9780553818215,"Darkness, Take My Hand: 2 (Kenzie and Gennaro)","Lehane, Dennis @ BookFinder.com",Amazon.com,used,34.0,"New Ed Format: Import. Pages 512. In Stock. From : WeBuyBooks-UK, United Kingdom",
9780553818215,"Darkness, Take My Hand: 2 (Kenzie and Gennaro)","Lehane, Dennis @ BookFinder.com",Amazon.com,used,38.0,"New Ed Format: Import. Pages 512. In Stock. From : Libup Books!, United States",
9780553818215,"Darkness, Take My Hand: 2 (Kenzie and Gennaro)","Lehane, Dennis @ BookFinder.com",Amazon.com,used,39.0,"New Ed Format: Import. Pages 512. In Stock. From : JPKBooks, United States",
9780553818215,"Darkness, Take My Hand: 2 (Kenzie and Gennaro)","Lehane, Dennis @ BookFinder.com",Amazon.com,used,43.0,"New Ed Format: Import. Pages 512. In Stock. From : BetterWorldBooksUK, United Kingdom",
9780553818215,"Darkness, Take My Hand: 2 (Kenzie and Gennaro)","Lehane, Dennis @ BookFinder.com",Amazon.com,used,44.0,"New Ed Format: Import. Pages 512. In Stock. From : worldofbooksusa, United Kingdom",
9780553818215,"Darkness, Take My Hand: 2 (Kenzie and Gennaro)","Lehane, Dennis @ BookFinder.com",Amazon.com,used,45.0,"New Ed Format: Import. Pages 512. In Stock. From : worldofbooksusa, United Kingdom",
9780553818215,"Darkness, Take My Hand: 2 (Kenzie and Gennaro)","Lehane, Dennis @ BookFinder.com",Amazon.com,used,46.0,"New Ed Format: Import. Pages 512. In Stock. From : worldofbooksusa, United Kingdom",
9780130109149,"An Introduction to Literature, Criticsm and Theory","Bennett, Andrew; Royle, Nicholas @ BookFinder.com",Amazon.com,used,8.0,"2nd. Pages 312. In Stock. From : World of Books (previously glenthebookseller), United States",
9780130109149,"An Introduction to Literature, Criticsm and Theory","Bennett, Andrew; Royle, Nicholas @ BookFinder.com",Amazon.com,used,9.0,"2nd. Pages 312. In Stock. From : Reuseaworld, United Kingdom",
9780130109149,"An Introduction to Literature, Criticsm and Theory","Bennett, Andrew; Royle, Nicholas @ BookFinder.com",Amazon.com,used,15.0,"2nd. Pages 312. In stock Usually ships within 3 to 4 days. From : ThriftBooks-Baltimore, United States",
9780130109149,"An Introduction to Literature, Criticsm and Theory","Bennett, Andrew; Royle, Nicholas @ BookFinder.com",Amazon.com,used,16.0,"2nd. Pages 312. In stock Usually ships within 3 to 4 days. From : ThriftBooks-Dallas, United States",
9780130109149,"An Introduction to Literature, Criticsm and Theory","Bennett, Andrew; Royle, Nicholas @ BookFinder.com",Amazon.com,used,26.0,"2nd. Pages 312. In Stock. From : BARGAIN_BOOKS_USA, United States",
9780130109149,"An Introduction to Literature, Criticsm and Theory","Bennett, Andrew; Royle, Nicholas @ BookFinder.com",Amazon.com,used,27.0,"2nd. Pages 312. In stock Usually ships within 2 to 3 days. From : awesomebooksusa, United States",
9780130109149,"An Introduction to Literature, Criticsm and Theory","Bennett, Andrew; Royle, Nicholas @ BookFinder.com",Amazon.com,used,28.0,"2nd. Pages 312. In stock Usually ships within 2 to 3 days. From : Bahamut Media, United States",
9780130109149,"An Introduction to Literature, Criticsm and Theory","Bennett, Andrew; Royle, Nicholas @ BookFinder.com",Amazon.com,used,29.0,"2nd. Pages 312. In Stock. From : RemnantBooksofVirginia, United States",
9780130109149,"An Introduction to Literature, Criticsm and Theory","Bennett, Andrew; Royle, Nicholas @ BookFinder.com",Amazon.com,used,1.0,"2nd. Pages 312. In Stock. From : pjbookseller, United States",
9780130109149,"An Introduction to Literature, Criticsm and Theory","Bennett, Andrew; Royle, Nicholas @ BookFinder.com",Amazon.com,used,5.0,"2nd. Pages 312. In Stock. From : zendale books, United States",
9780130109149,"An Introduction to Literature, Criticsm and Theory","Bennett, Andrew; Royle, Nicholas @ BookFinder.com",Amazon.com,used,8.0,"2nd. Pages 312. In Stock. From : World of Books (previously glenthebookseller), United States",
9780130109149,"An Introduction to Literature, Criticsm and Theory","Bennett, Andrew; Royle, Nicholas @ BookFinder.com",Amazon.com,used,9.0,"2nd. Pages 312. In Stock. From : Reuseaworld, United Kingdom",
9780130109149,"An Introduction to Literature, Criticsm and Theory","Bennett, Andrew; Royle, Nicholas @ BookFinder.com",Amazon.com,used,15.0,"2nd. Pages 312. In stock Usually ships within 3 to 4 days. From : ThriftBooks-Baltimore, United States",
9780130109149,"An Introduction to Literature, Criticsm and Theory","Bennett, Andrew; Royle, Nicholas @ BookFinder.com",Amazon.com,used,16.0,"2nd. Pages 312. In stock Usually ships within 3 to 4 days. From : ThriftBooks-Dallas, United States",
9780130109149,"An Introduction to Literature, Criticsm and Theory","Bennett, Andrew; Royle, Nicholas @ BookFinder.com",Amazon.com,used,26.0,"2nd. Pages 312. In Stock. From : BARGAIN_BOOKS_USA, United States",
9780130109149,"An Introduction to Literature, Criticsm and Theory","Bennett, Andrew; Royle, Nicholas @ BookFinder.com",Amazon.com,used,27.0,"2nd. Pages 312. In stock Usually ships within 2 to 3 days. From : awesomebooksusa, United States",
9780130109149,"An Introduction to Literature, Criticsm and Theory","Bennett, Andrew; Royle, Nicholas @ BookFinder.com",Amazon.com,used,28.0,"2nd. Pages 312. In stock Usually ships within 2 to 3 days. From : Bahamut Media, United States",
9780130109149,"An Introduction to Literature, Criticsm and Theory","Bennett, Andrew; Royle, Nicholas @ BookFinder.com",Amazon.com,used,29.0,"2nd. Pages 312. In Stock. From : RemnantBooksofVirginia, United States",
9781842623404,The Scarlet Letter (English & American Classics Edition),Nathaniel Hawthorne @ BookFinder.com,Amazon.com,used,2.0,"New e. Format: Import. Pages 376. In stock Usually ships within 4 to 5 days. From : Chocobooks., France",
9781842623404,The Scarlet Letter (English & American Classics Edition),Nathaniel Hawthorne @ BookFinder.com,Amazon.com.au,used,6.0,Large type / Large print Format: Large Print. Pages 384. Usually dispatched within 9 to 10 days. From : Bigly_BooksJP,
9781842623404,The Scarlet Letter (English & American Classics Edition),Nathaniel Hawthorne @ BookFinder.com,Amazon.com,used,7.0,"New e. Format: Import. Pages 376. In Stock. From : dbookmahn3, United States",
9781842623404,The Scarlet Letter (English & American Classics Edition),Nathaniel Hawthorne @ BookFinder.com,Amazon.com,used,2.0,"New e. Format: Import. Pages 376. In stock Usually ships within 4 to 5 days. From : Chocobooks., France",
9781842623404,The Scarlet Letter (English & American Classics Edition),Nathaniel Hawthorne @ BookFinder.com,Amazon.com.au,used,6.0,Large type / Large print Format: Large Print. Pages 384. Usually dispatched within 9 to 10 days. From : Bigly_BooksJP,
9781842623404,The Scarlet Letter (English & American Classics Edition),Nathaniel Hawthorne @ BookFinder.com,Amazon.com,used,7.0,"New e. Format: Import. Pages 376. In Stock. From : dbookmahn3, United States",
9780593036501,My Feudal Lord,Tehmina Durrani @ BookFinder.com,Amazon.com,used,4.0,"New edition. Pages 336. In stock Usually ships within 2 to 3 days. From : awesomebooksusa, United States",
9780593036501,My Feudal Lord,Tehmina Durrani @ BookFinder.com,Amazon.com,used,5.0,"New edition. Pages 336. In stock Usually ships within 2 to 3 days. From : Bahamut Media, United States",
9780593036501,My Feudal Lord,Tehmina Durrani @ BookFinder.com,Amazon.com,used,6.0,"New edition. Pages 336. In Stock. From : WonderBook, United States",
9780593036501,My Feudal Lord,Tehmina Durrani @ BookFinder.com,Amazon.com,used,7.0,"New edition. Pages 336. In Stock. From : WeBuyBooks-UK, United Kingdom",
9780593036501,My Feudal Lord,Tehmina Durrani @ BookFinder.com,Amazon.com,used,14.0,"New edition. Pages 336. In Stock. From : worldofbooksusa, United Kingdom",
9780593036501,My Feudal Lord,Tehmina Durrani @ BookFinder.com,Amazon.com,used,15.0,"New edition. Pages 336. In Stock. From : BetterWorldBooksUK, United Kingdom",
9780593036501,My Feudal Lord,Tehmina Durrani @ BookFinder.com,Amazon.com,used,23.0,"New edition. Pages 336. In Stock. From : greener_books_london, United Kingdom",
9780593036501,My Feudal Lord,Tehmina Durrani @ BookFinder.com,Amazon.com,used,24.0,"New edition. Pages 336. In Stock. From : greener_books_london, United Kingdom",
9780593036501,My Feudal Lord,Tehmina Durrani @ BookFinder.com,Amazon.com,used,29.0,"New edition. Pages 336. In Stock. From : Books Unplugged, United States",
9780593036501,My Feudal Lord,Tehmina Durrani @ BookFinder.com,Amazon.com,used,2.0,"New edition. Pages 336. Usually ships within 9 to 10 days. From : CalMaz Books, United States",
9780593036501,My Feudal Lord,Tehmina Durrani @ BookFinder.com,Amazon.com,used,4.0,"New edition. Pages 336. In Stock. Fulfillment by Amazon. From : Pen Book, United States",
9780593036501,My Feudal Lord,Tehmina Durrani @ BookFinder.com,Amazon.com (Prime),used,5.0,"New edition. Pages 336. In Stock. Fulfillment by Amazon. Amazon Prime. Not a Prime member? Try Amazon Prime 30-Day Free Trial which includes Prime Video, Prime Music and Prime Reading. From : Pen Book, United States",
9780593036501,My Feudal Lord,Tehmina Durrani @ BookFinder.com,Amazon.com,used,4.0,"New edition. Pages 336. In stock Usually ships within 2 to 3 days. From : awesomebooksusa, United States",
9780593036501,My Feudal Lord,Tehmina Durrani @ BookFinder.com,Amazon.com,used,5.0,"New edition. Pages 336. In stock Usually ships within 2 to 3 days. From : Bahamut Media, United States",
9780593036501,My Feudal Lord,Tehmina Durrani @ BookFinder.com,Amazon.com,used,6.0,"New edition. Pages 336. In Stock. From : WonderBook, United States",
9780593036501,My Feudal Lord,Tehmina Durrani @ BookFinder.com,Amazon.com,used,7.0,"New edition. Pages 336. In Stock. From : WeBuyBooks-UK, United Kingdom",
9780593036501,My Feudal Lord,Tehmina Durrani @ BookFinder.com,Amazon.com,used,14.0,"New edition. Pages 336. In Stock. From : worldofbooksusa, United Kingdom",
9780593036501,My Feudal Lord,Tehmina Durrani @ BookFinder.com,Amazon.com,used,15.0,"New edition. Pages 336. In Stock. From : BetterWorldBooksUK, United Kingdom",
9780593036501,My Feudal Lord,Tehmina Durrani @ BookFinder.com,Amazon.com,used,23.0,"New edition. Pages 336. In Stock. From : greener_books_london, United Kingdom",
9780593036501,My Feudal Lord,Tehmina Durrani @ BookFinder.com,Amazon.com,used,24.0,"New edition. Pages 336. In Stock. From : greener_books_london, United Kingdom",
9780593036501,My Feudal Lord,Tehmina Durrani @ BookFinder.com,Amazon.com,used,29.0,"New edition. Pages 336. In Stock. From : Books Unplugged, United States",
9781315475196,,@ BookFinder.com,Amazon.com,used,4.0,"1 Format: Kindle eBook. Pages 611. Available for download now. From : Amazon.com, United States",
9781315475196,,@ BookFinder.com,Amazon.com,used,4.0,"1 Format: Kindle eBook. Pages 611. Available for download now. From : Amazon.com, United States",
9780380800827,"The Duke and I (Bridgerton Series, Book 1)","Quinn, Julia @ BookFinder.com",Amazon.com,used,23.0,"Reissue. Pages 384. In Stock. From : World of Books (previously glenthebookseller), United States",
9780380800827,"The Duke and I (Bridgerton Series, Book 1)","Quinn, Julia @ BookFinder.com",Amazon.com,used,24.0,"Reissue. Pages 384. In Stock. From : GREENWORLD GOODS, United States",
9780380800827,"The Duke and I (Bridgerton Series, Book 1)","Quinn, Julia @ BookFinder.com",Amazon.com,used,25.0,"Reissue. Pages 384. In Stock. From : GREENWORLD GOODS, United States",
9780380800827,"The Duke and I (Bridgerton Series, Book 1)","Quinn, Julia @ BookFinder.com",Amazon.com,used,31.0,"Reissue. Pages 384. In Stock. From : RNA TRADE LLC, United States",
9780380800827,"The Duke and I (Bridgerton Series, Book 1)","Quinn, Julia @ BookFinder.com",Amazon.com,used,32.0,"Reissue. Pages 384. In Stock. From : YourOnlineBookstore, United States",
9780380800827,"The Duke and I (Bridgerton Series, Book 1)","Quinn, Julia @ BookFinder.com",Amazon.com,used,33.0,"Reissue. Pages 384. In Stock. From : tLighthouse Books, United States",
9780380800827,"The Duke and I (Bridgerton Series, Book 1)","Quinn, Julia @ BookFinder.com",Amazon.com,used,35.0,"Reissue. Pages 384. In Stock. From : Orion LLC, United States",
9780380800827,"The Duke and I (Bridgerton Series, Book 1)","Quinn, Julia @ BookFinder.com",Amazon.com,used,36.0,"Reissue. Pages 384. In Stock. From : Gulf Coast Books LLC, United States",
9780380800827,"The Duke and I (Bridgerton Series, Book 1)","Quinn, Julia @ BookFinder.com",Amazon.com,used,47.0,"Reissue. Pages 384. In stock Usually ships within 2 to 3 days. From : Reliant Distribution, United States",
9780380800827,"The Duke and I (Bridgerton Series, Book 1)","Quinn, Julia @ BookFinder.com",Amazon.com,used,48.0,"Reissue. Pages 384. In stock Usually ships within 3 to 4 days. From : ThriftBooks-Chicago, United States",
9780380800827,"The Duke and I (Bridgerton Series, Book 1)","Quinn, Julia @ BookFinder.com",Amazon.com,used,23.0,"Reissue. Pages 384. In Stock. From : World of Books (previously glenthebookseller), United States",
9780380800827,"The Duke and I (Bridgerton Series, Book 1)","Quinn, Julia @ BookFinder.com",Amazon.com,used,24.0,"Reissue. Pages 384. In Stock. From : GREENWORLD GOODS, United States",
9780380800827,"The Duke and I (Bridgerton Series, Book 1)","Quinn, Julia @ BookFinder.com",Amazon.com,used,25.0,"Reissue. Pages 384. In Stock. From : GREENWORLD GOODS, United States",
9780380800827,"The Duke and I (Bridgerton Series, Book 1)","Quinn, Julia @ BookFinder.com",Amazon.com,used,31.0,"Reissue. Pages 384. In Stock. From : RNA TRADE LLC, United States",
9780380800827,"The Duke and I (Bridgerton Series, Book 1)","Quinn, Julia @ BookFinder.com",Amazon.com,used,32.0,"Reissue. Pages 384. In Stock. From : YourOnlineBookstore, United States",
9780380800827,"The Duke and I (Bridgerton Series, Book 1)","Quinn, Julia @ BookFinder.com",Amazon.com,used,33.0,"Reissue. Pages 384. In Stock. From : tLighthouse Books, United States",
9780380800827,"The Duke and I (Bridgerton Series, Book 1)","Quinn, Julia @ BookFinder.com",Amazon.com,used,35.0,"Reissue. Pages 384. In Stock. From : Orion LLC, United States",
9780380800827,"The Duke and I (Bridgerton Series, Book 1)","Quinn, Julia @ BookFinder.com",Amazon.com,used,36.0,"Reissue. Pages 384. In Stock. From : Gulf Coast Books LLC, United States",
9780380800827,"The Duke and I (Bridgerton Series, Book 1)","Quinn, Julia @ BookFinder.com",Amazon.com,used,47.0,"Reissue. Pages 384. In stock Usually ships within 2 to 3 days. From : Reliant Distribution, United States",
9780380800827,"The Duke and I (Bridgerton Series, Book 1)","Quinn, Julia @ BookFinder.com",Amazon.com,used,48.0,"Reissue. Pages 384. In stock Usually ships within 3 to 4 days. From : ThriftBooks-Chicago, United States",
9782251001746,Discours: Tome III : Sur la paix. - Aréopagitique. - Sur l'échange. (Collection Des Universites De France Serie Grecque) (French Edition),ISOCRATE @ BookFinder.com,Amazon.com,used,3.0,"Bilingual. Pages 321. In stock Usually ships within 3 to 4 days. From : Walletkite, France",
9782251001746,Discours: Tome III : Sur la paix. - Aréopagitique. - Sur l'échange. (Collection Des Universites De France Serie Grecque) (French Edition),ISOCRATE @ BookFinder.com,Amazon.com,used,11.0,"Bilingual. Pages 321. In Stock. From : ISDLLC, United States",
9782251001746,Discours: Tome III : Sur la paix. - Aréopagitique. - Sur l'échange. (Collection Des Universites De France Serie Grecque) (French Edition),ISOCRATE @ BookFinder.com,Amazon.com,used,13.0,"Bilingual. Pages 321. Usually ships within 7 to 8 days. From : booksXpress, United States",
9782251001746,Discours: Tome III : Sur la paix. - Aréopagitique. - Sur l'échange. (Collection Des Universites De France Serie Grecque) (French Edition),ISOCRATE @ BookFinder.com,Amazon.com,used,14.0,"Bilingual. Pages 321. Usually ships within 2 to 3 weeks. From : Windy Books, United States",
9782251001746,Discours: Tome III : Sur la paix. - Aréopagitique. - Sur l'échange. (Collection Des Universites De France Serie Grecque) (French Edition),ISOCRATE @ BookFinder.com,Amazon.com,used,25.0,"Bilingual. Pages 321. Usually ships within 2 to 3 weeks. From : PBShop UK, United Kingdom",
9782251001746,Discours: Tome III : Sur la paix. - Aréopagitique. - Sur l'échange. (Collection Des Universites De France Serie Grecque) (French Edition),ISOCRATE @ BookFinder.com,Amazon.com,used,49.0,"Bilingual. Pages 321. In Stock. From : Last Books, Spain",
9782251001746,Discours: Tome III : Sur la paix. - Aréopagitique. - Sur l'échange. (Collection Des Universites De France Serie Grecque) (French Edition),ISOCRATE @ BookFinder.com,Amazon.com,used,9.0,"Bilingual. Pages 321. In Stock. From : ISDLLC, United States",
9782251001746,Discours: Tome III : Sur la paix. - Aréopagitique. - Sur l'échange. (Collection Des Universites De France Serie Grecque) (French Edition),ISOCRATE @ BookFinder.com,Amazon.com,used,10.0,"Bilingual. Pages 321. Usually ships within 7 to 8 days. From : booksXpress, United States",
9782251001746,Discours: Tome III : Sur la paix. - Aréopagitique. - Sur l'échange. (Collection Des Universites De France Serie Grecque) (French Edition),ISOCRATE @ BookFinder.com,Amazon.com,used,11.0,"Bilingual. Pages 321. Usually ships within 2 to 3 weeks. From : Windy Books, United States",
9782251001746,Discours: Tome III : Sur la paix. - Aréopagitique. - Sur l'échange. (Collection Des Universites De France Serie Grecque) (French Edition),ISOCRATE @ BookFinder.com,Amazon.com,used,18.0,"Bilingual. Pages 321. Usually ships within 2 to 3 weeks. From : PBShop UK, United Kingdom",
9782251001746,Discours: Tome III : Sur la paix. - Aréopagitique. - Sur l'échange. (Collection Des Universites De France Serie Grecque) (French Edition),ISOCRATE @ BookFinder.com,Amazon.com,used,2.0,"Bilingual. Pages 321. In stock Usually ships within 3 to 4 days. From : Walletkite, France",
9782251001746,Discours: Tome III : Sur la paix. - Aréopagitique. - Sur l'échange. (Collection Des Universites De France Serie Grecque) (French Edition),ISOCRATE @ BookFinder.com,Amazon.com,used,16.0,"Bilingual. Pages 321. In Stock. From : Last Books, Spain",
9782251001746,Discours: Tome III : Sur la paix. - Aréopagitique. - Sur l'échange. (Collection Des Universites De France Serie Grecque) (French Edition),ISOCRATE @ BookFinder.com,Amazon.com,used,17.0,"Bilingual. Pages 321. In Stock. From : Atmosphere Bks, Spain",
9780062470720,Little House in the Big Woods,"Wilder, Laura Ingalls @ BookFinder.com",Amazon.com,used,1.0,"Illustrated Format: Illustrated Format: Deckle Edge. Pages 224. In Stock. From : Seattlegoodwill, United States",
9780062470720,Little House in the Big Woods,"Wilder, Laura Ingalls @ BookFinder.com",Amazon.com,used,4.0,"Illustrated Format: Illustrated Format: Deckle Edge. Pages 224. In Stock. From : Reuseaworld, United Kingdom",
9780062470720,Little House in the Big Woods,"Wilder, Laura Ingalls @ BookFinder.com",Amazon.com,used,9.0,"Illustrated Format: Illustrated Format: Deckle Edge. Pages 224. In Stock. From : Missouri_Goodwill_Industries, United States",
9780062470720,Little House in the Big Woods,"Wilder, Laura Ingalls @ BookFinder.com",Amazon.com,used,13.0,"Illustrated Format: Illustrated Format: Deckle Edge. Pages 224. In Stock. Fulfillment by Amazon. From : MegaReads, United States",
9780062470720,Little House in the Big Woods,"Wilder, Laura Ingalls @ BookFinder.com",Amazon.com (Prime),used,14.0,"Illustrated Format: Illustrated Format: Deckle Edge. Pages 224. In Stock. Fulfillment by Amazon. Amazon Prime. Not a Prime member? Try Amazon Prime 30-Day Free Trial which includes Prime Video, Prime Music and Prime Reading. From : MegaReads, United States",
9780062470720,Little House in the Big Woods,"Wilder, Laura Ingalls @ BookFinder.com",Amazon.com,used,16.0,"Illustrated Format: Illustrated Format: Deckle Edge. Pages 224. In Stock. Fulfillment by Amazon. From : MarkusRun Books, United States",
9780062470720,Little House in the Big Woods,"Wilder, Laura Ingalls @ BookFinder.com",Amazon.com (Prime),used,17.0,"Illustrated Format: Illustrated Format: Deckle Edge. Pages 224. In Stock. Fulfillment by Amazon. Amazon Prime. Not a Prime member? Try Amazon Prime 30-Day Free Trial which includes Prime Video, Prime Music and Prime Reading. From : MarkusRun Books, United States",
9780062470720,Little House in the Big Woods,"Wilder, Laura Ingalls @ BookFinder.com",Amazon.com,used,18.0,"Illustrated Format: Illustrated Format: Deckle Edge. Pages 224. In Stock. From : Half Price Books Inc, United States",
9780062470720,Little House in the Big Woods,"Wilder, Laura Ingalls @ BookFinder.com",Amazon.com,used,19.0,"Illustrated Format: Illustrated Format: Deckle Edge. Pages 224. In Stock. From : HPB-Ruby, United States",
9780062470720,Little House in the Big Woods,"Wilder, Laura Ingalls @ BookFinder.com",Amazon.com,used,23.0,"Illustrated Format: Illustrated Format: Deckle Edge. Pages 224. In Stock. Fulfillment by Amazon. From : Amazon.com, United States",
9780062470720,Little House in the Big Woods,"Wilder, Laura Ingalls @ BookFinder.com",Amazon.com (Prime),used,24.0,"Illustrated Format: Illustrated Format: Deckle Edge. Pages 224. In Stock. Fulfillment by Amazon. Amazon Prime. Not a Prime member? Try Amazon Prime 30-Day Free Trial which includes Prime Video, Prime Music and Prime Reading. From : Amazon.com (Prime), United States",
9780062470720,Little House in the Big Woods,"Wilder, Laura Ingalls @ BookFinder.com",Amazon.com,used,25.0,"Illustrated Format: Illustrated Format: Deckle Edge. Pages 224. In Stock. From : Half Price Books Inc, United States",
9780062470720,Little House in the Big Woods,"Wilder, Laura Ingalls @ BookFinder.com",Amazon.com,used,26.0,"Illustrated Format: Illustrated Format: Deckle Edge. Pages 224. In Stock. From : HPB-Emerald, United States",
9780062470720,Little House in the Big Woods,"Wilder, Laura Ingalls @ BookFinder.com",Amazon.com,used,35.0,"Illustrated Format: Illustrated Format: Deckle Edge. Pages 224. In Stock. From : HPB Inc., United States",
9780062470720,Little House in the Big Woods,"Wilder, Laura Ingalls @ BookFinder.com",Amazon.com,used,1.0,"Illustrated Format: Illustrated Format: Deckle Edge. Pages 224. In Stock. Fulfillment by Amazon. From : Amazon.com, United States",
9780062470720,Little House in the Big Woods,"Wilder, Laura Ingalls @ BookFinder.com",Amazon.com (Prime),used,2.0,"Illustrated Format: Illustrated Format: Deckle Edge. Pages 224. In Stock. Fulfillment by Amazon. Amazon Prime. Not a Prime member? Try Amazon Prime 30-Day Free Trial which includes Prime Video, Prime Music and Prime Reading. From : Amazon.com (Prime), United States",
9780062470720,Little House in the Big Woods,"Wilder, Laura Ingalls @ BookFinder.com",Amazon.com,used,8.0,"Illustrated Format: Illustrated Format: Deckle Edge. Pages 224. In Stock. From : Best-To-You, United States",
9780062470720,Little House in the Big Woods,"Wilder, Laura Ingalls @ BookFinder.com",Amazon.com,used,11.0,"Illustrated Format: Illustrated Format: Deckle Edge. Pages 224. In Stock. From : ShipsIn24, United States",
9780062470720,Little House in the Big Woods,"Wilder, Laura Ingalls @ BookFinder.com",Amazon.com,used,14.0,"Illustrated Format: Illustrated Format: Deckle Edge. Pages 224. In Stock. From : Baby-Blooms, United States",
9780062470720,Little House in the Big Woods,"Wilder, Laura Ingalls @ BookFinder.com",Amazon.com,used,22.0,"Illustrated Format: Illustrated Format: Deckle Edge. Pages 224. In stock Usually ships within 3 to 4 days. From : indoobestsellers, United States",
9780062470720,Little House in the Big Woods,"Wilder, Laura Ingalls @ BookFinder.com",Amazon.com,used,25.0,"Illustrated Format: Illustrated Format: Deckle Edge. Pages 224. In stock Usually ships within 2 to 3 days. From : TheWorldShopUSA, Australia",
9780062470720,Little House in the Big Woods,"Wilder, Laura Ingalls @ BookFinder.com",Amazon.com,used,26.0,"Illustrated Format: Illustrated Format: Deckle Edge. Pages 224. Usually ships within 9 to 10 days. From : SuperBookDeals---, United States",
9780062470720,Little House in the Big Woods,"Wilder, Laura Ingalls @ BookFinder.com",Amazon.com,used,27.0,"Illustrated Format: Illustrated Format: Deckle Edge. Pages 224. Usually ships within 11 to 12 days. From : bargainbookstores-, United States",
9780062470720,Little House in the Big Woods,"Wilder, Laura Ingalls @ BookFinder.com",Amazon.com,used,28.0,"Illustrated Format: Illustrated Format: Deckle Edge. Pages 224. Usually ships within 2 to 3 weeks. From : Windy Books, United States",
9780062470720,Little House in the Big Woods,"Wilder, Laura Ingalls @ BookFinder.com",Amazon.com,used,34.0,"Illustrated Format: Illustrated Format: Deckle Edge. Pages 224. In stock Usually ships within 2 to 3 days. From : Ambis Enterprises, United States",
9780062470720,Little House in the Big Woods,"Wilder, Laura Ingalls @ BookFinder.com",Amazon.com,used,1.0,"Illustrated Format: Illustrated Format: Deckle Edge. Pages 224. In Stock. From : Seattlegoodwill, United States",
9780062470720,Little House in the Big Woods,"Wilder, Laura Ingalls @ BookFinder.com",Amazon.com,used,4.0,"Illustrated Format: Illustrated Format: Deckle Edge. Pages 224. In Stock. From : Reuseaworld, United Kingdom",
9780062470720,Little House in the Big Woods,"Wilder, Laura Ingalls @ BookFinder.com",Amazon.com,used,9.0,"Illustrated Format: Illustrated Format: Deckle Edge. Pages 224. In Stock. From : Missouri_Goodwill_Industries, United States",
9780062470720,Little House in the Big Woods,"Wilder, Laura Ingalls @ BookFinder.com",Amazon.com,used,13.0,"Illustrated Format: Illustrated Format: Deckle Edge. Pages 224. In Stock. Fulfillment by Amazon. From : MegaReads, United States",
9780062470720,Little House in the Big Woods,"Wilder, Laura Ingalls @ BookFinder.com",Amazon.com (Prime),used,14.0,"Illustrated Format: Illustrated Format: Deckle Edge. Pages 224. In Stock. Fulfillment by Amazon. Amazon Prime. Not a Prime member? Try Amazon Prime 30-Day Free Trial which includes Prime Video, Prime Music and Prime Reading. From : MegaReads, United States",
9780062470720,Little House in the Big Woods,"Wilder, Laura Ingalls @ BookFinder.com",Amazon.com,used,16.0,"Illustrated Format: Illustrated Format: Deckle Edge. Pages 224. In Stock. Fulfillment by Amazon. From : MarkusRun Books, United States",
9780062470720,Little House in the Big Woods,"Wilder, Laura Ingalls @ BookFinder.com",Amazon.com (Prime),used,17.0,"Illustrated Format: Illustrated Format: Deckle Edge. Pages 224. In Stock. Fulfillment by Amazon. Amazon Prime. Not a Prime member? Try Amazon Prime 30-Day Free Trial which includes Prime Video, Prime Music and Prime Reading. From : MarkusRun Books, United States",
9780062470720,Little House in the Big Woods,"Wilder, Laura Ingalls @ BookFinder.com",Amazon.com,used,18.0,"Illustrated Format: Illustrated Format: Deckle Edge. Pages 224. In Stock. From : Half Price Books Inc, United States",
9780062470720,Little House in the Big Woods,"Wilder, Laura Ingalls @ BookFinder.com",Amazon.com,used,19.0,"Illustrated Format: Illustrated Format: Deckle Edge. Pages 224. In Stock. From : HPB-Ruby, United States",
9780062470720,Little House in the Big Woods,"Wilder, Laura Ingalls @ BookFinder.com",Amazon.com,used,23.0,"Illustrated Format: Illustrated Format: Deckle Edge. Pages 224. In Stock. From : Half Price Books Inc, United States",
9780062470720,Little House in the Big Woods,"Wilder, Laura Ingalls @ BookFinder.com",Amazon.com,used,24.0,"Illustrated Format: Illustrated Format: Deckle Edge. Pages 224. In Stock. From : HPB-Emerald, United States",
9780062470720,Little House in the Big Woods,"Wilder, Laura Ingalls @ BookFinder.com",Amazon.com,used,33.0,"Illustrated Format: Illustrated Format: Deckle Edge. Pages 224. In Stock. From : HPB Inc., United States",
9780192508980,War and Peace (3 Volumes in 1),"Tolstoy, Leo @ BookFinder.com",Amazon.com,used,13.0,"Reprint. Pages 1738. In stock Usually ships within 3 to 4 days. From : papercavalier 💂, United Kingdom",
9780192508980,War and Peace (3 Volumes in 1),"Tolstoy, Leo @ BookFinder.com",Amazon.com,used,14.0,"Reprint. Pages 1738. In Stock. From : Sell Books ✅, United Kingdom",
9780192508980,War and Peace (3 Volumes in 1),"Tolstoy, Leo @ BookFinder.com",Amazon.com,used,15.0,"Reprint. Pages 1738. In Stock. From : the_book_community, United States",
9780192508980,War and Peace (3 Volumes in 1),"Tolstoy, Leo @ BookFinder.com",Amazon.com,used,16.0,"Reprint. Pages 1738. In stock Usually ships within 3 to 4 days. From : Serendipity UnLtd, United States",
9780192508980,War and Peace (3 Volumes in 1),"Tolstoy, Leo @ BookFinder.com",Amazon.com,used,13.0,"Reprint. Pages 1738. In stock Usually ships within 3 to 4 days. From : papercavalier 💂, United Kingdom",
9780192508980,War and Peace (3 Volumes in 1),"Tolstoy, Leo @ BookFinder.com",Amazon.com,used,14.0,"Reprint. Pages 1738. In Stock. From : Sell Books ✅, United Kingdom",
9780192508980,War and Peace (3 Volumes in 1),"Tolstoy, Leo @ BookFinder.com",Amazon.com,used,15.0,"Reprint. Pages 1738. In Stock. From : the_book_community, United States",
9780192508980,War and Peace (3 Volumes in 1),"Tolstoy, Leo @ BookFinder.com",Amazon.com,used,16.0,"Reprint. Pages 1738. In stock Usually ships within 3 to 4 days. From : Serendipity UnLtd, United States",
9780140266405,Penguin Dictionary Of Troublesome Words 2nd Edition,"Bryson, Bill @ BookFinder.com",Amazon.com.au,used,3.0,New ed of 2 Revised ed of. Pages 192. Usually dispatched within 2 to 3 weeks. From : SonicBW,
9781269453141,Allyn and Bacon Guide to Writing,John D. Ramage; John C. Bean; June Johnson @ BookFinder.com,Amazon.com,used,6.0,"5th. Pages 640. In Stock. From : World of Books (previously glenthebookseller), United States",
9781269453141,Allyn and Bacon Guide to Writing,John D. Ramage; John C. Bean; June Johnson @ BookFinder.com,Amazon.com,used,7.0,"5th. Pages 640. In stock Usually ships within 3 to 4 days. From : ThriftBooks-Dallas, United States",
9781269453141,Allyn and Bacon Guide to Writing,John D. Ramage; John C. Bean; June Johnson @ BookFinder.com,Amazon.com,used,8.0,"5th. Pages 640. In stock Usually ships within 3 to 4 days. From : ThriftBooks-Baltimore, United States",
9781269453141,Allyn and Bacon Guide to Writing,John D. Ramage; John C. Bean; June Johnson @ BookFinder.com,Amazon.com,used,19.0,"5th. Pages 640. In Stock. From : A Plus Textbooks, United States",
9781269453141,Allyn and Bacon Guide to Writing,John D. Ramage; John C. Bean; June Johnson @ BookFinder.com,Amazon.com,used,24.0,"5th. Pages 640. In Stock. From : XiomaraB, United States",
9781269453141,Allyn and Bacon Guide to Writing,John D. Ramage; John C. Bean; June Johnson @ BookFinder.com,Amazon.com,used,1.0,"5th. Pages 640. In Stock. From : XiomaraB, United States",
9781269453141,Allyn and Bacon Guide to Writing,John D. Ramage; John C. Bean; June Johnson @ BookFinder.com,Amazon.com,used,6.0,"5th. Pages 640. In Stock. From : World of Books (previously glenthebookseller), United States",
9781269453141,Allyn and Bacon Guide to Writing,John D. Ramage; John C. Bean; June Johnson @ BookFinder.com,Amazon.com,used,7.0,"5th. Pages 640. In stock Usually ships within 3 to 4 days. From : ThriftBooks-Dallas, United States",
9781269453141,Allyn and Bacon Guide to Writing,John D. Ramage; John C. Bean; June Johnson @ BookFinder.com,Amazon.com,used,8.0,"5th. Pages 640. In stock Usually ships within 3 to 4 days. From : ThriftBooks-Baltimore, United States",
9781269453141,Allyn and Bacon Guide to Writing,John D. Ramage; John C. Bean; June Johnson @ BookFinder.com,Amazon.com,used,19.0,"5th. Pages 640. In Stock. From : A Plus Textbooks, United States",
9780553276060,Death of a Doxy (Nero Wolfe),"Stout, Rex @ BookFinder.com",Amazon.com,used,15.0,"3rd. Pages 192. In Stock. From : GREENWORLD GOODS, United States",
9780553276060,Death of a Doxy (Nero Wolfe),"Stout, Rex @ BookFinder.com",Amazon.com,used,16.0,"3rd. Pages 192. In stock Usually ships within 3 to 4 days. From : ThriftBooks-Seattle, United States",
9780553276060,Death of a Doxy (Nero Wolfe),"Stout, Rex @ BookFinder.com",Amazon.com,used,17.0,"3rd. Pages 192. In stock Usually ships within 3 to 4 days. From : ThriftBooks-Dallas, United States",
9780553276060,Death of a Doxy (Nero Wolfe),"Stout, Rex @ BookFinder.com",Amazon.com,used,18.0,"3rd. Pages 192. In stock Usually ships within 3 to 4 days. From : ThriftBooks-Atlanta, United States",
9780553276060,Death of a Doxy (Nero Wolfe),"Stout, Rex @ BookFinder.com",Amazon.com,used,19.0,"3rd. Pages 192. In stock Usually ships within 3 to 4 days. From : ThriftBooks-Dallas, United States",
9780553276060,Death of a Doxy (Nero Wolfe),"Stout, Rex @ BookFinder.com",Amazon.com,used,20.0,"3rd. Pages 192. In stock Usually ships within 3 to 4 days. From : ThriftBooks-Baltimore, United States",
9780553276060,Death of a Doxy (Nero Wolfe),"Stout, Rex @ BookFinder.com",Amazon.com,used,21.0,"3rd. Pages 192. In stock Usually ships within 3 to 4 days. From : ThriftBooks-Phoenix, United States",
9780553276060,Death of a Doxy (Nero Wolfe),"Stout, Rex @ BookFinder.com",Amazon.com,used,22.0,"3rd. Pages 192. In stock Usually ships within 3 to 4 days. From : ThriftBooks-Chicago, United States",
9780553276060,Death of a Doxy (Nero Wolfe),"Stout, Rex @ BookFinder.com",Amazon.com,used,23.0,"3rd. Pages 192. In stock Usually ships within 3 to 4 days. From : ThriftBooks-Baltimore, United States",
9780553276060,Death of a Doxy (Nero Wolfe),"Stout, Rex @ BookFinder.com",Amazon.com,used,24.0,"3rd. Pages 192. In stock Usually ships within 4 to 5 days. From : Seattlegoodwill, United States",
9780553276060,Death of a Doxy (Nero Wolfe),"Stout, Rex @ BookFinder.com",Amazon.com,used,15.0,"3rd. Pages 192. In Stock. From : GREENWORLD GOODS, United States",
9780553276060,Death of a Doxy (Nero Wolfe),"Stout, Rex @ BookFinder.com",Amazon.com,used,16.0,"3rd. Pages 192. In stock Usually ships within 3 to 4 days. From : ThriftBooks-Seattle, United States",
9780553276060,Death of a Doxy (Nero Wolfe),"Stout, Rex @ BookFinder.com",Amazon.com,used,17.0,"3rd. Pages 192. In stock Usually ships within 3 to 4 days. From : ThriftBooks-Dallas, United States",
9780553276060,Death of a Doxy (Nero Wolfe),"Stout, Rex @ BookFinder.com",Amazon.com,used,18.0,"3rd. Pages 192. In stock Usually ships within 3 to 4 days. From : ThriftBooks-Atlanta, United States",
9780553276060,Death of a Doxy (Nero Wolfe),"Stout, Rex @ BookFinder.com",Amazon.com,used,19.0,"3rd. Pages 192. In stock Usually ships within 3 to 4 days. From : ThriftBooks-Dallas, United States",
9780553276060,Death of a Doxy (Nero Wolfe),"Stout, Rex @ BookFinder.com",Amazon.com,used,20.0,"3rd. Pages 192. In stock Usually ships within 3 to 4 days. From : ThriftBooks-Baltimore, United States",
9780553276060,Death of a Doxy (Nero Wolfe),"Stout, Rex @ BookFinder.com",Amazon.com,used,21.0,"3rd. Pages 192. In stock Usually ships within 3 to 4 days. From : ThriftBooks-Phoenix, United States",
9780553276060,Death of a Doxy (Nero Wolfe),"Stout, Rex @ BookFinder.com",Amazon.com,used,22.0,"3rd. Pages 192. In stock Usually ships within 3 to 4 days. From : ThriftBooks-Chicago, United States",
9780553276060,Death of a Doxy (Nero Wolfe),"Stout, Rex @ BookFinder.com",Amazon.com,used,23.0,"3rd. Pages 192. In stock Usually ships within 3 to 4 days. From : ThriftBooks-Baltimore, United States",
9780553276060,Death of a Doxy (Nero Wolfe),"Stout, Rex @ BookFinder.com",Amazon.com,used,24.0,"3rd. Pages 192. In stock Usually ships within 4 to 5 days. From : Seattlegoodwill, United States",
9782290343470,les aventures d'alice au pays des merveilles: NOUVELLE TRADUCTION D'ELEN RIOT,Carroll Lewis @ BookFinder.com,Amazon.com,used,9.0,"0. Pages 96. In Stock. From : Hamelyn, Spain",
9782290343470,les aventures d'alice au pays des merveilles: NOUVELLE TRADUCTION D'ELEN RIOT,Carroll Lewis @ BookFinder.com,Amazon.com,used,10.0,"0. Pages 96. In Stock. From : Ammareal - Professional seller, France",
9782290343470,les aventures d'alice au pays des merveilles: NOUVELLE TRADUCTION D'ELEN RIOT,Carroll Lewis @ BookFinder.com,Amazon.com,used,11.0,"0. Pages 96. In Stock. From : WEST BOOKS, Canada",
9782290343470,les aventures d'alice au pays des merveilles: NOUVELLE TRADUCTION D'ELEN RIOT,Carroll Lewis @ BookFinder.com,Amazon.com,used,19.0,"0. Pages 96. In Stock. From : the_book_community, United States",
9782290343470,les aventures d'alice au pays des merveilles: NOUVELLE TRADUCTION D'ELEN RIOT,Carroll Lewis @ BookFinder.com,Amazon.com,used,20.0,"0. Pages 96. In stock Usually ships within 3 to 4 days. From : Serendipity UnLtd, United States",
9782290343470,les aventures d'alice au pays des merveilles: NOUVELLE TRADUCTION D'ELEN RIOT,Carroll Lewis @ BookFinder.com,Amazon.com,used,42.0,"0. Pages 96. In stock Usually ships within 3 to 4 days. From : Walletkite, France",
9782290343470,les aventures d'alice au pays des merveilles: NOUVELLE TRADUCTION D'ELEN RIOT,Carroll Lewis @ BookFinder.com,Amazon.com,used,9.0,"0. Pages 96. In Stock. From : Hamelyn, Spain",
9782290343470,les aventures d'alice au pays des merveilles: NOUVELLE TRADUCTION D'ELEN RIOT,Carroll Lewis @ BookFinder.com,Amazon.com,used,10.0,"0. Pages 96. In Stock. From : Ammareal - Professional seller, France",
9782290343470,les aventures d'alice au pays des merveilles: NOUVELLE TRADUCTION D'ELEN RIOT,Carroll Lewis @ BookFinder.com,Amazon.com,used,11.0,"0. Pages 96. In Stock. From : WEST BOOKS, Canada",
9782290343470,les aventures d'alice au pays des merveilles: NOUVELLE TRADUCTION D'ELEN RIOT,Carroll Lewis @ BookFinder.com,Amazon.com,used,19.0,"0. Pages 96. In Stock. From : the_book_community, United States",
9782290343470,les aventures d'alice au pays des merveilles: NOUVELLE TRADUCTION D'ELEN RIOT,Carroll Lewis @ BookFinder.com,Amazon.com,used,20.0,"0. Pages 96. In stock Usually ships within 3 to 4 days. From : Serendipity UnLtd, United States",
9782290343470,les aventures d'alice au pays des merveilles: NOUVELLE TRADUCTION D'ELEN RIOT,Carroll Lewis @ BookFinder.com,Amazon.com,used,42.0,"0. Pages 96. In stock Usually ships within 3 to 4 days. From : Walletkite, France",
9781580402378,American Diabetes Association Complete Guide to Diabetes: The Ultimate Home Reference from the Diabetes Experts,American Diabetes Association @ BookFinder.com,Amazon.com,used,20.0,"Fourth. Pages 567. In Stock. From : World of Books (previously glenthebookseller), United States",
9781580402378,American Diabetes Association Complete Guide to Diabetes: The Ultimate Home Reference from the Diabetes Experts,American Diabetes Association @ BookFinder.com,Amazon.com,used,21.0,"Fourth. Pages 567. In Stock. From : MegaReads, United States",
9781580402378,American Diabetes Association Complete Guide to Diabetes: The Ultimate Home Reference from the Diabetes Experts,American Diabetes Association @ BookFinder.com,Amazon.com,used,22.0,"Fourth. Pages 567. In Stock. From : RNA TRADE LLC, United States",
9781580402378,American Diabetes Association Complete Guide to Diabetes: The Ultimate Home Reference from the Diabetes Experts,American Diabetes Association @ BookFinder.com,Amazon.com,used,23.0,"Fourth. Pages 567. In Stock. From : Orion LLC, United States",
9781580402378,American Diabetes Association Complete Guide to Diabetes: The Ultimate Home Reference from the Diabetes Experts,American Diabetes Association @ BookFinder.com,Amazon.com,used,25.0,"Fourth. Pages 567. In Stock. From : World of Books (previously glenthebookseller), United States",
9781580402378,American Diabetes Association Complete Guide to Diabetes: The Ultimate Home Reference from the Diabetes Experts,American Diabetes Association @ BookFinder.com,Amazon.com,used,26.0,"Fourth. Pages 567. In stock Usually ships within 3 to 4 days. From : ThriftBooks-Baltimore, United States",
9781580402378,American Diabetes Association Complete Guide to Diabetes: The Ultimate Home Reference from the Diabetes Experts,American Diabetes Association @ BookFinder.com,Amazon.com,used,27.0,"Fourth. Pages 567. In stock Usually ships within 3 to 4 days. From : ThriftBooks-Phoenix, United States",
9781580402378,American Diabetes Association Complete Guide to Diabetes: The Ultimate Home Reference from the Diabetes Experts,American Diabetes Association @ BookFinder.com,Amazon.com,used,28.0,"Fourth. Pages 567. In stock Usually ships within 3 to 4 days. From : ThriftBooks-Seattle, United States",
9781580402378,American Diabetes Association Complete Guide to Diabetes: The Ultimate Home Reference from the Diabetes Experts,American Diabetes Association @ BookFinder.com,Amazon.com,used,29.0,"Fourth. Pages 567. In stock Usually ships within 3 to 4 days. From : ThriftBooks-Dallas, United States",
9781580402378,American Diabetes Association Complete Guide to Diabetes: The Ultimate Home Reference from the Diabetes Experts,American Diabetes Association @ BookFinder.com,Amazon.com,used,47.0,"Fourth. Pages 567. In Stock. From : BooksRun, United States",
9781580402378,American Diabetes Association Complete Guide to Diabetes: The Ultimate Home Reference from the Diabetes Experts,American Diabetes Association @ BookFinder.com,Amazon.com,used,1.0,"Fourth. Pages 567. In Stock. From : Great Things Utah, United States",
9781580402378,American Diabetes Association Complete Guide to Diabetes: The Ultimate Home Reference from the Diabetes Experts,American Diabetes Association @ BookFinder.com,Amazon.com,used,3.0,"Fourth. Pages 567. In Stock. From : Online Servant, United States",
9781580402378,American Diabetes Association Complete Guide to Diabetes: The Ultimate Home Reference from the Diabetes Experts,American Diabetes Association @ BookFinder.com,Amazon.com,used,4.0,"Fourth. Pages 567. In Stock. Fulfillment by Amazon. From : BYRONI, United States",
9781580402378,American Diabetes Association Complete Guide to Diabetes: The Ultimate Home Reference from the Diabetes Experts,American Diabetes Association @ BookFinder.com,Amazon.com (Prime),used,5.0,"Fourth. Pages 567. In Stock. Fulfillment by Amazon. Amazon Prime. Not a Prime member? Try Amazon Prime 30-Day Free Trial which includes Prime Video, Prime Music and Prime Reading. From : BYRONI, United States",
9781580402378,American Diabetes Association Complete Guide to Diabetes: The Ultimate Home Reference from the Diabetes Experts,American Diabetes Association @ BookFinder.com,Amazon.com,used,6.0,"Fourth. Pages 567. In Stock. From : 1BookCentral, United States",
9781580402378,American Diabetes Association Complete Guide to Diabetes: The Ultimate Home Reference from the Diabetes Experts,American Diabetes Association @ BookFinder.com,Amazon.com,used,7.0,"Fourth. Pages 567. In Stock. Fulfillment by Amazon. From : Starbook Store, United States",
9781580402378,American Diabetes Association Complete Guide to Diabetes: The Ultimate Home Reference from the Diabetes Experts,American Diabetes Association @ BookFinder.com,Amazon.com (Prime),used,8.0,"Fourth. Pages 567. In Stock. Fulfillment by Amazon. Amazon Prime. Not a Prime member? Try Amazon Prime 30-Day Free Trial which includes Prime Video, Prime Music and Prime Reading. From : Starbook Store, United States",
9781580402378,American Diabetes Association Complete Guide to Diabetes: The Ultimate Home Reference from the Diabetes Experts,American Diabetes Association @ BookFinder.com,Amazon.com,used,9.0,"Fourth. Pages 567. In Stock. Fulfillment by Amazon. From : Cocoonn, United States",
9781580402378,American Diabetes Association Complete Guide to Diabetes: The Ultimate Home Reference from the Diabetes Experts,American Diabetes Association @ BookFinder.com,Amazon.com (Prime),used,10.0,"Fourth. Pages 567. In Stock. Fulfillment by Amazon. Amazon Prime. Not a Prime member? Try Amazon Prime 30-Day Free Trial which includes Prime Video, Prime Music and Prime Reading. From : Cocoonn, United States",
9781580402378,American Diabetes Association Complete Guide to Diabetes: The Ultimate Home Reference from the Diabetes Experts,American Diabetes Association @ BookFinder.com,Amazon.com,used,12.0,"Fourth. Pages 567. In Stock. Fulfillment by Amazon. From : 13Best13, United States",
9781580402378,American Diabetes Association Complete Guide to Diabetes: The Ultimate Home Reference from the Diabetes Experts,American Diabetes Association @ BookFinder.com,Amazon.com (Prime),used,13.0,"Fourth. Pages 567. In Stock. Fulfillment by Amazon. Amazon Prime. Not a Prime member? Try Amazon Prime 30-Day Free Trial which includes Prime Video, Prime Music and Prime Reading. From : 13Best13, United States",
9781580402378,American Diabetes Association Complete Guide to Diabetes: The Ultimate Home Reference from the Diabetes Experts,American Diabetes Association @ BookFinder.com,Amazon.com,used,15.0,"Fourth. Pages 567. In Stock. From : Active Dinc, United States",
9781580402378,American Diabetes Association Complete Guide to Diabetes: The Ultimate Home Reference from the Diabetes Experts,American Diabetes Association @ BookFinder.com,Amazon.com,used,17.0,"Fourth. Pages 567. In Stock. Fulfillment by Amazon. From : U.B.D., United States",
9781580402378,American Diabetes Association Complete Guide to Diabetes: The Ultimate Home Reference from the Diabetes Experts,American Diabetes Association @ BookFinder.com,Amazon.com (Prime),used,18.0,"Fourth. Pages 567. In Stock. Fulfillment by Amazon. Amazon Prime. Not a Prime member? Try Amazon Prime 30-Day Free Trial which includes Prime Video, Prime Music and Prime Reading. From : U.B.D., United States",
9781580402378,American Diabetes Association Complete Guide to Diabetes: The Ultimate Home Reference from the Diabetes Experts,American Diabetes Association @ BookFinder.com,Amazon.com,used,23.0,"Fourth. Pages 567. In Stock. Fulfillment by Amazon. From : RealizePotential, United States",
9781580402378,American Diabetes Association Complete Guide to Diabetes: The Ultimate Home Reference from the Diabetes Experts,American Diabetes Association @ BookFinder.com,Amazon.com (Prime),used,24.0,"Fourth. Pages 567. In Stock. Fulfillment by Amazon. Amazon Prime. Not a Prime member? Try Amazon Prime 30-Day Free Trial which includes Prime Video, Prime Music and Prime Reading. From : RealizePotential, United States",
9781580402378,American Diabetes Association Complete Guide to Diabetes: The Ultimate Home Reference from the Diabetes Experts,American Diabetes Association @ BookFinder.com,Amazon.com,used,20.0,"Fourth. Pages 567. In Stock. From : World of Books (previously glenthebookseller), United States",
9781580402378,American Diabetes Association Complete Guide to Diabetes: The Ultimate Home Reference from the Diabetes Experts,American Diabetes Association @ BookFinder.com,Amazon.com,used,21.0,"Fourth. Pages 567. In Stock. From : MegaReads, United States",
9781580402378,American Diabetes Association Complete Guide to Diabetes: The Ultimate Home Reference from the Diabetes Experts,American Diabetes Association @ BookFinder.com,Amazon.com,used,22.0,"Fourth. Pages 567. In Stock. From : RNA TRADE LLC, United States",
9781580402378,American Diabetes Association Complete Guide to Diabetes: The Ultimate Home Reference from the Diabetes Experts,American Diabetes Association @ BookFinder.com,Amazon.com,used,23.0,"Fourth. Pages 567. In Stock. From : Orion LLC, United States",
9781580402378,American Diabetes Association Complete Guide to Diabetes: The Ultimate Home Reference from the Diabetes Experts,American Diabetes Association @ BookFinder.com,Amazon.com,used,25.0,"Fourth. Pages 567. In Stock. From : World of Books (previously glenthebookseller), United States",
9781580402378,American Diabetes Association Complete Guide to Diabetes: The Ultimate Home Reference from the Diabetes Experts,American Diabetes Association @ BookFinder.com,Amazon.com,used,26.0,"Fourth. Pages 567. In stock Usually ships within 3 to 4 days. From : ThriftBooks-Baltimore, United States",
9781580402378,American Diabetes Association Complete Guide to Diabetes: The Ultimate Home Reference from the Diabetes Experts,American Diabetes Association @ BookFinder.com,Amazon.com,used,27.0,"Fourth. Pages 567. In stock Usually ships within 3 to 4 days. From : ThriftBooks-Phoenix, United States",
9781580402378,American Diabetes Association Complete Guide to Diabetes: The Ultimate Home Reference from the Diabetes Experts,American Diabetes Association @ BookFinder.com,Amazon.com,used,28.0,"Fourth. Pages 567. In stock Usually ships within 3 to 4 days. From : ThriftBooks-Seattle, United States",
9781580402378,American Diabetes Association Complete Guide to Diabetes: The Ultimate Home Reference from the Diabetes Experts,American Diabetes Association @ BookFinder.com,Amazon.com,used,29.0,"Fourth. Pages 567. In stock Usually ships within 3 to 4 days. From : ThriftBooks-Dallas, United States",
9781580402378,American Diabetes Association Complete Guide to Diabetes: The Ultimate Home Reference from the Diabetes Experts,American Diabetes Association @ BookFinder.com,Amazon.com,used,47.0,"Fourth. Pages 567. In Stock. From : BooksRun, United States",
9780099784616,Blood Lines: Long and Short Stories,"Rendell, Ruth @ BookFinder.com",Amazon.com,used,8.0,"New Ed Format: Import. Pages 224. In Stock. From : Reuseaworld, United Kingdom",
9780099784616,Blood Lines: Long and Short Stories,"Rendell, Ruth @ BookFinder.com",Amazon.com,used,9.0,"New Ed Format: Import. Pages 224. In Stock. From : Reuseaworld, United Kingdom",
9780099784616,Blood Lines: Long and Short Stories,"Rendell, Ruth @ BookFinder.com",Amazon.com,used,10.0,"New Ed Format: Import. Pages 224. In Stock. From : Reuseaworld, United Kingdom",
9780099784616,Blood Lines: Long and Short Stories,"Rendell, Ruth @ BookFinder.com",Amazon.com,used,11.0,"New Ed Format: Import. Pages 224. In stock Usually ships within 3 to 4 days. From : ThriftBooks-Dallas, United States",
9780099784616,Blood Lines: Long and Short Stories,"Rendell, Ruth @ BookFinder.com",Amazon.com,used,14.0,"New Ed Format: Import. Pages 224. In Stock. From : Hawking Books, United States",
9780099784616,Blood Lines: Long and Short Stories,"Rendell, Ruth @ BookFinder.com",Amazon.com,used,15.0,"New Ed Format: Import. Pages 224. In stock Usually ships within 2 to 3 days. From : awesomebooksusa, United States",
9780099784616,Blood Lines: Long and Short Stories,"Rendell, Ruth @ BookFinder.com",Amazon.com,used,16.0,"New Ed Format: Import. Pages 224. In stock Usually ships within 2 to 3 days. From : Bahamut Media, United States",
9780099784616,Blood Lines: Long and Short Stories,"Rendell, Ruth @ BookFinder.com",Amazon.com,used,29.0,"New Ed Format: Import. Pages 224. In Stock. From : BetterWorldBooksUK, United Kingdom",
9780099784616,Blood Lines: Long and Short Stories,"Rendell, Ruth @ BookFinder.com",Amazon.com,used,30.0,"New Ed Format: Import. Pages 224. In Stock. From : BetterWorldBooksUK, United Kingdom",
9780099784616,Blood Lines: Long and Short Stories,"Rendell, Ruth @ BookFinder.com",Amazon.com,used,47.0,"New Ed Format: Import. Pages 224. In Stock. From : greener_books_london, United Kingdom",
9780099784616,Blood Lines: Long and Short Stories,"Rendell, Ruth @ BookFinder.com",Amazon.com.au,used,49.0,New Ed Format: Kindle eBook. Pages 226. Available for download now. From : PRH UK,
9780099784616,Blood Lines: Long and Short Stories,"Rendell, Ruth @ BookFinder.com",Amazon.com.au,used,1.0,New Ed Format: Kindle eBook. Pages 226. Available for download now. From : PRH UK,
9780099784616,Blood Lines: Long and Short Stories,"Rendell, Ruth @ BookFinder.com",Amazon.com,used,5.0,"New Ed Format: Import. Pages 224. Usually ships within 6 to 7 days. From : BOOKS etc. _, United States",
9780099784616,Blood Lines: Long and Short Stories,"Rendell, Ruth @ BookFinder.com",Amazon.com,used,8.0,"New Ed Format: Import. Pages 224. In Stock. From : Reuseaworld, United Kingdom",
9780099784616,Blood Lines: Long and Short Stories,"Rendell, Ruth @ BookFinder.com",Amazon.com,used,9.0,"New Ed Format: Import. Pages 224. In Stock. From : Reuseaworld, United Kingdom",
9780099784616,Blood Lines: Long and Short Stories,"Rendell, Ruth @ BookFinder.com",Amazon.com,used,10.0,"New Ed Format: Import. Pages 224. In Stock. From : Reuseaworld, United Kingdom",
9780099784616,Blood Lines: Long and Short Stories,"Rendell, Ruth @ BookFinder.com",Amazon.com,used,11.0,"New Ed Format: Import. Pages 224. In stock Usually ships within 3 to 4 days. From : ThriftBooks-Dallas, United States",
9780099784616,Blood Lines: Long and Short Stories,"Rendell, Ruth @ BookFinder.com",Amazon.com,used,14.0,"New Ed Format: Import. Pages 224. In Stock. From : Hawking Books, United States",
9780099784616,Blood Lines: Long and Short Stories,"Rendell, Ruth @ BookFinder.com",Amazon.com,used,15.0,"New Ed Format: Import. Pages 224. In stock Usually ships within 2 to 3 days. From : awesomebooksusa, United States",
9780099784616,Blood Lines: Long and Short Stories,"Rendell, Ruth @ BookFinder.com",Amazon.com,used,16.0,"New Ed Format: Import. Pages 224. In stock Usually ships within 2 to 3 days. From : Bahamut Media, United States",
9780099784616,Blood Lines: Long and Short Stories,"Rendell, Ruth @ BookFinder.com",Amazon.com,used,29.0,"New Ed Format: Import. Pages 224. In Stock. From : BetterWorldBooksUK, United Kingdom",
9780099784616,Blood Lines: Long and Short Stories,"Rendell, Ruth @ BookFinder.com",Amazon.com,used,30.0,"New Ed Format: Import. Pages 224. In Stock. From : BetterWorldBooksUK, United Kingdom",
9780099784616,Blood Lines: Long and Short Stories,"Rendell, Ruth @ BookFinder.com",Amazon.com,used,47.0,"New Ed Format: Import. Pages 224. In Stock. From : greener_books_london, United Kingdom",
9781138499003,Reimagining Communication: Experience,@ BookFinder.com,Amazon.com,used,9.0,"1. Pages 270. In Stock. From : Lakeside Book Merchant, United States",
9781138499003,Reimagining Communication: Experience,@ BookFinder.com,Amazon.com,used,17.0,"1. Pages 270. Usually ships within 7 to 8 days. From : SuperBookDeals---, United States",
9781138499003,Reimagining Communication: Experience,@ BookFinder.com,Amazon.com (Prime),used,18.0,"1. Pages 270. In Stock. Fulfillment by Amazon. Amazon Prime. Not a Prime member? Try Amazon Prime 30-Day Free Trial which includes Prime Video, Prime Music and Prime Reading. From : Amazon.com (Prime), United States",
9781138499003,Reimagining Communication: Experience,@ BookFinder.com,Amazon.com,used,19.0,"1. Pages 270. In Stock. Fulfillment by Amazon. From : Amazon.com, United States",
9781138499003,Reimagining Communication: Experience,@ BookFinder.com,Amazon.com,used,21.0,"1. Pages 270. In stock Usually ships within 4 to 5 days. From : BuyWorldwide, Australia",
9781138499003,Reimagining Communication: Experience,@ BookFinder.com,Amazon.com,used,25.0,"1. Pages 270. Usually ships within 9 to 10 days. From : Bahamut Media, United States",
9781138499003,Reimagining Communication: Experience,@ BookFinder.com,Amazon.com,used,34.0,"1. Pages 270. Usually ships within 13 to 14 days. From : PBShop UK, United Kingdom",
9781138499003,Reimagining Communication: Experience,@ BookFinder.com,Amazon.com,used,35.0,"1. Pages 270. In Stock. From : agreenhippo1, United Kingdom",
9781138499003,Reimagining Communication: Experience,@ BookFinder.com,Amazon.com,used,36.0,"1. Pages 270. Usually ships within 13 to 14 days. From : GrandEagleRetail, United States",
9781138499003,Reimagining Communication: Experience,@ BookFinder.com,Amazon.com,used,42.0,"1. Pages 270. In Stock. From : betterdeals2019, United States",
9781138499003,Reimagining Communication: Experience,@ BookFinder.com,Amazon.com,used,43.0,"1. Pages 270. Usually ships within 13 to 14 days. From : Books Paradise Global, United States",
9781138499003,Reimagining Communication: Experience,@ BookFinder.com,Amazon.com,used,46.0,"1. Pages 270. Usually ships within 7 to 8 days. From : SuperBookDeals---, United States",
9781138499003,Reimagining Communication: Experience,@ BookFinder.com,Amazon.com,used,47.0,"1. Pages 270. Usually ships within 13 to 14 days. From : tabletopart, United States",
9781138499003,Reimagining Communication: Experience,@ BookFinder.com,Amazon.com,used,3.0,"1. Pages 270. In Stock. From : Lakeside Book Merchant, United States",
9781138499003,Reimagining Communication: Experience,@ BookFinder.com,Amazon.com,used,11.0,"1. Pages 270. Usually ships within 7 to 8 days. From : SuperBookDeals---, United States",
9781138499003,Reimagining Communication: Experience,@ BookFinder.com,Amazon.com (Prime),used,12.0,"1. Pages 270. In Stock. Fulfillment by Amazon. Amazon Prime. Not a Prime member? Try Amazon Prime 30-Day Free Trial which includes Prime Video, Prime Music and Prime Reading. From : Amazon.com (Prime), United States",
9781138499003,Reimagining Communication: Experience,@ BookFinder.com,Amazon.com,used,13.0,"1. Pages 270. In Stock. Fulfillment by Amazon. From : Amazon.com, United States",
9781138499003,Reimagining Communication: Experience,@ BookFinder.com,Amazon.com,used,14.0,"1. Pages 270. In stock Usually ships within 4 to 5 days. From : BuyWorldwide, Australia",
9781138499003,Reimagining Communication: Experience,@ BookFinder.com,Amazon.com,used,17.0,"1. Pages 270. Usually ships within 9 to 10 days. From : Bahamut Media, United States",
9781138499003,Reimagining Communication: Experience,@ BookFinder.com,Amazon.com,used,25.0,"1. Pages 270. Usually ships within 13 to 14 days. From : PBShop UK, United Kingdom",
9781138499003,Reimagining Communication: Experience,@ BookFinder.com,Amazon.com,used,26.0,"1. Pages 270. In Stock. From : agreenhippo1, United Kingdom",
9781138499003,Reimagining Communication: Experience,@ BookFinder.com,Amazon.com,used,27.0,"1. Pages 270. Usually ships within 13 to 14 days. From : GrandEagleRetail, United States",
9781138499003,Reimagining Communication: Experience,@ BookFinder.com,Amazon.com,used,32.0,"1. Pages 270. In Stock. From : betterdeals2019, United States",
9781138499003,Reimagining Communication: Experience,@ BookFinder.com,Amazon.com,used,33.0,"1. Pages 270. Usually ships within 13 to 14 days. From : Books Paradise Global, United States",
9781138499003,Reimagining Communication: Experience,@ BookFinder.com,Amazon.com,used,5.0,"1. Pages 270. Usually ships within 7 to 8 days. From : SuperBookDeals---, United States",
9781138499003,Reimagining Communication: Experience,@ BookFinder.com,Amazon.com,used,6.0,"1. Pages 270. Usually ships within 13 to 14 days. From : tabletopart, United States",
9781585103096,The Winter's Tale (New Kittredge Shakespeare),"Shakespeare, William @ BookFinder.com",Amazon.com,used,1.0,"First Edition. Pages 147. In Stock. Fulfillment by Amazon. From : Amazon.com, United States",
9781585103096,The Winter's Tale (New Kittredge Shakespeare),"Shakespeare, William @ BookFinder.com",Amazon.com (Prime),used,2.0,"First Edition. Pages 147. In Stock. Fulfillment by Amazon. Amazon Prime. Not a Prime member? Try Amazon Prime 30-Day Free Trial which includes Prime Video, Prime Music and Prime Reading. From : Amazon.com (Prime), United States",
9781585103096,The Winter's Tale (New Kittredge Shakespeare),"Shakespeare, William @ BookFinder.com",Amazon.com,used,14.0,"First Edition. Pages 147. In Stock. From : BookExcellence, United States",
9781585103096,The Winter's Tale (New Kittredge Shakespeare),"Shakespeare, William @ BookFinder.com",Amazon.com,used,15.0,"First Edition. Pages 147. In Stock. From : BookExcellence, United States",
9781585103096,The Winter's Tale (New Kittredge Shakespeare),"Shakespeare, William @ BookFinder.com",Amazon.com,used,25.0,"First Edition. Pages 147. In Stock. From : RAREWAVES-IMPORTS, United Kingdom",
9781585103096,The Winter's Tale (New Kittredge Shakespeare),"Shakespeare, William @ BookFinder.com",Amazon.com,used,1.0,"First Edition. Pages 147. In Stock. Fulfillment by Amazon. From : Amazon.com, United States",
9781585103096,The Winter's Tale (New Kittredge Shakespeare),"Shakespeare, William @ BookFinder.com",Amazon.com (Prime),used,2.0,"First Edition. Pages 147. In Stock. Fulfillment by Amazon. Amazon Prime. Not a Prime member? Try Amazon Prime 30-Day Free Trial which includes Prime Video, Prime Music and Prime Reading. From : Amazon.com (Prime), United States",
9781585103096,The Winter's Tale (New Kittredge Shakespeare),"Shakespeare, William @ BookFinder.com",Amazon.com,used,7.0,"First Edition. Pages 147. In Stock. From : BookExcellence, United States",
9781585103096,The Winter's Tale (New Kittredge Shakespeare),"Shakespeare, William @ BookFinder.com",Amazon.com,used,16.0,"First Edition. Pages 147. In Stock. From : RAREWAVES-IMPORTS, United Kingdom",
9781585103096,The Winter's Tale (New Kittredge Shakespeare),"Shakespeare, William @ BookFinder.com",Amazon.com,used,2.0,"First Edition. Pages 147. In Stock. From : BookExcellence, United States",
9781782640448,Merlin (The Pendragon Cycle),"Lawhead, Stephen R @ BookFinder.com",Amazon.com,used,3.0,"2. Pages 496. In Stock. From : biblestore, United States",
9781782640448,Merlin (The Pendragon Cycle),"Lawhead, Stephen R @ BookFinder.com",Amazon.com,used,6.0,"2. Pages 496. In Stock. From : Hawking Books, United States",
9781782640448,Merlin (The Pendragon Cycle),"Lawhead, Stephen R @ BookFinder.com",Amazon.com,used,7.0,"2. Pages 496. In Stock. From : WeBuyBooks-UK, United Kingdom",
9781782640448,Merlin (The Pendragon Cycle),"Lawhead, Stephen R @ BookFinder.com",Amazon.com.au,used,9.0,"2 Format: Kindle eBook. Pages 451. Available for download now. From : Amazon Australia Services, Inc.",
9781782640448,Merlin (The Pendragon Cycle),"Lawhead, Stephen R @ BookFinder.com",Amazon.com,used,10.0,"2. Pages 496. In Stock. From : worldofbooksusa, United Kingdom",
9781782640448,Merlin (The Pendragon Cycle),"Lawhead, Stephen R @ BookFinder.com",Amazon.com,used,3.0,"2. Pages 496. In Stock. From : biblestore, United States",
9781782640448,Merlin (The Pendragon Cycle),"Lawhead, Stephen R @ BookFinder.com",Amazon.com.au,used,5.0,"2 Format: Kindle eBook. Pages 451. Available for download now. From : Amazon Australia Services, Inc.",
9781782640448,Merlin (The Pendragon Cycle),"Lawhead, Stephen R @ BookFinder.com",Amazon.com,used,3.0,"2. Pages 496. In Stock. From : Hawking Books, United States",
9781782640448,Merlin (The Pendragon Cycle),"Lawhead, Stephen R @ BookFinder.com",Amazon.com,used,4.0,"2. Pages 496. In Stock. From : WeBuyBooks-UK, United Kingdom",
9781782640448,Merlin (The Pendragon Cycle),"Lawhead, Stephen R @ BookFinder.com",Amazon.com,used,5.0,"2. Pages 496. In Stock. From : worldofbooksusa, United Kingdom",
9781854371287,Antony Gormley,"Biggs, Lewis; McGonagle, Declan; Bann, Stephen @ BookFinder.com",Amazon.com,used,4.0,"First Edition. Pages 1000. In stock Usually ships within 2 to 3 days. From : awesomebooksusa, United States",
9781854371287,Antony Gormley,"Biggs, Lewis; McGonagle, Declan; Bann, Stephen @ BookFinder.com",Amazon.com,used,5.0,"First Edition. Pages 1000. In stock Usually ships within 2 to 3 days. From : Bahamut Media, United States",
9781854371287,Antony Gormley,"Biggs, Lewis; McGonagle, Declan; Bann, Stephen @ BookFinder.com",Amazon.com,used,6.0,"First Edition. Pages 1000. In Stock. From : Chamisa Books, United States",
9781854371287,Antony Gormley,"Biggs, Lewis; McGonagle, Declan; Bann, Stephen @ BookFinder.com",Amazon.com,used,7.0,"First Edition. Pages 1000. In Stock. From : Rob Warren Books, United States",
9781854371287,Antony Gormley,"Biggs, Lewis; McGonagle, Declan; Bann, Stephen @ BookFinder.com",Amazon.com,used,17.0,"First Edition. Pages 1000. In Stock. From : Greensleeves Books, United Kingdom",
9781854371287,Antony Gormley,"Biggs, Lewis; McGonagle, Declan; Bann, Stephen @ BookFinder.com",Amazon.com,used,25.0,"First Edition. Pages 1000. In Stock. From : Jeff Hirsch Books, ABAA, United States",
9781854371287,Antony Gormley,"Biggs, Lewis; McGonagle, Declan; Bann, Stephen @ BookFinder.com",Amazon.com,used,32.0,"First Edition. Pages 1000. In Stock. From : Hennessey + Ingalls, United States",
9781854371287,Antony Gormley,"Biggs, Lewis; McGonagle, Declan; Bann, Stephen @ BookFinder.com",Amazon.com,used,34.0,"First Edition. Pages 1000. In Stock. From : vincent_borrelli_bookseller, United States",
9781854371287,Antony Gormley,"Biggs, Lewis; McGonagle, Declan; Bann, Stephen @ BookFinder.com",Amazon.com,used,4.0,"First Edition. Pages 1000. In stock Usually ships within 2 to 3 days. From : awesomebooksusa, United States",
9781854371287,Antony Gormley,"Biggs, Lewis; McGonagle, Declan; Bann, Stephen @ BookFinder.com",Amazon.com,used,5.0,"First Edition. Pages 1000. In stock Usually ships within 2 to 3 days. From : Bahamut Media, United States",
9781854371287,Antony Gormley,"Biggs, Lewis; McGonagle, Declan; Bann, Stephen @ BookFinder.com",Amazon.com,used,6.0,"First Edition. Pages 1000. In Stock. From : Chamisa Books, United States",
9781854371287,Antony Gormley,"Biggs, Lewis; McGonagle, Declan; Bann, Stephen @ BookFinder.com",Amazon.com,used,7.0,"First Edition. Pages 1000. In Stock. From : Rob Warren Books, United States",
9781854371287,Antony Gormley,"Biggs, Lewis; McGonagle, Declan; Bann, Stephen @ BookFinder.com",Amazon.com,used,17.0,"First Edition. Pages 1000. In Stock. From : Greensleeves Books, United Kingdom",
9781854371287,Antony Gormley,"Biggs, Lewis; McGonagle, Declan; Bann, Stephen @ BookFinder.com",Amazon.com,used,25.0,"First Edition. Pages 1000. In Stock. From : Jeff Hirsch Books, ABAA, United States",
9781854371287,Antony Gormley,"Biggs, Lewis; McGonagle, Declan; Bann, Stephen @ BookFinder.com",Amazon.com,used,32.0,"First Edition. Pages 1000. In Stock. From : Hennessey + Ingalls, United States",
9781854371287,Antony Gormley,"Biggs, Lewis; McGonagle, Declan; Bann, Stephen @ BookFinder.com",Amazon.com,used,34.0,"First Edition. Pages 1000. In Stock. From : vincent_borrelli_bookseller, United States",
9781416906070,"May Bird and the Ever After, Book #1","Anderson, Jodi Lynn @ BookFinder.com",Amazon.com,used,16.0,"Reprint. Pages 352. In Stock. From : World of Books (previously glenthebookseller), United States",
9781416906070,"May Bird and the Ever After, Book #1","Anderson, Jodi Lynn @ BookFinder.com",Amazon.com,used,17.0,"Reprint. Pages 352. In Stock. From : GreatBookDealz, United States",
9781416906070,"May Bird and the Ever After, Book #1","Anderson, Jodi Lynn @ BookFinder.com",Amazon.com,used,19.0,"Reprint. Pages 352. In Stock. From : onceuponatimebooks, United States",
9781416906070,"May Bird and the Ever After, Book #1","Anderson, Jodi Lynn @ BookFinder.com",Amazon.com,used,21.0,"Reprint. Pages 352. In Stock. From : Gulf Coast Books LLC, United States",
9781416906070,"May Bird and the Ever After, Book #1","Anderson, Jodi Lynn @ BookFinder.com",Amazon.com,used,22.0,"Reprint. Pages 352. In Stock. From : Orion LLC, United States",
9781416906070,"May Bird and the Ever After, Book #1","Anderson, Jodi Lynn @ BookFinder.com",Amazon.com,used,26.0,"Reprint. Pages 352. In Stock. From : BooksRun, United States",
9781416906070,"May Bird and the Ever After, Book #1","Anderson, Jodi Lynn @ BookFinder.com",Amazon.com,used,28.0,"Reprint. Pages 352. In Stock. From : DaBookBerm1, United States",
9781416906070,"May Bird and the Ever After, Book #1","Anderson, Jodi Lynn @ BookFinder.com",Amazon.com,used,29.0,"Reprint. Pages 352. In Stock. From : DaBookBerm1, United States",
9781416906070,"May Bird and the Ever After, Book #1","Anderson, Jodi Lynn @ BookFinder.com",Amazon.com,used,37.0,"Reprint. Pages 352. In stock Usually ships within 3 to 4 days. From : ThriftBooks-Atlanta, United States",
9781416906070,"May Bird and the Ever After, Book #1","Anderson, Jodi Lynn @ BookFinder.com",Amazon.com,used,38.0,"Reprint. Pages 352. In stock Usually ships within 3 to 4 days. From : ThriftBooks-Baltimore, United States",
9781416906070,"May Bird and the Ever After, Book #1","Anderson, Jodi Lynn @ BookFinder.com",Amazon.com,used,2.0,"Reprint. Pages 352. Usually ships within 9 to 10 days. From : CalMaz Books, United States",
9781416906070,"May Bird and the Ever After, Book #1","Anderson, Jodi Lynn @ BookFinder.com",Amazon.com,used,3.0,"Reprint. Pages 352. In Stock. Fulfillment by Amazon. From : LifeAura, United States",
9781416906070,"May Bird and the Ever After, Book #1","Anderson, Jodi Lynn @ BookFinder.com",Amazon.com (Prime),used,4.0,"Reprint. Pages 352. In Stock. Fulfillment by Amazon. Amazon Prime. Not a Prime member? Try Amazon Prime 30-Day Free Trial which includes Prime Video, Prime Music and Prime Reading. From : LifeAura, United States",
9781416906070,"May Bird and the Ever After, Book #1","Anderson, Jodi Lynn @ BookFinder.com",Amazon.com,used,16.0,"Reprint. Pages 352. In Stock. From : World of Books (previously glenthebookseller), United States",
9781416906070,"May Bird and the Ever After, Book #1","Anderson, Jodi Lynn @ BookFinder.com",Amazon.com,used,17.0,"Reprint. Pages 352. In Stock. From : GreatBookDealz, United States",
9781416906070,"May Bird and the Ever After, Book #1","Anderson, Jodi Lynn @ BookFinder.com",Amazon.com,used,19.0,"Reprint. Pages 352. In Stock. From : onceuponatimebooks, United States",
9781416906070,"May Bird and the Ever After, Book #1","Anderson, Jodi Lynn @ BookFinder.com",Amazon.com,used,21.0,"Reprint. Pages 352. In Stock. From : Gulf Coast Books LLC, United States",
9781416906070,"May Bird and the Ever After, Book #1","Anderson, Jodi Lynn @ BookFinder.com",Amazon.com,used,22.0,"Reprint. Pages 352. In Stock. From : Orion LLC, United States",
9781416906070,"May Bird and the Ever After, Book #1","Anderson, Jodi Lynn @ BookFinder.com",Amazon.com,used,26.0,"Reprint. Pages 352. In Stock. From : BooksRun, United States",
9781416906070,"May Bird and the Ever After, Book #1","Anderson, Jodi Lynn @ BookFinder.com",Amazon.com,used,28.0,"Reprint. Pages 352. In Stock. From : DaBookBerm1, United States",
9781416906070,"May Bird and the Ever After, Book #1","Anderson, Jodi Lynn @ BookFinder.com",Amazon.com,used,29.0,"Reprint. Pages 352. In Stock. From : DaBookBerm1, United States",
9781416906070,"May Bird and the Ever After, Book #1","Anderson, Jodi Lynn @ BookFinder.com",Amazon.com,used,37.0,"Reprint. Pages 352. In stock Usually ships within 3 to 4 days. From : ThriftBooks-Atlanta, United States",
9781416906070,"May Bird and the Ever After, Book #1","Anderson, Jodi Lynn @ BookFinder.com",Amazon.com,used,38.0,"Reprint. Pages 352. In stock Usually ships within 3 to 4 days. From : ThriftBooks-Baltimore, United States",
9781368024068,The Burning Maze (B&N Exclusive Edition) (The Trials of Apollo Series #3),Rick Riordan @ BookFinder.com,Amazon.com,used,5.0,"First Edition. In Stock. Fulfillment by Amazon. From : MACK Art LLC, United States",
9781368024068,The Burning Maze (B&N Exclusive Edition) (The Trials of Apollo Series #3),Rick Riordan @ BookFinder.com,Amazon.com (Prime),used,6.0,"First Edition. In Stock. Fulfillment by Amazon. Amazon Prime. Not a Prime member? Try Amazon Prime 30-Day Free Trial which includes Prime Video, Prime Music and Prime Reading. From : MACK Art LLC, United States",
9781368024068,The Burning Maze (B&N Exclusive Edition) (The Trials of Apollo Series #3),Rick Riordan @ BookFinder.com,Amazon.com,used,7.0,"First Edition. In Stock. From : Seattlegoodwill, United States",
9781368024068,The Burning Maze (B&N Exclusive Edition) (The Trials of Apollo Series #3),Rick Riordan @ BookFinder.com,Amazon.com,used,9.0,"First Edition. In Stock. From : World of Books (previously glenthebookseller), United States",
9781368024068,The Burning Maze (B&N Exclusive Edition) (The Trials of Apollo Series #3),Rick Riordan @ BookFinder.com,Amazon.com,used,10.0,"First Edition. In Stock. From : World of Books (previously glenthebookseller), United States",
9781368024068,The Burning Maze (B&N Exclusive Edition) (The Trials of Apollo Series #3),Rick Riordan @ BookFinder.com,Amazon.com,used,11.0,"First Edition. In Stock. From : World of Books (previously glenthebookseller), United States",
9781368024068,The Burning Maze (B&N Exclusive Edition) (The Trials of Apollo Series #3),Rick Riordan @ BookFinder.com,Amazon.com,used,30.0,"First Edition. In stock Usually ships within 2 to 3 days. From : Goodwill of Colorado, United States",
9781368024068,The Burning Maze (B&N Exclusive Edition) (The Trials of Apollo Series #3),Rick Riordan @ BookFinder.com,Amazon.com,used,32.0,"First Edition. In stock Usually ships within 3 to 4 days. From : ThriftBooks-Atlanta, United States",
9781368024068,The Burning Maze (B&N Exclusive Edition) (The Trials of Apollo Series #3),Rick Riordan @ BookFinder.com,Amazon.com,used,41.0,"First Edition. In Stock. From : Goodwill of Orange County, United States",
9781368024068,The Burning Maze (B&N Exclusive Edition) (The Trials of Apollo Series #3),Rick Riordan @ BookFinder.com,Amazon.com,used,42.0,"First Edition. In Stock. Fulfillment by Amazon. From : GREENWORLD GOODS, United States",
9781368024068,The Burning Maze (B&N Exclusive Edition) (The Trials of Apollo Series #3),Rick Riordan @ BookFinder.com,Amazon.com (Prime),used,43.0,"First Edition. In Stock. Fulfillment by Amazon. Amazon Prime. Not a Prime member? Try Amazon Prime 30-Day Free Trial which includes Prime Video, Prime Music and Prime Reading. From : GREENWORLD GOODS, United States",
9781368024068,The Burning Maze (B&N Exclusive Edition) (The Trials of Apollo Series #3),Rick Riordan @ BookFinder.com,Amazon.com,used,8.0,"First Edition. In Stock. From : OAKINK, United States",
9781368024068,The Burning Maze (B&N Exclusive Edition) (The Trials of Apollo Series #3),Rick Riordan @ BookFinder.com,Amazon.com,used,9.0,"First Edition. In Stock. From : GF Books, Inc., United States",
9781368024068,The Burning Maze (B&N Exclusive Edition) (The Trials of Apollo Series #3),Rick Riordan @ BookFinder.com,Amazon.com,used,11.0,"First Edition. In Stock. From : PLUTO FINDS, United States",
9781368024068,The Burning Maze (B&N Exclusive Edition) (The Trials of Apollo Series #3),Rick Riordan @ BookFinder.com,Amazon.com,used,15.0,"First Edition. In Stock. Fulfillment by Amazon. From : ISHOPONLINE LLC, United States",
9781368024068,The Burning Maze (B&N Exclusive Edition) (The Trials of Apollo Series #3),Rick Riordan @ BookFinder.com,Amazon.com (Prime),used,16.0,"First Edition. In Stock. Fulfillment by Amazon. Amazon Prime. Not a Prime member? Try Amazon Prime 30-Day Free Trial which includes Prime Video, Prime Music and Prime Reading. From : ISHOPONLINE LLC, United States",
9781368024068,The Burning Maze (B&N Exclusive Edition) (The Trials of Apollo Series #3),Rick Riordan @ BookFinder.com,Amazon.com,used,5.0,"First Edition. In Stock. Fulfillment by Amazon. From : MACK Art LLC, United States",
9781368024068,The Burning Maze (B&N Exclusive Edition) (The Trials of Apollo Series #3),Rick Riordan @ BookFinder.com,Amazon.com (Prime),used,6.0,"First Edition. In Stock. Fulfillment by Amazon. Amazon Prime. Not a Prime member? Try Amazon Prime 30-Day Free Trial which includes Prime Video, Prime Music and Prime Reading. From : MACK Art LLC, United States",
9781368024068,The Burning Maze (B&N Exclusive Edition) (The Trials of Apollo Series #3),Rick Riordan @ BookFinder.com,Amazon.com,used,7.0,"First Edition. In Stock. From : Seattlegoodwill, United States",
9781368024068,The Burning Maze (B&N Exclusive Edition) (The Trials of Apollo Series #3),Rick Riordan @ BookFinder.com,Amazon.com,used,9.0,"First Edition. In Stock. From : World of Books (previously glenthebookseller), United States",
9781368024068,The Burning Maze (B&N Exclusive Edition) (The Trials of Apollo Series #3),Rick Riordan @ BookFinder.com,Amazon.com,used,10.0,"First Edition. In Stock. From : World of Books (previously glenthebookseller), United States",
9781368024068,The Burning Maze (B&N Exclusive Edition) (The Trials of Apollo Series #3),Rick Riordan @ BookFinder.com,Amazon.com,used,11.0,"First Edition. In Stock. From : World of Books (previously glenthebookseller), United States",
9781368024068,The Burning Maze (B&N Exclusive Edition) (The Trials of Apollo Series #3),Rick Riordan @ BookFinder.com,Amazon.com,used,30.0,"First Edition. In stock Usually ships within 2 to 3 days. From : Goodwill of Colorado, United States",
9781368024068,The Burning Maze (B&N Exclusive Edition) (The Trials of Apollo Series #3),Rick Riordan @ BookFinder.com,Amazon.com,used,32.0,"First Edition. In stock Usually ships within 3 to 4 days. From : ThriftBooks-Atlanta, United States",
9781368024068,The Burning Maze (B&N Exclusive Edition) (The Trials of Apollo Series #3),Rick Riordan @ BookFinder.com,Amazon.com,used,41.0,"First Edition. In Stock. From : Goodwill of Orange County, United States",
9781368024068,The Burning Maze (B&N Exclusive Edition) (The Trials of Apollo Series #3),Rick Riordan @ BookFinder.com,Amazon.com,used,42.0,"First Edition. In Stock. Fulfillment by Amazon. From : GREENWORLD GOODS, United States",
9781368024068,The Burning Maze (B&N Exclusive Edition) (The Trials of Apollo Series #3),Rick Riordan @ BookFinder.com,Amazon.com (Prime),used,43.0,"First Edition. In Stock. Fulfillment by Amazon. Amazon Prime. Not a Prime member? Try Amazon Prime 30-Day Free Trial which includes Prime Video, Prime Music and Prime Reading. From : GREENWORLD GOODS, United States",
9781529043280,All Things Bright and Beautiful: The Classic Memoirs of a Yorkshire Country Vet,"Herriot, James @ BookFinder.com",Amazon.com,used,6.0,"New Edit/Cover. Pages 496. In Stock. From : World of Books (previously glenthebookseller), United States",
9781529043280,All Things Bright and Beautiful: The Classic Memoirs of a Yorkshire Country Vet,"Herriot, James @ BookFinder.com",Amazon.com,used,8.0,"New Edit/Cover. Pages 496. In stock Usually ships within 3 to 4 days. From : ThriftBooks-Dallas, United States",
9781529043280,All Things Bright and Beautiful: The Classic Memoirs of a Yorkshire Country Vet,"Herriot, James @ BookFinder.com",Amazon.com,used,12.0,"New Edit/Cover. Pages 496. In Stock. From : RNA TRADE LLC, United States",
9781529043280,All Things Bright and Beautiful: The Classic Memoirs of a Yorkshire Country Vet,"Herriot, James @ BookFinder.com",Amazon.com,used,13.0,"New Edit/Cover. Pages 496. In stock Usually ships within 2 to 3 days. From : awesomebooksusa, United States",
9781529043280,All Things Bright and Beautiful: The Classic Memoirs of a Yorkshire Country Vet,"Herriot, James @ BookFinder.com",Amazon.com,used,18.0,"New Edit/Cover. Pages 496. In Stock. From : worldofbooksusa, United Kingdom",
9781529043280,All Things Bright and Beautiful: The Classic Memoirs of a Yorkshire Country Vet,"Herriot, James @ BookFinder.com",Amazon.com,used,22.0,"New Edit/Cover. Pages 496. In Stock. From : BetterWorldBooksUK, United Kingdom",
9781529043280,All Things Bright and Beautiful: The Classic Memoirs of a Yorkshire Country Vet,"Herriot, James @ BookFinder.com",Amazon.com,used,24.0,"New Edit/Cover. Pages 496. In Stock. From : BookExcellence, United States",
9781529043280,All Things Bright and Beautiful: The Classic Memoirs of a Yorkshire Country Vet,"Herriot, James @ BookFinder.com",Amazon.com,used,29.0,"New Edit/Cover. Pages 496. In Stock. From : Better World Books: West, United States",
9781529043280,All Things Bright and Beautiful: The Classic Memoirs of a Yorkshire Country Vet,"Herriot, James @ BookFinder.com",Amazon.com,used,47.0,"New Edit/Cover. Pages 496. In Stock. From : RussellBooks, United States",
9781529043280,All Things Bright and Beautiful: The Classic Memoirs of a Yorkshire Country Vet,"Herriot, James @ BookFinder.com",Amazon.com,used,6.0,"New Edit/Cover. Pages 496. In Stock. From : World of Books (previously glenthebookseller), United States",
9781529043280,All Things Bright and Beautiful: The Classic Memoirs of a Yorkshire Country Vet,"Herriot, James @ BookFinder.com",Amazon.com,used,8.0,"New Edit/Cover. Pages 496. In stock Usually ships within 3 to 4 days. From : ThriftBooks-Dallas, United States",
9781529043280,All Things Bright and Beautiful: The Classic Memoirs of a Yorkshire Country Vet,"Herriot, James @ BookFinder.com",Amazon.com,used,12.0,"New Edit/Cover. Pages 496. In Stock. From : RNA TRADE LLC, United States",
9781529043280,All Things Bright and Beautiful: The Classic Memoirs of a Yorkshire Country Vet,"Herriot, James @ BookFinder.com",Amazon.com,used,13.0,"New Edit/Cover. Pages 496. In stock Usually ships within 2 to 3 days. From : awesomebooksusa, United States",
9781529043280,All Things Bright and Beautiful: The Classic Memoirs of a Yorkshire Country Vet,"Herriot, James @ BookFinder.com",Amazon.com,used,18.0,"New Edit/Cover. Pages 496. In Stock. From : worldofbooksusa, United Kingdom",
9781529043280,All Things Bright and Beautiful: The Classic Memoirs of a Yorkshire Country Vet,"Herriot, James @ BookFinder.com",Amazon.com,used,22.0,"New Edit/Cover. Pages 496. In Stock. From : BetterWorldBooksUK, United Kingdom",
9781529043280,All Things Bright and Beautiful: The Classic Memoirs of a Yorkshire Country Vet,"Herriot, James @ BookFinder.com",Amazon.com,used,24.0,"New Edit/Cover. Pages 496. In Stock. From : BookExcellence, United States",
9781529043280,All Things Bright and Beautiful: The Classic Memoirs of a Yorkshire Country Vet,"Herriot, James @ BookFinder.com",Amazon.com,used,29.0,"New Edit/Cover. Pages 496. In Stock. From : Better World Books: West, United States",
9781529043280,All Things Bright and Beautiful: The Classic Memoirs of a Yorkshire Country Vet,"Herriot, James @ BookFinder.com",Amazon.com,used,44.0,"New Edit/Cover. Pages 496. In Stock. From : RussellBooks, United States",
9781136146572,,@ BookFinder.com,Amazon.com,used,5.0,"3 Format: Kindle eBook. Pages 529. Available for download now. From : Amazon.com, United States",
9781136146572,,@ BookFinder.com,Amazon.com,used,5.0,"3 Format: Kindle eBook. Pages 529. Available for download now. From : Amazon.com, United States",
9783775716161,Olafur Eliason: Scent Tunnel,"Hirsch, Vanessa; Worm, Thomas @ BookFinder.com",Amazon.com,used,3.0,"Bilingual. Pages 128. In Stock. From : books_from_california, United States",
9783775716161,Olafur Eliason: Scent Tunnel,"Hirsch, Vanessa; Worm, Thomas @ BookFinder.com",Amazon.com,used,9.0,"Bilingual. Pages 128. In Stock. From : Hirschl's Books, United States",
9783775716161,Olafur Eliason: Scent Tunnel,"Hirsch, Vanessa; Worm, Thomas @ BookFinder.com",Amazon.com,used,12.0,"Bilingual. Pages 128. In Stock. From : blackcatbooks2, United States",
9783775716161,Olafur Eliason: Scent Tunnel,"Hirsch, Vanessa; Worm, Thomas @ BookFinder.com",Amazon.com,used,18.0,"Bilingual. Pages 128. In stock Usually ships within 4 to 5 days. From : Gray Fox Canada, France",
9783775716161,Olafur Eliason: Scent Tunnel,"Hirsch, Vanessa; Worm, Thomas @ BookFinder.com",Amazon.com,used,22.0,"Bilingual. Pages 128. In Stock. From : Book_Trading_M, United States",
9783775716161,Olafur Eliason: Scent Tunnel,"Hirsch, Vanessa; Worm, Thomas @ BookFinder.com",Amazon.com,used,1.0,"Bilingual. Pages 128. In Stock. From : Hirschl's Books, United States",
9783775716161,Olafur Eliason: Scent Tunnel,"Hirsch, Vanessa; Worm, Thomas @ BookFinder.com",Amazon.com,used,3.0,"Bilingual. Pages 128. In Stock. From : books_from_california, United States",
9783775716161,Olafur Eliason: Scent Tunnel,"Hirsch, Vanessa; Worm, Thomas @ BookFinder.com",Amazon.com,used,11.0,"Bilingual. Pages 128. In Stock. From : blackcatbooks2, United States",
9783775716161,Olafur Eliason: Scent Tunnel,"Hirsch, Vanessa; Worm, Thomas @ BookFinder.com",Amazon.com,used,16.0,"Bilingual. Pages 128. In stock Usually ships within 4 to 5 days. From : Gray Fox Canada, France",
9783775716161,Olafur Eliason: Scent Tunnel,"Hirsch, Vanessa; Worm, Thomas @ BookFinder.com",Amazon.com,used,20.0,"Bilingual. Pages 128. In Stock. From : Book_Trading_M, United States",
9782809803464,Qui a tué Toutankhamon ?,"Patterson, James; Dugard, Martin @ BookFinder.com",Amazon.com,used,9.0,"ARCHIPEL. Pages 280. In Stock. From : Ammareal - Professional seller, France",
9782809803464,Qui a tué Toutankhamon ?,"Patterson, James; Dugard, Martin @ BookFinder.com",Amazon.com,used,10.0,"ARCHIPEL. Pages 280. In Stock. From : Ammareal - Professional seller, France",
9782809803464,Qui a tué Toutankhamon ?,"Patterson, James; Dugard, Martin @ BookFinder.com",Amazon.com,used,11.0,"ARCHIPEL. Pages 280. In Stock. From : Ammareal - Professional seller, France",
9782809803464,Qui a tué Toutankhamon ?,"Patterson, James; Dugard, Martin @ BookFinder.com",Amazon.com,used,12.0,"ARCHIPEL. Pages 280. In Stock. From : Ammareal - Professional seller, France",
9782809803464,Qui a tué Toutankhamon ?,"Patterson, James; Dugard, Martin @ BookFinder.com",Amazon.com,used,41.0,"ARCHIPEL. Pages 280. In stock Usually ships within 3 to 4 days. From : Walletkite, France",
9782809803464,Qui a tué Toutankhamon ?,"Patterson, James; Dugard, Martin @ BookFinder.com",Amazon.com,used,9.0,"ARCHIPEL. Pages 280. In Stock. From : Ammareal - Professional seller, France",
9782809803464,Qui a tué Toutankhamon ?,"Patterson, James; Dugard, Martin @ BookFinder.com",Amazon.com,used,10.0,"ARCHIPEL. Pages 280. In Stock. From : Ammareal - Professional seller, France",
9782809803464,Qui a tué Toutankhamon ?,"Patterson, James; Dugard, Martin @ BookFinder.com",Amazon.com,used,11.0,"ARCHIPEL. Pages 280. In Stock. From : Ammareal - Professional seller, France",
9782809803464,Qui a tué Toutankhamon ?,"Patterson, James; Dugard, Martin @ BookFinder.com",Amazon.com,used,12.0,"ARCHIPEL. Pages 280. In Stock. From : Ammareal - Professional seller, France",
9782809803464,Qui a tué Toutankhamon ?,"Patterson, James; Dugard, Martin @ BookFinder.com",Amazon.com,used,41.0,"ARCHIPEL. Pages 280. In stock Usually ships within 3 to 4 days. From : Walletkite, France",
9780786965113,"Night of the Hunter: Companions Codex, I","Salvatore, R. A. @ BookFinder.com",Amazon.com,used,16.0,"First Edition. Pages 384. In Stock. Fulfillment by Amazon. From : Charming Darling, United States",
9780786965113,"Night of the Hunter: Companions Codex, I","Salvatore, R. A. @ BookFinder.com",Amazon.com (Prime),used,17.0,"First Edition. Pages 384. In Stock. Fulfillment by Amazon. Amazon Prime. Not a Prime member? Try Amazon Prime 30-Day Free Trial which includes Prime Video, Prime Music and Prime Reading. From : Charming Darling, United States",
9780786965113,"Night of the Hunter: Companions Codex, I","Salvatore, R. A. @ BookFinder.com",Amazon.com,used,18.0,"First Edition. Pages 384. In Stock. Fulfillment by Amazon. From : MilitaryMan20, United States",
9780786965113,"Night of the Hunter: Companions Codex, I","Salvatore, R. A. @ BookFinder.com",Amazon.com (Prime),used,19.0,"First Edition. Pages 384. In Stock. Fulfillment by Amazon. Amazon Prime. Not a Prime member? Try Amazon Prime 30-Day Free Trial which includes Prime Video, Prime Music and Prime Reading. From : MilitaryMan20, United States",
9780786965113,"Night of the Hunter: Companions Codex, I","Salvatore, R. A. @ BookFinder.com",Amazon.com,used,20.0,"First Edition. Pages 384. In Stock. From : HPB Inc., United States",
9780786965113,"Night of the Hunter: Companions Codex, I","Salvatore, R. A. @ BookFinder.com",Amazon.com,used,25.0,"First Edition. Pages 384. In Stock. From : BookinaNook, United States",
9780786965113,"Night of the Hunter: Companions Codex, I","Salvatore, R. A. @ BookFinder.com",Amazon.com,used,26.0,"First Edition. Pages 384. In Stock. Fulfillment by Amazon. From : Gantts, United States",
9780786965113,"Night of the Hunter: Companions Codex, I","Salvatore, R. A. @ BookFinder.com",Amazon.com (Prime),used,27.0,"First Edition. Pages 384. In Stock. Fulfillment by Amazon. Amazon Prime. Not a Prime member? Try Amazon Prime 30-Day Free Trial which includes Prime Video, Prime Music and Prime Reading. From : Gantts, United States",
9780786965113,"Night of the Hunter: Companions Codex, I","Salvatore, R. A. @ BookFinder.com",Amazon.com,used,30.0,"First Edition. Pages 384. In Stock. Fulfillment by Amazon. From : Champ's Collection, United States",
9780786965113,"Night of the Hunter: Companions Codex, I","Salvatore, R. A. @ BookFinder.com",Amazon.com (Prime),used,31.0,"First Edition. Pages 384. In Stock. Fulfillment by Amazon. Amazon Prime. Not a Prime member? Try Amazon Prime 30-Day Free Trial which includes Prime Video, Prime Music and Prime Reading. From : Champ's Collection, United States",
9780786965113,"Night of the Hunter: Companions Codex, I","Salvatore, R. A. @ BookFinder.com",Amazon.com,used,34.0,"First Edition. Pages 384. In Stock. Fulfillment by Amazon. From : Starving Students Music Supplies, United States",
9780786965113,"Night of the Hunter: Companions Codex, I","Salvatore, R. A. @ BookFinder.com",Amazon.com (Prime),used,35.0,"First Edition. Pages 384. In Stock. Fulfillment by Amazon. Amazon Prime. Not a Prime member? Try Amazon Prime 30-Day Free Trial which includes Prime Video, Prime Music and Prime Reading. From : Starving Students Music Supplies, United States",
9780786965113,"Night of the Hunter: Companions Codex, I","Salvatore, R. A. @ BookFinder.com",Amazon.com,used,38.0,"First Edition. Pages 384. In Stock. From : ProMediaEtc, United States",
9780786965113,"Night of the Hunter: Companions Codex, I","Salvatore, R. A. @ BookFinder.com",Amazon.com,used,45.0,"First Edition. Pages 384. In Stock. Fulfillment by Amazon. From : Springfield Collectibles, United States",
9780786965113,"Night of the Hunter: Companions Codex, I","Salvatore, R. A. @ BookFinder.com",Amazon.com (Prime),used,46.0,"First Edition. Pages 384. In Stock. Fulfillment by Amazon. Amazon Prime. Not a Prime member? Try Amazon Prime 30-Day Free Trial which includes Prime Video, Prime Music and Prime Reading. From : Springfield Collectibles, United States",
9780786965113,"Night of the Hunter: Companions Codex, I","Salvatore, R. A. @ BookFinder.com",Amazon.com,used,48.0,"First Edition. Pages 384. In Stock. From : PACIFIC STARS, United States",
9780786965113,"Night of the Hunter: Companions Codex, I","Salvatore, R. A. @ BookFinder.com",Amazon.com,used,49.0,"First Edition. Pages 384. In stock Usually ships within 3 to 4 days. From : BOOK_DEPOT, United States",
9780786965113,"Night of the Hunter: Companions Codex, I","Salvatore, R. A. @ BookFinder.com",Amazon.com,used,6.0,"First Edition. Pages 384. In Stock. Fulfillment by Amazon. From : Springfield Collectibles, United States",
9780786965113,"Night of the Hunter: Companions Codex, I","Salvatore, R. A. @ BookFinder.com",Amazon.com (Prime),used,7.0,"First Edition. Pages 384. In Stock. Fulfillment by Amazon. Amazon Prime. Not a Prime member? Try Amazon Prime 30-Day Free Trial which includes Prime Video, Prime Music and Prime Reading. From : Springfield Collectibles, United States",
9780786965113,"Night of the Hunter: Companions Codex, I","Salvatore, R. A. @ BookFinder.com",Amazon.com,used,8.0,"First Edition. Pages 384. In Stock. From : PACIFIC STARS, United States",
9780786965113,"Night of the Hunter: Companions Codex, I","Salvatore, R. A. @ BookFinder.com",Amazon.com,used,9.0,"First Edition. Pages 384. In stock Usually ships within 3 to 4 days. From : BOOK_DEPOT, United States",
9780786965113,"Night of the Hunter: Companions Codex, I","Salvatore, R. A. @ BookFinder.com",Amazon.com,used,12.0,"First Edition. Pages 384. In Stock. Fulfillment by Amazon. From : Charming Darling, United States",
9780786965113,"Night of the Hunter: Companions Codex, I","Salvatore, R. A. @ BookFinder.com",Amazon.com (Prime),used,13.0,"First Edition. Pages 384. In Stock. Fulfillment by Amazon. Amazon Prime. Not a Prime member? Try Amazon Prime 30-Day Free Trial which includes Prime Video, Prime Music and Prime Reading. From : Charming Darling, United States",
9780786965113,"Night of the Hunter: Companions Codex, I","Salvatore, R. A. @ BookFinder.com",Amazon.com,used,14.0,"First Edition. Pages 384. In Stock. Fulfillment by Amazon. From : MilitaryMan20, United States",
9780786965113,"Night of the Hunter: Companions Codex, I","Salvatore, R. A. @ BookFinder.com",Amazon.com (Prime),used,15.0,"First Edition. Pages 384. In Stock. Fulfillment by Amazon. Amazon Prime. Not a Prime member? Try Amazon Prime 30-Day Free Trial which includes Prime Video, Prime Music and Prime Reading. From : MilitaryMan20, United States",
9780786965113,"Night of the Hunter: Companions Codex, I","Salvatore, R. A. @ BookFinder.com",Amazon.com,used,16.0,"First Edition. Pages 384. In Stock. From : HPB Inc., United States",
9780786965113,"Night of the Hunter: Companions Codex, I","Salvatore, R. A. @ BookFinder.com",Amazon.com,used,20.0,"First Edition. Pages 384. In Stock. From : BookinaNook, United States",
9780786965113,"Night of the Hunter: Companions Codex, I","Salvatore, R. A. @ BookFinder.com",Amazon.com,used,21.0,"First Edition. Pages 384. In Stock. Fulfillment by Amazon. From : Gantts, United States",
9780786965113,"Night of the Hunter: Companions Codex, I","Salvatore, R. A. @ BookFinder.com",Amazon.com (Prime),used,22.0,"First Edition. Pages 384. In Stock. Fulfillment by Amazon. Amazon Prime. Not a Prime member? Try Amazon Prime 30-Day Free Trial which includes Prime Video, Prime Music and Prime Reading. From : Gantts, United States",
9780786965113,"Night of the Hunter: Companions Codex, I","Salvatore, R. A. @ BookFinder.com",Amazon.com,used,25.0,"First Edition. Pages 384. In Stock. Fulfillment by Amazon. From : Champ's Collection, United States",
9780786965113,"Night of the Hunter: Companions Codex, I","Salvatore, R. A. @ BookFinder.com",Amazon.com (Prime),used,26.0,"First Edition. Pages 384. In Stock. Fulfillment by Amazon. Amazon Prime. Not a Prime member? Try Amazon Prime 30-Day Free Trial which includes Prime Video, Prime Music and Prime Reading. From : Champ's Collection, United States",
9780786965113,"Night of the Hunter: Companions Codex, I","Salvatore, R. A. @ BookFinder.com",Amazon.com,used,29.0,"First Edition. Pages 384. In Stock. Fulfillment by Amazon. From : Starving Students Music Supplies, United States",
9780786965113,"Night of the Hunter: Companions Codex, I","Salvatore, R. A. @ BookFinder.com",Amazon.com (Prime),used,30.0,"First Edition. Pages 384. In Stock. Fulfillment by Amazon. Amazon Prime. Not a Prime member? Try Amazon Prime 30-Day Free Trial which includes Prime Video, Prime Music and Prime Reading. From : Starving Students Music Supplies, United States",
9780786965113,"Night of the Hunter: Companions Codex, I","Salvatore, R. A. @ BookFinder.com",Amazon.com,used,33.0,"First Edition. Pages 384. In Stock. From : ProMediaEtc, United States",
9780809073528,"Night, Dawn, The Accident: Three Tales (English and French Edition)","Wiesel, Elie @ BookFinder.com",Amazon.com,used,4.0,"First Edition; Clean pages, book plate from con/original dust jacket over cloth ; First edition with full number line and $7.95 price to dj. Ex-libraryClean pages, book plate from congregation library with call number to spine and stamp to title page, binding solid, cloth boards clean, dust jacket with shelf wear, original dust jacket over cloth boards. Hardcover. Edition: First Edition. Pages 318. In Stock. From : HGG Books, United States",
9780809073528,"Night, Dawn, The Accident: Three Tales (English and French Edition)","Wiesel, Elie @ BookFinder.com",Amazon.com,used,8.0,First Edition. Pages 318. In Stock. From : Totem Books,
9780809073528,"Night, Dawn, The Accident: Three Tales (English and French Edition)","Wiesel, Elie @ BookFinder.com",Amazon.com,used,11.0,"First Edition. Pages 318. In stock Usually ships within 3 to 4 days. From : ThriftBooks-Seattle, United States",
9780809073528,"Night, Dawn, The Accident: Three Tales (English and French Edition)","Wiesel, Elie @ BookFinder.com",Amazon.com,used,34.0,"First Edition. Pages 318. In stock Usually ships within 3 to 4 days. From : Walletkite, France",
9780809073528,"Night, Dawn, The Accident: Three Tales (English and French Edition)","Wiesel, Elie @ BookFinder.com",Amazon.com,used,4.0,"First Edition; Clean pages, book plate from con/original dust jacket over cloth ; First edition with full number line and $7.95 price to dj. Ex-libraryClean pages, book plate from congregation library with call number to spine and stamp to title page, binding solid, cloth boards clean, dust jacket with shelf wear, original dust jacket over cloth boards. Hardcover. Edition: First Edition. Pages 318. In Stock. From : HGG Books, United States",
9780809073528,"Night, Dawn, The Accident: Three Tales (English and French Edition)","Wiesel, Elie @ BookFinder.com",Amazon.com,used,8.0,First Edition. Pages 318. In Stock. From : Totem Books,
9780809073528,"Night, Dawn, The Accident: Three Tales (English and French Edition)","Wiesel, Elie @ BookFinder.com",Amazon.com,used,11.0,"First Edition. Pages 318. In stock Usually ships within 3 to 4 days. From : ThriftBooks-Seattle, United States",
9780809073528,"Night, Dawn, The Accident: Three Tales (English and French Edition)","Wiesel, Elie @ BookFinder.com",Amazon.com,used,31.0,"First Edition. Pages 318. In stock Usually ships within 3 to 4 days. From : Walletkite, France",
9781412936224,Understanding the Sociology of Health: An Introduction,"Barry, Anne-Marie; Yuill, Chris @ BookFinder.com",Amazon.com,used,17.0,"2nd. Pages 320. In Stock. From : the_book_community, United States",
9781412936224,Understanding the Sociology of Health: An Introduction,"Barry, Anne-Marie; Yuill, Chris @ BookFinder.com",Amazon.com,used,18.0,"2nd. Pages 320. In stock Usually ships within 3 to 4 days. From : Serendipity UnLtd, United States",
9781412936224,Understanding the Sociology of Health: An Introduction,"Barry, Anne-Marie; Yuill, Chris @ BookFinder.com",Amazon.com,used,19.0,"2nd. Pages 320. In Stock. From : Phatpocket Bookstore, United Kingdom",
9781412936224,Understanding the Sociology of Health: An Introduction,"Barry, Anne-Marie; Yuill, Chris @ BookFinder.com",Amazon.com,used,20.0,"2nd. Pages 320. In Stock. From : Phatpocket Bookstore, United Kingdom",
9781412936224,Understanding the Sociology of Health: An Introduction,"Barry, Anne-Marie; Yuill, Chris @ BookFinder.com",Amazon.com.au,used,26.0,2. Pages 320. In stock. From : University Bookstore Boston USA,
9781412936224,Understanding the Sociology of Health: An Introduction,"Barry, Anne-Marie; Yuill, Chris @ BookFinder.com",Amazon.com,used,17.0,"2nd. Pages 320. In Stock. From : the_book_community, United States",
9781412936224,Understanding the Sociology of Health: An Introduction,"Barry, Anne-Marie; Yuill, Chris @ BookFinder.com",Amazon.com,used,18.0,"2nd. Pages 320. In stock Usually ships within 3 to 4 days. From : Serendipity UnLtd, United States",
9781412936224,Understanding the Sociology of Health: An Introduction,"Barry, Anne-Marie; Yuill, Chris @ BookFinder.com",Amazon.com,used,19.0,"2nd. Pages 320. In Stock. From : Phatpocket Bookstore, United Kingdom",
9781412936224,Understanding the Sociology of Health: An Introduction,"Barry, Anne-Marie; Yuill, Chris @ BookFinder.com",Amazon.com,used,20.0,"2nd. Pages 320. In Stock. From : Phatpocket Bookstore, United Kingdom",
9781412936224,Understanding the Sociology of Health: An Introduction,"Barry, Anne-Marie; Yuill, Chris @ BookFinder.com",Amazon.com.au,used,26.0,2. Pages 320. In stock. From : University Bookstore Boston USA,
9780061231155,Skulduggery Pleasant,"Landy, Derek @ BookFinder.com",Amazon.com,used,11.0,"UNABRIDGED VERSION Format: Deckle Edge. Pages 400. In stock Usually ships within 2 to 3 days. From : Dream Books Co., United States",
9780061231155,Skulduggery Pleasant,"Landy, Derek @ BookFinder.com",Amazon.com,used,12.0,"UNABRIDGED VERSION Format: Deckle Edge. Pages 400. In stock Usually ships within 3 to 4 days. From : ThriftBooks-Seattle, United States",
9780061231155,Skulduggery Pleasant,"Landy, Derek @ BookFinder.com",Amazon.com,used,16.0,"UNABRIDGED VERSION Format: Deckle Edge. Pages 400. In Stock. From : GreatBookDealz, United States",
9780061231155,Skulduggery Pleasant,"Landy, Derek @ BookFinder.com",Amazon.com,used,18.0,"UNABRIDGED VERSION Format: Deckle Edge. Pages 400. In Stock. From : BrownStoreSales, United States",
9780061231155,Skulduggery Pleasant,"Landy, Derek @ BookFinder.com",Amazon.com,used,35.0,"UNABRIDGED VERSION Format: Deckle Edge. Pages 400. In Stock. From : LuminaryBooks, United States",
9780061231155,Skulduggery Pleasant,"Landy, Derek @ BookFinder.com",Amazon.com,used,36.0,"UNABRIDGED VERSION Format: Deckle Edge. Pages 400. In Stock. From : ynots closet, United States",
9780061231155,Skulduggery Pleasant,"Landy, Derek @ BookFinder.com",Amazon.com,used,37.0,"UNABRIDGED VERSION Format: Deckle Edge. Pages 400. In Stock. From : GreatBookDealz, United States",
9780061231155,Skulduggery Pleasant,"Landy, Derek @ BookFinder.com",Amazon.com,used,39.0,"UNABRIDGED VERSION Format: Deckle Edge. Pages 400. In Stock. Fulfillment by Amazon. From : Zoom Books Company, United States",
9780061231155,Skulduggery Pleasant,"Landy, Derek @ BookFinder.com",Amazon.com (Prime),used,40.0,"UNABRIDGED VERSION Format: Deckle Edge. Pages 400. In Stock. Fulfillment by Amazon. Amazon Prime. Not a Prime member? Try Amazon Prime 30-Day Free Trial which includes Prime Video, Prime Music and Prime Reading. From : Zoom Books Company, United States",
9780061231155,Skulduggery Pleasant,"Landy, Derek @ BookFinder.com",Amazon.com,used,43.0,"UNABRIDGED VERSION Format: Deckle Edge. Pages 400. In Stock. Fulfillment by Amazon. From : Zoom Books Company, United States",
9780061231155,Skulduggery Pleasant,"Landy, Derek @ BookFinder.com",Amazon.com (Prime),used,44.0,"UNABRIDGED VERSION Format: Deckle Edge. Pages 400. In Stock. Fulfillment by Amazon. Amazon Prime. Not a Prime member? Try Amazon Prime 30-Day Free Trial which includes Prime Video, Prime Music and Prime Reading. From : Zoom Books Company, United States",
9780061231155,Skulduggery Pleasant,"Landy, Derek @ BookFinder.com",Amazon.com,used,46.0,"UNABRIDGED VERSION Format: Deckle Edge. Pages 400. In Stock. From : Isabella's Book Barn, United States",
9780061231155,Skulduggery Pleasant,"Landy, Derek @ BookFinder.com",Amazon.com,used,50.0,"UNABRIDGED VERSION Format: Deckle Edge. Pages 400. Fulfillment by Amazon. From : Aziz Dayi, United States",
9780061231155,Skulduggery Pleasant,"Landy, Derek @ BookFinder.com",Amazon.com,used,1.0,"UNABRIDGED VERSION Format: Deckle Edge. Pages 400. Fulfillment by Amazon. From : Aziz Dayi, United States",
9780061231155,Skulduggery Pleasant,"Landy, Derek @ BookFinder.com",Amazon.com (Prime),used,2.0,"UNABRIDGED VERSION Format: Deckle Edge. Pages 400. Fulfillment by Amazon. Amazon Prime. Not a Prime member? Try Amazon Prime 30-Day Free Trial which includes Prime Video, Prime Music and Prime Reading. From : Aziz Dayi, United States",
9780061231155,Skulduggery Pleasant,"Landy, Derek @ BookFinder.com",Amazon.com,used,3.0,"UNABRIDGED VERSION Format: Deckle Edge. Pages 400. In Stock. Fulfillment by Amazon. From : ABooksShop, United States",
9780061231155,Skulduggery Pleasant,"Landy, Derek @ BookFinder.com",Amazon.com (Prime),used,4.0,"UNABRIDGED VERSION Format: Deckle Edge. Pages 400. In Stock. Fulfillment by Amazon. Amazon Prime. Not a Prime member? Try Amazon Prime 30-Day Free Trial which includes Prime Video, Prime Music and Prime Reading. From : ABooksShop, United States",
9780061231155,Skulduggery Pleasant,"Landy, Derek @ BookFinder.com",Amazon.com,used,5.0,"UNABRIDGED VERSION Format: Deckle Edge. Pages 400. In Stock. Fulfillment by Amazon. From : Emmas Store, Canada",
9780061231155,Skulduggery Pleasant,"Landy, Derek @ BookFinder.com",Amazon.com,used,6.0,"UNABRIDGED VERSION Format: Deckle Edge. Pages 400. Usually ships within 11 to 12 days. From : Hafa Adai Books LLC, United States",
9780061231155,Skulduggery Pleasant,"Landy, Derek @ BookFinder.com",Amazon.com,used,11.0,"UNABRIDGED VERSION Format: Deckle Edge. Pages 400. In stock Usually ships within 2 to 3 days. From : Dream Books Co., United States",
9780061231155,Skulduggery Pleasant,"Landy, Derek @ BookFinder.com",Amazon.com,used,12.0,"UNABRIDGED VERSION Format: Deckle Edge. Pages 400. In stock Usually ships within 3 to 4 days. From : ThriftBooks-Seattle, United States",
9780061231155,Skulduggery Pleasant,"Landy, Derek @ BookFinder.com",Amazon.com,used,16.0,"UNABRIDGED VERSION Format: Deckle Edge. Pages 400. In Stock. From : GreatBookDealz, United States",
9780061231155,Skulduggery Pleasant,"Landy, Derek @ BookFinder.com",Amazon.com,used,18.0,"UNABRIDGED VERSION Format: Deckle Edge. Pages 400. In Stock. From : BrownStoreSales, United States",
9780061231155,Skulduggery Pleasant,"Landy, Derek @ BookFinder.com",Amazon.com,used,35.0,"UNABRIDGED VERSION Format: Deckle Edge. Pages 400. In Stock. From : LuminaryBooks, United States",
9780061231155,Skulduggery Pleasant,"Landy, Derek @ BookFinder.com",Amazon.com,used,36.0,"UNABRIDGED VERSION Format: Deckle Edge. Pages 400. In Stock. From : ynots closet, United States",
9780061231155,Skulduggery Pleasant,"Landy, Derek @ BookFinder.com",Amazon.com,used,37.0,"UNABRIDGED VERSION Format: Deckle Edge. Pages 400. In Stock. From : GreatBookDealz, United States",
9780061231155,Skulduggery Pleasant,"Landy, Derek @ BookFinder.com",Amazon.com,used,39.0,"UNABRIDGED VERSION Format: Deckle Edge. Pages 400. In Stock. Fulfillment by Amazon. From : Zoom Books Company, United States",
9780061231155,Skulduggery Pleasant,"Landy, Derek @ BookFinder.com",Amazon.com (Prime),used,40.0,"UNABRIDGED VERSION Format: Deckle Edge. Pages 400. In Stock. Fulfillment by Amazon. Amazon Prime. Not a Prime member? Try Amazon Prime 30-Day Free Trial which includes Prime Video, Prime Music and Prime Reading. From : Zoom Books Company, United States",
9780061231155,Skulduggery Pleasant,"Landy, Derek @ BookFinder.com",Amazon.com,used,43.0,"UNABRIDGED VERSION Format: Deckle Edge. Pages 400. In Stock. Fulfillment by Amazon. From : Zoom Books Company, United States",
9780061231155,Skulduggery Pleasant,"Landy, Derek @ BookFinder.com",Amazon.com (Prime),used,44.0,"UNABRIDGED VERSION Format: Deckle Edge. Pages 400. In Stock. Fulfillment by Amazon. Amazon Prime. Not a Prime member? Try Amazon Prime 30-Day Free Trial which includes Prime Video, Prime Music and Prime Reading. From : Zoom Books Company, United States",
9780061231155,Skulduggery Pleasant,"Landy, Derek @ BookFinder.com",Amazon.com,used,46.0,"UNABRIDGED VERSION Format: Deckle Edge. Pages 400. In Stock. From : Isabella's Book Barn, United States",
9780553383577,City of Saints and Madmen,"VanderMeer, Jeff @ BookFinder.com",Amazon.com,used,1.0,"Reprint. Pages 704. In Stock. From : Seattlegoodwill, United States",
9780553383577,City of Saints and Madmen,"VanderMeer, Jeff @ BookFinder.com",Amazon.com,used,2.0,"Reprint. Pages 704. In stock Usually ships within 2 to 3 days. From : Goodwill of Western Missouri & Eastern Kansas, United States",
9780553383577,City of Saints and Madmen,"VanderMeer, Jeff @ BookFinder.com",Amazon.com,used,10.0,"Reprint. Pages 704. In Stock. From : Half Price Books Inc, United States",
9780553383577,City of Saints and Madmen,"VanderMeer, Jeff @ BookFinder.com",Amazon.com,used,13.0,"Reprint. Pages 704. In Stock. From : St Vinnie's Charitable Books, United States",
9780553383577,City of Saints and Madmen,"VanderMeer, Jeff @ BookFinder.com",Amazon.com,used,18.0,"Reprint. Pages 704. In Stock. From : Kraken versus Cthulhu, United States",
9780553383577,City of Saints and Madmen,"VanderMeer, Jeff @ BookFinder.com",Amazon.com,used,21.0,"Reprint. Pages 704. In Stock. From : departedpaper, United States",
9780553383577,City of Saints and Madmen,"VanderMeer, Jeff @ BookFinder.com",Amazon.com,used,22.0,"Reprint. Pages 704. In Stock. From : GF Books, Inc., United States",
9780553383577,City of Saints and Madmen,"VanderMeer, Jeff @ BookFinder.com",Amazon.com,used,24.0,"Reprint. Pages 704. In Stock. From : AFFORDABLE PRODUCTS CO, United States",
9780553383577,City of Saints and Madmen,"VanderMeer, Jeff @ BookFinder.com",Amazon.com,used,26.0,"Reprint. Pages 704. In Stock. From : Waterton Book Company, United States",
9780553383577,City of Saints and Madmen,"VanderMeer, Jeff @ BookFinder.com",Amazon.com,used,32.0,"Reprint. Pages 704. In Stock. From : Sean Franklin St, United States",
9780553383577,City of Saints and Madmen,"VanderMeer, Jeff @ BookFinder.com",Amazon.com,used,1.0,"Reprint. Pages 704. In Stock. From : Seattlegoodwill, United States",
9780553383577,City of Saints and Madmen,"VanderMeer, Jeff @ BookFinder.com",Amazon.com,used,2.0,"Reprint. Pages 704. In stock Usually ships within 2 to 3 days. From : Goodwill of Western Missouri & Eastern Kansas, United States",
9780553383577,City of Saints and Madmen,"VanderMeer, Jeff @ BookFinder.com",Amazon.com,used,10.0,"Reprint. Pages 704. In Stock. From : Half Price Books Inc, United States",
9780553383577,City of Saints and Madmen,"VanderMeer, Jeff @ BookFinder.com",Amazon.com,used,13.0,"Reprint. Pages 704. In Stock. From : St Vinnie's Charitable Books, United States",
9780553383577,City of Saints and Madmen,"VanderMeer, Jeff @ BookFinder.com",Amazon.com,used,18.0,"Reprint. Pages 704. In Stock. From : Kraken versus Cthulhu, United States",
9780553383577,City of Saints and Madmen,"VanderMeer, Jeff @ BookFinder.com",Amazon.com,used,21.0,"Reprint. Pages 704. In Stock. From : departedpaper, United States",
9780553383577,City of Saints and Madmen,"VanderMeer, Jeff @ BookFinder.com",Amazon.com,used,22.0,"Reprint. Pages 704. In Stock. From : GF Books, Inc., United States",
9780553383577,City of Saints and Madmen,"VanderMeer, Jeff @ BookFinder.com",Amazon.com,used,24.0,"Reprint. Pages 704. In Stock. From : AFFORDABLE PRODUCTS CO, United States",
9780553383577,City of Saints and Madmen,"VanderMeer, Jeff @ BookFinder.com",Amazon.com,used,26.0,"Reprint. Pages 704. In Stock. From : Waterton Book Company, United States",
9780553383577,City of Saints and Madmen,"VanderMeer, Jeff @ BookFinder.com",Amazon.com,used,32.0,"Reprint. Pages 704. In Stock. From : Sean Franklin St, United States",
9781410420077,The Song of the Lark,"Cather, Willa @ BookFinder.com",Amazon.com,used,6.0,"Large Print Format: Large Print. Pages 663. In stock Usually ships within 3 to 4 days. From : ThriftBooks-Dallas, United States",
9781410420077,The Song of the Lark,"Cather, Willa @ BookFinder.com",Amazon.com,used,10.0,"Large Print Format: Large Print. Pages 663. In Stock. From : BetterWorldBooksUK, United Kingdom",
9781410420077,The Song of the Lark,"Cather, Willa @ BookFinder.com",Amazon.com,used,11.0,"Large Print Format: Large Print. Pages 663. In Stock. From : BetterWorldBooksUK, United Kingdom",
9781410420077,The Song of the Lark,"Cather, Willa @ BookFinder.com",Amazon.com.au,used,34.0,Large type / Large print Format: Large Print. Pages 663. Usually dispatched within 2 to 3 weeks. From : SonicBW,
9781410420077,The Song of the Lark,"Cather, Willa @ BookFinder.com",Amazon.com.au,used,6.0,Large type / Large print Format: Large Print. Pages 663. Usually dispatched within 2 to 3 weeks. From : SonicBW,
9781410420077,The Song of the Lark,"Cather, Willa @ BookFinder.com",Amazon.com,used,6.0,"Large Print Format: Large Print. Pages 663. In stock Usually ships within 3 to 4 days. From : ThriftBooks-Dallas, United States",
9781410420077,The Song of the Lark,"Cather, Willa @ BookFinder.com",Amazon.com,used,10.0,"Large Print Format: Large Print. Pages 663. In Stock. From : BetterWorldBooksUK, United Kingdom",
9781410420077,The Song of the Lark,"Cather, Willa @ BookFinder.com",Amazon.com,used,11.0,"Large Print Format: Large Print. Pages 663. In Stock. From : BetterWorldBooksUK, United Kingdom",
9780307271914,,@ BookFinder.com,Amazon.com,used,2.0,"1 Format: Kindle eBook. Pages 308. Available for download now. From : Random House LLC, United States",
9780307271914,,@ BookFinder.com,Amazon.com,used,2.0,"1 Format: Kindle eBook. Pages 308. Available for download now. From : Random House LLC, United States",
9781429966757,,@ BookFinder.com,Amazon.com,used,2.0,"First Format: Kindle eBook. Pages 322. Available for download now. From : Macmillan, United States",
9781429966757,,@ BookFinder.com,Amazon.com,used,2.0,"First Format: Kindle eBook. Pages 322. Available for download now. From : Macmillan, United States",
9780553280647,The Gate to Women's Country: A Novel,"Tepper, Sheri S. @ BookFinder.com",Amazon.com,used,19.0,"unknown. Pages 336. In stock Usually ships within 2 to 3 days. From : Valleys Books & More, United States",
9780553280647,The Gate to Women's Country: A Novel,"Tepper, Sheri S. @ BookFinder.com",Amazon.com,used,21.0,"unknown. Pages 336. In Stock. From : Isle of Books Montana, United States",
9780553280647,The Gate to Women's Country: A Novel,"Tepper, Sheri S. @ BookFinder.com",Amazon.com,used,22.0,"unknown. Pages 336. In Stock. From : GREENWORLD GOODS, United States",
9780553280647,The Gate to Women's Country: A Novel,"Tepper, Sheri S. @ BookFinder.com",Amazon.com,used,23.0,"unknown. Pages 336. In stock Usually ships within 2 to 3 days. From : RNA TRADE LLC, United States",
9780553280647,The Gate to Women's Country: A Novel,"Tepper, Sheri S. @ BookFinder.com",Amazon.com,used,24.0,"unknown. Pages 336. In stock Usually ships within 2 to 3 days. From : Reliant Distribution, United States",
9780553280647,The Gate to Women's Country: A Novel,"Tepper, Sheri S. @ BookFinder.com",Amazon.com,used,41.0,"unknown. Pages 336. In stock Usually ships within 3 to 4 days. From : ThriftBooks-Phoenix, United States",
9780553280647,The Gate to Women's Country: A Novel,"Tepper, Sheri S. @ BookFinder.com",Amazon.com,used,42.0,"unknown. Pages 336. In stock Usually ships within 3 to 4 days. From : ThriftBooks-Dallas, United States",
9780553280647,The Gate to Women's Country: A Novel,"Tepper, Sheri S. @ BookFinder.com",Amazon.com,used,43.0,"unknown. Pages 336. In stock Usually ships within 3 to 4 days. From : ThriftBooks-Baltimore, United States",
9780553280647,The Gate to Women's Country: A Novel,"Tepper, Sheri S. @ BookFinder.com",Amazon.com,used,44.0,"unknown. Pages 336. In stock Usually ships within 3 to 4 days. From : ThriftBooks-Seattle, United States",
9780553280647,The Gate to Women's Country: A Novel,"Tepper, Sheri S. @ BookFinder.com",Amazon.com,used,45.0,"unknown. Pages 336. In stock Usually ships within 3 to 4 days. From : ThriftBooks-Chicago, United States",
9780553280647,The Gate to Women's Country: A Novel,"Tepper, Sheri S. @ BookFinder.com",Amazon.com,used,1.0,"unknown. Pages 336. In Stock. Fulfillment by Amazon. From : Amazon.com, United States",
9780553280647,The Gate to Women's Country: A Novel,"Tepper, Sheri S. @ BookFinder.com",Amazon.com (Prime),used,2.0,"unknown. Pages 336. In Stock. Fulfillment by Amazon. Amazon Prime. Not a Prime member? Try Amazon Prime 30-Day Free Trial which includes Prime Video, Prime Music and Prime Reading. From : Amazon.com (Prime), United States",
9780553280647,The Gate to Women's Country: A Novel,"Tepper, Sheri S. @ BookFinder.com",Amazon.com,used,6.0,"unknown. Pages 336. In Stock. From : PISHON RIVER, United States",
9780553280647,The Gate to Women's Country: A Novel,"Tepper, Sheri S. @ BookFinder.com",Amazon.com,used,10.0,"unknown. Pages 336. In Stock. From : RAREWAVES-IMPORTS, United Kingdom",
9780553280647,The Gate to Women's Country: A Novel,"Tepper, Sheri S. @ BookFinder.com",Amazon.com,used,19.0,"unknown. Pages 336. In stock Usually ships within 2 to 3 days. From : Valleys Books & More, United States",
9780553280647,The Gate to Women's Country: A Novel,"Tepper, Sheri S. @ BookFinder.com",Amazon.com,used,21.0,"unknown. Pages 336. In Stock. From : Isle of Books Montana, United States",
9780553280647,The Gate to Women's Country: A Novel,"Tepper, Sheri S. @ BookFinder.com",Amazon.com,used,22.0,"unknown. Pages 336. In Stock. From : GREENWORLD GOODS, United States",
9780553280647,The Gate to Women's Country: A Novel,"Tepper, Sheri S. @ BookFinder.com",Amazon.com,used,23.0,"unknown. Pages 336. In stock Usually ships within 2 to 3 days. From : RNA TRADE LLC, United States",
9780553280647,The Gate to Women's Country: A Novel,"Tepper, Sheri S. @ BookFinder.com",Amazon.com,used,24.0,"unknown. Pages 336. In stock Usually ships within 2 to 3 days. From : Reliant Distribution, United States",
9780553280647,The Gate to Women's Country: A Novel,"Tepper, Sheri S. @ BookFinder.com",Amazon.com,used,41.0,"unknown. Pages 336. In stock Usually ships within 3 to 4 days. From : ThriftBooks-Phoenix, United States",
9780553280647,The Gate to Women's Country: A Novel,"Tepper, Sheri S. @ BookFinder.com",Amazon.com,used,42.0,"unknown. Pages 336. In stock Usually ships within 3 to 4 days. From : ThriftBooks-Dallas, United States",
9780553280647,The Gate to Women's Country: A Novel,"Tepper, Sheri S. @ BookFinder.com",Amazon.com,used,43.0,"unknown. Pages 336. In stock Usually ships within 3 to 4 days. From : ThriftBooks-Baltimore, United States",
9780553280647,The Gate to Women's Country: A Novel,"Tepper, Sheri S. @ BookFinder.com",Amazon.com,used,44.0,"unknown. Pages 336. In stock Usually ships within 3 to 4 days. From : ThriftBooks-Seattle, United States",
9780553280647,The Gate to Women's Country: A Novel,"Tepper, Sheri S. @ BookFinder.com",Amazon.com,used,45.0,"unknown. Pages 336. In stock Usually ships within 3 to 4 days. From : ThriftBooks-Chicago, United States",
9780786468713,"The Invisible Man: A Grotesque Romance: A Critical Text of the 1897 New York First Edition, with an Introduction and Appendices (The Annotated H.G. Wells, 3)","Wells, H.G. @ BookFinder.com",Amazon.com,used,1.0,"Reprint. Pages 251. In stock Usually ships within 2 to 3 days. From : AsheCo Booksellers, United States",
9780786468713,"The Invisible Man: A Grotesque Romance: A Critical Text of the 1897 New York First Edition, with an Introduction and Appendices (The Annotated H.G. Wells, 3)","Wells, H.G. @ BookFinder.com",Amazon.com,used,2.0,"Reprint. Pages 251. In Stock. Fulfillment by Amazon. From : Amazon.com, United States",
9780786468713,"The Invisible Man: A Grotesque Romance: A Critical Text of the 1897 New York First Edition, with an Introduction and Appendices (The Annotated H.G. Wells, 3)","Wells, H.G. @ BookFinder.com",Amazon.com (Prime),used,3.0,"Reprint. Pages 251. In Stock. Fulfillment by Amazon. Amazon Prime. Not a Prime member? Try Amazon Prime 30-Day Free Trial which includes Prime Video, Prime Music and Prime Reading. From : Amazon.com (Prime), United States",
9780786468713,"The Invisible Man: A Grotesque Romance: A Critical Text of the 1897 New York First Edition, with an Introduction and Appendices (The Annotated H.G. Wells, 3)","Wells, H.G. @ BookFinder.com",Amazon.com,used,6.0,"Reprint. Pages 251. Usually ships within 9 to 10 days. From : SuperBookDeals---, United States",
9780786468713,"The Invisible Man: A Grotesque Romance: A Critical Text of the 1897 New York First Edition, with an Introduction and Appendices (The Annotated H.G. Wells, 3)","Wells, H.G. @ BookFinder.com",Amazon.com,used,7.0,"Reprint. Pages 251. Usually ships within 11 to 12 days. From : Bahamut Media, United States",
9780786468713,"The Invisible Man: A Grotesque Romance: A Critical Text of the 1897 New York First Edition, with an Introduction and Appendices (The Annotated H.G. Wells, 3)","Wells, H.G. @ BookFinder.com",Amazon.com,used,13.0,"Reprint. Pages 251. Usually ships within 9 to 10 days. From : SuperBookDeals---, United States",
9780786468713,"The Invisible Man: A Grotesque Romance: A Critical Text of the 1897 New York First Edition, with an Introduction and Appendices (The Annotated H.G. Wells, 3)","Wells, H.G. @ BookFinder.com",Amazon.com,used,14.0,"Reprint. Pages 251. Usually ships within 6 to 7 days. From : BOOKS etc. _, United States",
9780786468713,"The Invisible Man: A Grotesque Romance: A Critical Text of the 1897 New York First Edition, with an Introduction and Appendices (The Annotated H.G. Wells, 3)","Wells, H.G. @ BookFinder.com",Amazon.com,used,15.0,"Reprint. Pages 251. Usually ships within 6 to 7 days. From : BOOKS etc. _, United States",
9780786468713,"The Invisible Man: A Grotesque Romance: A Critical Text of the 1897 New York First Edition, with an Introduction and Appendices (The Annotated H.G. Wells, 3)","Wells, H.G. @ BookFinder.com",Amazon.com,used,37.0,"Reprint. Pages 251. In Stock. From : RAREWAVES-IMPORTS, United Kingdom",
9780786468713,"The Invisible Man: A Grotesque Romance: A Critical Text of the 1897 New York First Edition, with an Introduction and Appendices (The Annotated H.G. Wells, 3)","Wells, H.G. @ BookFinder.com",Amazon.com,used,38.0,"Reprint. Pages 251. In Stock. From : MyPrepbooks, United States",
9780786468713,"The Invisible Man: A Grotesque Romance: A Critical Text of the 1897 New York First Edition, with an Introduction and Appendices (The Annotated H.G. Wells, 3)","Wells, H.G. @ BookFinder.com",Amazon.com,used,39.0,"Reprint. Pages 251. Usually ships within 11 to 12 days. From : bargainbookstores-, United States",
9780786468713,"The Invisible Man: A Grotesque Romance: A Critical Text of the 1897 New York First Edition, with an Introduction and Appendices (The Annotated H.G. Wells, 3)","Wells, H.G. @ BookFinder.com",Amazon.com,used,40.0,"Reprint. Pages 251. In Stock. From : betterdeals2019, United States",
9780786468713,"The Invisible Man: A Grotesque Romance: A Critical Text of the 1897 New York First Edition, with an Introduction and Appendices (The Annotated H.G. Wells, 3)","Wells, H.G. @ BookFinder.com",Amazon.com,used,42.0,"Reprint. Pages 251. In stock Usually ships within 3 to 4 days. From : LadyLakeBooks, United States",
9780786468713,"The Invisible Man: A Grotesque Romance: A Critical Text of the 1897 New York First Edition, with an Introduction and Appendices (The Annotated H.G. Wells, 3)","Wells, H.G. @ BookFinder.com",Amazon.com,used,1.0,"Reprint. Pages 251. In stock Usually ships within 2 to 3 days. From : AsheCo Booksellers, United States",
9780786468713,"The Invisible Man: A Grotesque Romance: A Critical Text of the 1897 New York First Edition, with an Introduction and Appendices (The Annotated H.G. Wells, 3)","Wells, H.G. @ BookFinder.com",Amazon.com,used,2.0,"Reprint. Pages 251. In Stock. Fulfillment by Amazon. From : Amazon.com, United States",
9780786468713,"The Invisible Man: A Grotesque Romance: A Critical Text of the 1897 New York First Edition, with an Introduction and Appendices (The Annotated H.G. Wells, 3)","Wells, H.G. @ BookFinder.com",Amazon.com (Prime),used,3.0,"Reprint. Pages 251. In Stock. Fulfillment by Amazon. Amazon Prime. Not a Prime member? Try Amazon Prime 30-Day Free Trial which includes Prime Video, Prime Music and Prime Reading. From : Amazon.com (Prime), United States",
9780786468713,"The Invisible Man: A Grotesque Romance: A Critical Text of the 1897 New York First Edition, with an Introduction and Appendices (The Annotated H.G. Wells, 3)","Wells, H.G. @ BookFinder.com",Amazon.com,used,5.0,"Reprint. Pages 251. Usually ships within 9 to 10 days. From : SuperBookDeals---, United States",
9780786468713,"The Invisible Man: A Grotesque Romance: A Critical Text of the 1897 New York First Edition, with an Introduction and Appendices (The Annotated H.G. Wells, 3)","Wells, H.G. @ BookFinder.com",Amazon.com,used,6.0,"Reprint. Pages 251. Usually ships within 11 to 12 days. From : Bahamut Media, United States",
9780786468713,"The Invisible Man: A Grotesque Romance: A Critical Text of the 1897 New York First Edition, with an Introduction and Appendices (The Annotated H.G. Wells, 3)","Wells, H.G. @ BookFinder.com",Amazon.com,used,12.0,"Reprint. Pages 251. Usually ships within 6 to 7 days. From : BOOKS etc. _, United States",
9780786468713,"The Invisible Man: A Grotesque Romance: A Critical Text of the 1897 New York First Edition, with an Introduction and Appendices (The Annotated H.G. Wells, 3)","Wells, H.G. @ BookFinder.com",Amazon.com,used,32.0,"Reprint. Pages 251. In Stock. From : RAREWAVES-IMPORTS, United Kingdom",
9780786468713,"The Invisible Man: A Grotesque Romance: A Critical Text of the 1897 New York First Edition, with an Introduction and Appendices (The Annotated H.G. Wells, 3)","Wells, H.G. @ BookFinder.com",Amazon.com,used,33.0,"Reprint. Pages 251. In Stock. From : MyPrepbooks, United States",
9780786468713,"The Invisible Man: A Grotesque Romance: A Critical Text of the 1897 New York First Edition, with an Introduction and Appendices (The Annotated H.G. Wells, 3)","Wells, H.G. @ BookFinder.com",Amazon.com,used,34.0,"Reprint. Pages 251. Usually ships within 11 to 12 days. From : bargainbookstores-, United States",
9780786468713,"The Invisible Man: A Grotesque Romance: A Critical Text of the 1897 New York First Edition, with an Introduction and Appendices (The Annotated H.G. Wells, 3)","Wells, H.G. @ BookFinder.com",Amazon.com,used,35.0,"Reprint. Pages 251. In Stock. From : betterdeals2019, United States",
9780786468713,"The Invisible Man: A Grotesque Romance: A Critical Text of the 1897 New York First Edition, with an Introduction and Appendices (The Annotated H.G. Wells, 3)","Wells, H.G. @ BookFinder.com",Amazon.com,used,37.0,"Reprint. Pages 251. In stock Usually ships within 3 to 4 days. From : LadyLakeBooks, United States",
9780786468713,"The Invisible Man: A Grotesque Romance: A Critical Text of the 1897 New York First Edition, with an Introduction and Appendices (The Annotated H.G. Wells, 3)","Wells, H.G. @ BookFinder.com",Amazon.com,used,2.0,"Reprint. Pages 251. Usually ships within 9 to 10 days. From : SuperBookDeals---, United States",
9780786468713,"The Invisible Man: A Grotesque Romance: A Critical Text of the 1897 New York First Edition, with an Introduction and Appendices (The Annotated H.G. Wells, 3)","Wells, H.G. @ BookFinder.com",Amazon.com,used,3.0,"Reprint. Pages 251. Usually ships within 6 to 7 days. From : BOOKS etc. _, United States",
9780263734676,The Spanish Uncle,"Corrie, Jane @ BookFinder.com",Amazon.com,used,9.0,"New Ed Format: Import. Pages 192. In stock Usually ships within 4 to 5 days. From : Chocobooks., France",
9780263734676,The Spanish Uncle,"Corrie, Jane @ BookFinder.com",Amazon.com,used,10.0,"New Ed Format: Import. Pages 192. In stock Usually ships within 2 to 3 days. From : worldofbooksusa, United Kingdom",
9780263734676,The Spanish Uncle,"Corrie, Jane @ BookFinder.com",Amazon.com.au,used,13.0,New. Pages 192. Usually dispatched within 9 to 10 days. From : Bigly_BooksJP,
9780263734676,The Spanish Uncle,"Corrie, Jane @ BookFinder.com",Amazon.com,used,9.0,"New Ed Format: Import. Pages 192. In stock Usually ships within 4 to 5 days. From : Chocobooks., France",
9780263734676,The Spanish Uncle,"Corrie, Jane @ BookFinder.com",Amazon.com,used,10.0,"New Ed Format: Import. Pages 192. In stock Usually ships within 2 to 3 days. From : worldofbooksusa, United Kingdom",
9780263734676,The Spanish Uncle,"Corrie, Jane @ BookFinder.com",Amazon.com.au,used,13.0,New. Pages 192. Usually dispatched within 9 to 10 days. From : Bigly_BooksJP,
9780500273531,Pleasure of ruins,Rose Macaulay @ BookFinder.com,Amazon.com,used,8.0,"First Edition. Pages 466. In Stock. From : Housing Works Online Bookstore, United States",
9780500273531,Pleasure of ruins,Rose Macaulay @ BookFinder.com,Amazon.com,used,11.0,"First Edition. Pages 466. In Stock. From : BooksRun, United States",
9780500273531,Pleasure of ruins,Rose Macaulay @ BookFinder.com,Amazon.com,used,12.0,"First Edition. Pages 466. In Stock. From : The[BOOK]Mongers, United States",
9780500273531,Pleasure of ruins,Rose Macaulay @ BookFinder.com,Amazon.com,used,13.0,"First Edition. Pages 466. In Stock. From : Half Price Books Inc, United States",
9780500273531,Pleasure of ruins,Rose Macaulay @ BookFinder.com,Amazon.com,used,20.0,"First Edition. Pages 466. In Stock. From : tlemosyne, United States",
9780500273531,Pleasure of ruins,Rose Macaulay @ BookFinder.com,Amazon.com,used,21.0,"First Edition. Pages 466. In Stock. From : menloparkfriends, United States",
9780500273531,Pleasure of ruins,Rose Macaulay @ BookFinder.com,Amazon.com,used,22.0,"First Edition. Pages 466. In Stock. From : Bookwich, United States",
9780500273531,Pleasure of ruins,Rose Macaulay @ BookFinder.com,Amazon.com,used,23.0,"First Edition. Pages 466. In Stock. From : ladyroni, United States",
9780500273531,Pleasure of ruins,Rose Macaulay @ BookFinder.com,Amazon.com,used,24.0,"First Edition. Pages 466. In Stock. From : Dunaway Books, United States",
9780500273531,Pleasure of ruins,Rose Macaulay @ BookFinder.com,Amazon.com,used,25.0,"First Edition. Pages 466. In Stock. From : explorer books, United States",
9780500273531,Pleasure of ruins,Rose Macaulay @ BookFinder.com,Amazon.com,used,42.0,"First Edition. Pages 466. Usually ships within 2 to 3 weeks. From : Bennett Books Ltd, United States",
9780500273531,Pleasure of ruins,Rose Macaulay @ BookFinder.com,Amazon.com,used,1.0,"First Edition. Pages 466. In Stock. From : explorer books, United States",
9780500273531,Pleasure of ruins,Rose Macaulay @ BookFinder.com,Amazon.com,used,8.0,"First Edition. Pages 466. In Stock. From : Housing Works Online Bookstore, United States",
9780500273531,Pleasure of ruins,Rose Macaulay @ BookFinder.com,Amazon.com,used,11.0,"First Edition. Pages 466. In Stock. From : BooksRun, United States",
9780500273531,Pleasure of ruins,Rose Macaulay @ BookFinder.com,Amazon.com,used,12.0,"First Edition. Pages 466. In Stock. From : The[BOOK]Mongers, United States",
9780500273531,Pleasure of ruins,Rose Macaulay @ BookFinder.com,Amazon.com,used,13.0,"First Edition. Pages 466. In Stock. From : Half Price Books Inc, United States",
9780500273531,Pleasure of ruins,Rose Macaulay @ BookFinder.com,Amazon.com,used,20.0,"First Edition. Pages 466. In Stock. From : tlemosyne, United States",
9780500273531,Pleasure of ruins,Rose Macaulay @ BookFinder.com,Amazon.com,used,21.0,"First Edition. Pages 466. In Stock. From : menloparkfriends, United States",
9780500273531,Pleasure of ruins,Rose Macaulay @ BookFinder.com,Amazon.com,used,22.0,"First Edition. Pages 466. In Stock. From : Bookwich, United States",
9780500273531,Pleasure of ruins,Rose Macaulay @ BookFinder.com,Amazon.com,used,23.0,"First Edition. Pages 466. In Stock. From : ladyroni, United States",
9780500273531,Pleasure of ruins,Rose Macaulay @ BookFinder.com,Amazon.com,used,24.0,"First Edition. Pages 466. In Stock. From : Dunaway Books, United States",
9780500273531,Pleasure of ruins,Rose Macaulay @ BookFinder.com,Amazon.com,used,37.0,"First Edition. Pages 466. Usually ships within 2 to 3 weeks. From : Bennett Books Ltd, United States",
9780300021097,"Jackson Pollock: A Catalogue Raisonne of Paintings, Drawings and Other Works","Jackson Pollock; O'Connor, Francis Valentine; Thaw, Eugene Victor @ BookFinder.com",Amazon.com,used,10.0,"First Edition. Pages 4. In stock Usually ships within 2 to 3 days. From : AB BOOKS**TOUCHLESS PACK + FREE US FEDEX AVAILABLE, United States",
9780300021097,"Jackson Pollock: A Catalogue Raisonne of Paintings, Drawings and Other Works","Jackson Pollock; O'Connor, Francis Valentine; Thaw, Eugene Victor @ BookFinder.com",Amazon.com,used,12.0,"First Edition. Pages 4. In Stock. From : AB BOOKS**TOUCHLESS PACK + FREE US FEDEX AVAILABLE, United States",
9780300021097,"Jackson Pollock: A Catalogue Raisonne of Paintings, Drawings and Other Works","Jackson Pollock; O'Connor, Francis Valentine; Thaw, Eugene Victor @ BookFinder.com",Amazon.com,used,10.0,"First Edition. Pages 4. In stock Usually ships within 2 to 3 days. From : AB BOOKS**TOUCHLESS PACK + FREE US FEDEX AVAILABLE, United States",
9780300021097,"Jackson Pollock: A Catalogue Raisonne of Paintings, Drawings and Other Works","Jackson Pollock; O'Connor, Francis Valentine; Thaw, Eugene Victor @ BookFinder.com",Amazon.com,used,12.0,"First Edition. Pages 4. In Stock. From : AB BOOKS**TOUCHLESS PACK + FREE US FEDEX AVAILABLE, United States",
9780671530082,Briarpatch,"Thomas, Ross @ BookFinder.com",Amazon.com,used,1.0,"First Edition. Pages 332. In Stock. From : SwanBooks, United States",
9780671530082,Briarpatch,"Thomas, Ross @ BookFinder.com",Amazon.com,used,2.0,"First Edition. Pages 332. In Stock. From : texasfly, United States",
9780671530082,Briarpatch,"Thomas, Ross @ BookFinder.com",Amazon.com,used,7.0,"First Edition. Pages 332. In Stock. From : GingerBread Station, United States",
9780671530082,Briarpatch,"Thomas, Ross @ BookFinder.com",Amazon.com,used,14.0,"First Edition. Pages 332. In Stock. From : HPB Inc., United States",
9780671530082,Briarpatch,"Thomas, Ross @ BookFinder.com",Amazon.com,used,15.0,"First Edition. Pages 332. In Stock. From : Half Price Books Inc, United States",
9780671530082,Briarpatch,"Thomas, Ross @ BookFinder.com",Amazon.com,used,24.0,"First Edition. Pages 332. In stock Usually ships within 3 to 4 days. From : ThriftBooks-Baltimore, United States",
9780671530082,Briarpatch,"Thomas, Ross @ BookFinder.com",Amazon.com,used,25.0,"First Edition. Pages 332. In stock Usually ships within 3 to 4 days. From : ThriftBooks-Chicago, United States",
9780671530082,Briarpatch,"Thomas, Ross @ BookFinder.com",Amazon.com,used,26.0,"First Edition. Pages 332. In stock Usually ships within 3 to 4 days. From : ThriftBooks-Seattle, United States",
9780671530082,Briarpatch,"Thomas, Ross @ BookFinder.com",Amazon.com,used,27.0,"First Edition. Pages 332. In stock Usually ships within 3 to 4 days. From : ThriftBooks-Dallas, United States",
9780671530082,Briarpatch,"Thomas, Ross @ BookFinder.com",Amazon.com,used,40.0,"First Edition. Pages 332. In Stock. From : Half Price Books Inc, United States",
9780671530082,Briarpatch,"Thomas, Ross @ BookFinder.com",Amazon.com,used,3.0,"First Edition. Pages 332. In Stock. From : All-Ways Fiction, United States",
9780671530082,Briarpatch,"Thomas, Ross @ BookFinder.com",Amazon.com,used,4.0,"First Edition. Pages 332. In Stock. From : loubigfish, United States",
9780671530082,Briarpatch,"Thomas, Ross @ BookFinder.com",Amazon.com,used,1.0,"First Edition. Pages 332. In Stock. From : SwanBooks, United States",
9780671530082,Briarpatch,"Thomas, Ross @ BookFinder.com",Amazon.com,used,2.0,"First Edition. Pages 332. In Stock. From : texasfly, United States",
9780671530082,Briarpatch,"Thomas, Ross @ BookFinder.com",Amazon.com,used,7.0,"First Edition. Pages 332. In Stock. From : GingerBread Station, United States",
9780671530082,Briarpatch,"Thomas, Ross @ BookFinder.com",Amazon.com,used,14.0,"First Edition. Pages 332. In Stock. From : HPB Inc., United States",
9780671530082,Briarpatch,"Thomas, Ross @ BookFinder.com",Amazon.com,used,15.0,"First Edition. Pages 332. In Stock. From : Half Price Books Inc, United States",
9780671530082,Briarpatch,"Thomas, Ross @ BookFinder.com",Amazon.com,used,24.0,"First Edition. Pages 332. In stock Usually ships within 3 to 4 days. From : ThriftBooks-Baltimore, United States",
9780671530082,Briarpatch,"Thomas, Ross @ BookFinder.com",Amazon.com,used,25.0,"First Edition. Pages 332. In stock Usually ships within 3 to 4 days. From : ThriftBooks-Chicago, United States",
9780671530082,Briarpatch,"Thomas, Ross @ BookFinder.com",Amazon.com,used,26.0,"First Edition. Pages 332. In stock Usually ships within 3 to 4 days. From : ThriftBooks-Seattle, United States",
9780671530082,Briarpatch,"Thomas, Ross @ BookFinder.com",Amazon.com,used,27.0,"First Edition. Pages 332. In stock Usually ships within 3 to 4 days. From : ThriftBooks-Dallas, United States",
9780671530082,Briarpatch,"Thomas, Ross @ BookFinder.com",Amazon.com,used,40.0,"First Edition. Pages 332. In Stock. From : Half Price Books Inc, United States",
9788496791602,"Echo Park (Harry Bosch, 12) (Spanish Edition)","Connelly, Michael @ BookFinder.com",Amazon.com,used,10.0,"First Edition. Pages 352. In Stock. Fulfillment by Amazon. From : -OnTimeBooks-, United States",
9788496791602,"Echo Park (Harry Bosch, 12) (Spanish Edition)","Connelly, Michael @ BookFinder.com",Amazon.com (Prime),used,11.0,"First Edition. Pages 352. In Stock. Fulfillment by Amazon. Amazon Prime. Not a Prime member? Try Amazon Prime 30-Day Free Trial which includes Prime Video, Prime Music and Prime Reading. From : -OnTimeBooks-, United States",
9788496791602,"Echo Park (Harry Bosch, 12) (Spanish Edition)","Connelly, Michael @ BookFinder.com",Amazon.com,used,13.0,"First Edition. Pages 352. In Stock. From : Better World Books: South, United States",
9788496791602,"Echo Park (Harry Bosch, 12) (Spanish Edition)","Connelly, Michael @ BookFinder.com",Amazon.com,used,14.0,"First Edition. Pages 352. In Stock. From : Better World Books: West, United States",
9788496791602,"Echo Park (Harry Bosch, 12) (Spanish Edition)","Connelly, Michael @ BookFinder.com",Amazon.com,used,15.0,"First Edition. Pages 352. In Stock. From : Better World Books: South, United States",
9788496791602,"Echo Park (Harry Bosch, 12) (Spanish Edition)","Connelly, Michael @ BookFinder.com",Amazon.com,used,17.0,"First Edition. Pages 352. In Stock. From : Libup Books!, United States",
9788496791602,"Echo Park (Harry Bosch, 12) (Spanish Edition)","Connelly, Michael @ BookFinder.com",Amazon.com,used,20.0,"First Edition. Pages 352. In Stock. From : Hamelyn, Spain",
9788496791602,"Echo Park (Harry Bosch, 12) (Spanish Edition)","Connelly, Michael @ BookFinder.com",Amazon.com,used,24.0,"First Edition. Pages 352. In Stock. From : morebaskets2, United States",
9788496791602,"Echo Park (Harry Bosch, 12) (Spanish Edition)","Connelly, Michael @ BookFinder.com",Amazon.com,used,25.0,"First Edition. Pages 352. In Stock. From : HardcoverBooks, United States",
9788496791602,"Echo Park (Harry Bosch, 12) (Spanish Edition)","Connelly, Michael @ BookFinder.com",Amazon.com,used,10.0,"First Edition. Pages 352. In Stock. Fulfillment by Amazon. From : -OnTimeBooks-, United States",
9788496791602,"Echo Park (Harry Bosch, 12) (Spanish Edition)","Connelly, Michael @ BookFinder.com",Amazon.com (Prime),used,11.0,"First Edition. Pages 352. In Stock. Fulfillment by Amazon. Amazon Prime. Not a Prime member? Try Amazon Prime 30-Day Free Trial which includes Prime Video, Prime Music and Prime Reading. From : -OnTimeBooks-, United States",
9788496791602,"Echo Park (Harry Bosch, 12) (Spanish Edition)","Connelly, Michael @ BookFinder.com",Amazon.com,used,13.0,"First Edition. Pages 352. In Stock. From : Better World Books: South, United States",
9788496791602,"Echo Park (Harry Bosch, 12) (Spanish Edition)","Connelly, Michael @ BookFinder.com",Amazon.com,used,14.0,"First Edition. Pages 352. In Stock. From : Better World Books: West, United States",
9788496791602,"Echo Park (Harry Bosch, 12) (Spanish Edition)","Connelly, Michael @ BookFinder.com",Amazon.com,used,15.0,"First Edition. Pages 352. In Stock. From : Better World Books: South, United States",
9788496791602,"Echo Park (Harry Bosch, 12) (Spanish Edition)","Connelly, Michael @ BookFinder.com",Amazon.com,used,17.0,"First Edition. Pages 352. In Stock. From : Libup Books!, United States",
9788496791602,"Echo Park (Harry Bosch, 12) (Spanish Edition)","Connelly, Michael @ BookFinder.com",Amazon.com,used,20.0,"First Edition. Pages 352. In Stock. From : Hamelyn, Spain",
9788496791602,"Echo Park (Harry Bosch, 12) (Spanish Edition)","Connelly, Michael @ BookFinder.com",Amazon.com,used,24.0,"First Edition. Pages 352. In Stock. From : morebaskets2, United States",
9788496791602,"Echo Park (Harry Bosch, 12) (Spanish Edition)","Connelly, Michael @ BookFinder.com",Amazon.com,used,25.0,"First Edition. Pages 352. In Stock. From : HardcoverBooks, United States",
9781843549079,The Murders in the Rue Morgue (Crime Classics),"Poe, Edgar Allan @ BookFinder.com",Amazon.com,used,11.0,"paperback / softback. Pages 132. In Stock. From : HPB-Diamond, United States",
9781843549079,The Murders in the Rue Morgue (Crime Classics),"Poe, Edgar Allan @ BookFinder.com",Amazon.com,used,12.0,"paperback / softback. Pages 132. In stock Usually ships within 3 to 4 days. From : ThriftBooks-Baltimore, United States",
9781843549079,The Murders in the Rue Morgue (Crime Classics),"Poe, Edgar Allan @ BookFinder.com",Amazon.com,used,13.0,"paperback / softback. Pages 132. In stock Usually ships within 3 to 4 days. From : ThriftBooks-Phoenix, United States",
9781843549079,The Murders in the Rue Morgue (Crime Classics),"Poe, Edgar Allan @ BookFinder.com",Amazon.com,used,14.0,"paperback / softback. Pages 132. In stock Usually ships within 3 to 4 days. From : ThriftBooks-Dallas, United States",
9781843549079,The Murders in the Rue Morgue (Crime Classics),"Poe, Edgar Allan @ BookFinder.com",Amazon.com,used,24.0,"paperback / softback. Pages 132. In Stock. From : BetterWorldBooksUK, United Kingdom",
9781843549079,The Murders in the Rue Morgue (Crime Classics),"Poe, Edgar Allan @ BookFinder.com",Amazon.com,used,25.0,"paperback / softback. Pages 132. In Stock. From : BetterWorldBooksUK, United Kingdom",
9781843549079,The Murders in the Rue Morgue (Crime Classics),"Poe, Edgar Allan @ BookFinder.com",Amazon.com,used,31.0,"paperback / softback. Pages 132. In Stock. From : HPB Inc., United States",
9781843549079,The Murders in the Rue Morgue (Crime Classics),"Poe, Edgar Allan @ BookFinder.com",Amazon.com,used,45.0,"paperback / softback. Pages 132. In Stock. From : greener_books_london, United Kingdom",
9781843549079,The Murders in the Rue Morgue (Crime Classics),"Poe, Edgar Allan @ BookFinder.com",Amazon.com,used,9.0,"paperback / softback. Pages 132. In Stock. From : HPB-Diamond, United States",
9781843549079,The Murders in the Rue Morgue (Crime Classics),"Poe, Edgar Allan @ BookFinder.com",Amazon.com,used,10.0,"paperback / softback. Pages 132. In stock Usually ships within 3 to 4 days. From : ThriftBooks-Baltimore, United States",
9781843549079,The Murders in the Rue Morgue (Crime Classics),"Poe, Edgar Allan @ BookFinder.com",Amazon.com,used,11.0,"paperback / softback. Pages 132. In stock Usually ships within 3 to 4 days. From : ThriftBooks-Phoenix, United States",
9781843549079,The Murders in the Rue Morgue (Crime Classics),"Poe, Edgar Allan @ BookFinder.com",Amazon.com,used,12.0,"paperback / softback. Pages 132. In stock Usually ships within 3 to 4 days. From : ThriftBooks-Dallas, United States",
9781843549079,The Murders in the Rue Morgue (Crime Classics),"Poe, Edgar Allan @ BookFinder.com",Amazon.com,used,22.0,"paperback / softback. Pages 132. In Stock. From : BetterWorldBooksUK, United Kingdom",
9781843549079,The Murders in the Rue Morgue (Crime Classics),"Poe, Edgar Allan @ BookFinder.com",Amazon.com,used,23.0,"paperback / softback. Pages 132. In Stock. From : BetterWorldBooksUK, United Kingdom",
9781843549079,The Murders in the Rue Morgue (Crime Classics),"Poe, Edgar Allan @ BookFinder.com",Amazon.com,used,29.0,"paperback / softback. Pages 132. In Stock. From : HPB Inc., United States",
9781843549079,The Murders in the Rue Morgue (Crime Classics),"Poe, Edgar Allan @ BookFinder.com",Amazon.com,used,41.0,"paperback / softback. Pages 132. In Stock. From : greener_books_london, United Kingdom",
9781451687507,Chasing Sunsets: A Novel (2) (Angels Walking),"Kingsbury, Karen @ BookFinder.com",Amazon.com,used,34.0,"First Edition. Pages 336. In Stock. From : Jj book, United States",
9781451687507,Chasing Sunsets: A Novel (2) (Angels Walking),"Kingsbury, Karen @ BookFinder.com",Amazon.com,used,35.0,"First Edition. Pages 336. In Stock. From : MegaReads, United States",
9781451687507,Chasing Sunsets: A Novel (2) (Angels Walking),"Kingsbury, Karen @ BookFinder.com",Amazon.com,used,36.0,"First Edition. Pages 336. In Stock. From : MegaReads, United States",
9781451687507,Chasing Sunsets: A Novel (2) (Angels Walking),"Kingsbury, Karen @ BookFinder.com",Amazon.com,used,39.0,"First Edition. Pages 336. In Stock. From : RNA TRADE LLC, United States",
9781451687507,Chasing Sunsets: A Novel (2) (Angels Walking),"Kingsbury, Karen @ BookFinder.com",Amazon.com,used,40.0,"First Edition. Pages 336. In Stock. From : RNA TRADE LLC, United States",
9781451687507,Chasing Sunsets: A Novel (2) (Angels Walking),"Kingsbury, Karen @ BookFinder.com",Amazon.com,used,41.0,"First Edition. Pages 336. In Stock. From : RNA TRADE LLC, United States",
9781451687507,Chasing Sunsets: A Novel (2) (Angels Walking),"Kingsbury, Karen @ BookFinder.com",Amazon.com,used,42.0,"First Edition. Pages 336. In Stock. From : RNA TRADE LLC, United States",
9781451687507,Chasing Sunsets: A Novel (2) (Angels Walking),"Kingsbury, Karen @ BookFinder.com",Amazon.com,used,43.0,"First Edition. Pages 336. In Stock. From : RNA TRADE LLC, United States",
9781451687507,Chasing Sunsets: A Novel (2) (Angels Walking),"Kingsbury, Karen @ BookFinder.com",Amazon.com,used,44.0,"First Edition. Pages 336. In Stock. From : YourOnlineBookstore, United States",
9781451687507,Chasing Sunsets: A Novel (2) (Angels Walking),"Kingsbury, Karen @ BookFinder.com",Amazon.com,used,45.0,"First Edition. Pages 336. In Stock. From : LiquidationFactor, United States",
9781451687507,Chasing Sunsets: A Novel (2) (Angels Walking),"Kingsbury, Karen @ BookFinder.com",Amazon.com,used,4.0,"First Edition. Pages 336. In Stock. From : T&N Enterprises, United States",
9781451687507,Chasing Sunsets: A Novel (2) (Angels Walking),"Kingsbury, Karen @ BookFinder.com",Amazon.com,used,5.0,"First Edition. Pages 336. In Stock. From : whitebird2, United States",
9781451687507,Chasing Sunsets: A Novel (2) (Angels Walking),"Kingsbury, Karen @ BookFinder.com",Amazon.com,used,9.0,"First Edition. Pages 336. In Stock. From : LiquidBooksBiz, United States",
9781451687507,Chasing Sunsets: A Novel (2) (Angels Walking),"Kingsbury, Karen @ BookFinder.com",Amazon.com,used,10.0,"First Edition. Pages 336. In Stock. From : Meadowland Media, United States",
9781451687507,Chasing Sunsets: A Novel (2) (Angels Walking),"Kingsbury, Karen @ BookFinder.com",Amazon.com,used,11.0,"First Edition. Pages 336. In Stock. From : Meadowland Media, United States",
9781451687507,Chasing Sunsets: A Novel (2) (Angels Walking),"Kingsbury, Karen @ BookFinder.com",Amazon.com,used,12.0,"First Edition. Pages 336. In Stock. From : Books Unplugged, United States",
9781451687507,Chasing Sunsets: A Novel (2) (Angels Walking),"Kingsbury, Karen @ BookFinder.com",Amazon.com,used,13.0,"First Edition. Pages 336. In Stock. From : five star ten number, United States",
9781451687507,Chasing Sunsets: A Novel (2) (Angels Walking),"Kingsbury, Karen @ BookFinder.com",Amazon.com,used,14.0,"First Edition. Pages 336. In Stock. Fulfillment by Amazon. From : Books Nooks and Crannies, United States",
9781451687507,Chasing Sunsets: A Novel (2) (Angels Walking),"Kingsbury, Karen @ BookFinder.com",Amazon.com (Prime),used,15.0,"First Edition. Pages 336. In Stock. Fulfillment by Amazon. Amazon Prime. Not a Prime member? Try Amazon Prime 30-Day Free Trial which includes Prime Video, Prime Music and Prime Reading. From : Books Nooks and Crannies, United States",
9781451687507,Chasing Sunsets: A Novel (2) (Angels Walking),"Kingsbury, Karen @ BookFinder.com",Amazon.com,used,16.0,"First Edition. Pages 336. In Stock. Fulfillment by Amazon. From : Joseph Book Shop, United States",
9781451687507,Chasing Sunsets: A Novel (2) (Angels Walking),"Kingsbury, Karen @ BookFinder.com",Amazon.com (Prime),used,17.0,"First Edition. Pages 336. In Stock. Fulfillment by Amazon. Amazon Prime. Not a Prime member? Try Amazon Prime 30-Day Free Trial which includes Prime Video, Prime Music and Prime Reading. From : Joseph Book Shop, United States",
9781451687507,Chasing Sunsets: A Novel (2) (Angels Walking),"Kingsbury, Karen @ BookFinder.com",Amazon.com,used,18.0,"First Edition. Pages 336. In Stock. Fulfillment by Amazon. From : SC Book, United States",
9781451687507,Chasing Sunsets: A Novel (2) (Angels Walking),"Kingsbury, Karen @ BookFinder.com",Amazon.com (Prime),used,19.0,"First Edition. Pages 336. In Stock. Fulfillment by Amazon. Amazon Prime. Not a Prime member? Try Amazon Prime 30-Day Free Trial which includes Prime Video, Prime Music and Prime Reading. From : SC Book, United States",
9781451687507,Chasing Sunsets: A Novel (2) (Angels Walking),"Kingsbury, Karen @ BookFinder.com",Amazon.com,used,34.0,"First Edition. Pages 336. In Stock. From : Jj book, United States",
9781451687507,Chasing Sunsets: A Novel (2) (Angels Walking),"Kingsbury, Karen @ BookFinder.com",Amazon.com,used,35.0,"First Edition. Pages 336. In Stock. From : MegaReads, United States",
9781451687507,Chasing Sunsets: A Novel (2) (Angels Walking),"Kingsbury, Karen @ BookFinder.com",Amazon.com,used,36.0,"First Edition. Pages 336. In Stock. From : MegaReads, United States",
9781451687507,Chasing Sunsets: A Novel (2) (Angels Walking),"Kingsbury, Karen @ BookFinder.com",Amazon.com,used,39.0,"First Edition. Pages 336. In Stock. From : RNA TRADE LLC, United States",
9781451687507,Chasing Sunsets: A Novel (2) (Angels Walking),"Kingsbury, Karen @ BookFinder.com",Amazon.com,used,40.0,"First Edition. Pages 336. In Stock. From : RNA TRADE LLC, United States",
9781451687507,Chasing Sunsets: A Novel (2) (Angels Walking),"Kingsbury, Karen @ BookFinder.com",Amazon.com,used,41.0,"First Edition. Pages 336. In Stock. From : RNA TRADE LLC, United States",
9781451687507,Chasing Sunsets: A Novel (2) (Angels Walking),"Kingsbury, Karen @ BookFinder.com",Amazon.com,used,42.0,"First Edition. Pages 336. In Stock. From : RNA TRADE LLC, United States",
9781451687507,Chasing Sunsets: A Novel (2) (Angels Walking),"Kingsbury, Karen @ BookFinder.com",Amazon.com,used,43.0,"First Edition. Pages 336. In Stock. From : RNA TRADE LLC, United States",
9781451687507,Chasing Sunsets: A Novel (2) (Angels Walking),"Kingsbury, Karen @ BookFinder.com",Amazon.com,used,44.0,"First Edition. Pages 336. In Stock. From : YourOnlineBookstore, United States",
9781451687507,Chasing Sunsets: A Novel (2) (Angels Walking),"Kingsbury, Karen @ BookFinder.com",Amazon.com,used,45.0,"First Edition. Pages 336. In Stock. From : LiquidationFactor, United States",
9780375999956,"Hot Dog (Step-Into-Reading, Step 1)","Coxe, Molly @ BookFinder.com",Amazon.com,used,3.0,"1. Pages 32. In Stock. Fulfillment by Amazon. From : -OnTimeBooks-, United States",
9780375999956,"Hot Dog (Step-Into-Reading, Step 1)","Coxe, Molly @ BookFinder.com",Amazon.com (Prime),used,4.0,"1. Pages 32. In Stock. Fulfillment by Amazon. Amazon Prime. Not a Prime member? Try Amazon Prime 30-Day Free Trial which includes Prime Video, Prime Music and Prime Reading. From : -OnTimeBooks-, United States",
9780375999956,"Hot Dog (Step-Into-Reading, Step 1)","Coxe, Molly @ BookFinder.com",Amazon.com,used,8.0,"1. Pages 32. In stock Usually ships within 3 to 4 days. From : ThriftBooks-Baltimore, United States",
9780375999956,"Hot Dog (Step-Into-Reading, Step 1)","Coxe, Molly @ BookFinder.com",Amazon.com,used,12.0,"1. Pages 32. In Stock. From : Better World Books: South, United States",
9780375999956,"Hot Dog (Step-Into-Reading, Step 1)","Coxe, Molly @ BookFinder.com",Amazon.com,used,14.0,"1. Pages 32. Usually ships within 10 to 11 days. From : papercavalier 💂, United Kingdom",
9780375999956,"Hot Dog (Step-Into-Reading, Step 1)","Coxe, Molly @ BookFinder.com",Amazon.com,used,3.0,"1. Pages 32. In Stock. Fulfillment by Amazon. From : -OnTimeBooks-, United States",
9780375999956,"Hot Dog (Step-Into-Reading, Step 1)","Coxe, Molly @ BookFinder.com",Amazon.com (Prime),used,4.0,"1. Pages 32. In Stock. Fulfillment by Amazon. Amazon Prime. Not a Prime member? Try Amazon Prime 30-Day Free Trial which includes Prime Video, Prime Music and Prime Reading. From : -OnTimeBooks-, United States",
9780375999956,"Hot Dog (Step-Into-Reading, Step 1)","Coxe, Molly @ BookFinder.com",Amazon.com,used,8.0,"1. Pages 32. In stock Usually ships within 3 to 4 days. From : ThriftBooks-Baltimore, United States",
9780375999956,"Hot Dog (Step-Into-Reading, Step 1)","Coxe, Molly @ BookFinder.com",Amazon.com,used,12.0,"1. Pages 32. In Stock. From : Better World Books: South, United States",
9780375999956,"Hot Dog (Step-Into-Reading, Step 1)","Coxe, Molly @ BookFinder.com",Amazon.com,used,14.0,"1. Pages 32. Usually ships within 10 to 11 days. From : papercavalier 💂, United Kingdom",
9781134414888,,@ BookFinder.com,Amazon.com,used,6.0,"2 Format: Kindle eBook. Pages 272. Available for download now. From : Amazon.com, United States",
9781134414888,,@ BookFinder.com,Amazon.com,used,6.0,"2 Format: Kindle eBook. Pages 272. Available for download now. From : Amazon.com, United States",
9780755329076,Hard Eight [Paperback] Janet Evanovich,"Evanovich, Janet @ BookFinder.com",Amazon.com,used,15.0,"New Ed Format: Import. Pages 352. In Stock. From : World of Books (previously glenthebookseller), United States",
9780755329076,Hard Eight [Paperback] Janet Evanovich,"Evanovich, Janet @ BookFinder.com",Amazon.com,used,16.0,"New Ed Format: Import. Pages 352. In Stock. From : World of Books (previously glenthebookseller), United States",
9780755329076,Hard Eight [Paperback] Janet Evanovich,"Evanovich, Janet @ BookFinder.com",Amazon.com,used,17.0,"New Ed Format: Import. Pages 352. In stock Usually ships within 2 to 3 days. From : Bahamut Media, United States",
9780755329076,Hard Eight [Paperback] Janet Evanovich,"Evanovich, Janet @ BookFinder.com",Amazon.com,used,18.0,"New Ed Format: Import. Pages 352. In stock Usually ships within 2 to 3 days. From : awesomebooksusa, United States",
9780755329076,Hard Eight [Paperback] Janet Evanovich,"Evanovich, Janet @ BookFinder.com",Amazon.com,used,19.0,"New Ed Format: Import. Pages 352. In Stock. From : Hawking Books, United States",
9780755329076,Hard Eight [Paperback] Janet Evanovich,"Evanovich, Janet @ BookFinder.com",Amazon.com,used,20.0,"New Ed Format: Import. Pages 352. In stock Usually ships within 2 to 3 days. From : The Maryland Book Bank, United States",
9780755329076,Hard Eight [Paperback] Janet Evanovich,"Evanovich, Janet @ BookFinder.com",Amazon.com,used,22.0,"New Ed Format: Import. Pages 352. In Stock. From : BooksRun, United States",
9780755329076,Hard Eight [Paperback] Janet Evanovich,"Evanovich, Janet @ BookFinder.com",Amazon.com,used,27.0,"New Ed Format: Import. Pages 352. In Stock. From : BetterWorldBooksUK, United Kingdom",
9780755329076,Hard Eight [Paperback] Janet Evanovich,"Evanovich, Janet @ BookFinder.com",Amazon.com,used,28.0,"New Ed Format: Import. Pages 352. In Stock. From : BetterWorldBooksUK, United Kingdom",
9780755329076,Hard Eight [Paperback] Janet Evanovich,"Evanovich, Janet @ BookFinder.com",Amazon.com,used,29.0,"New Ed Format: Import. Pages 352. In Stock. From : WeBuyBooks-UK, United Kingdom",
9780755329076,Hard Eight [Paperback] Janet Evanovich,"Evanovich, Janet @ BookFinder.com",Amazon.com,used,50.0,"New Ed Format: Import. Pages 352. In Stock. From : BuyWorldwide, Australia",
9780755329076,Hard Eight [Paperback] Janet Evanovich,"Evanovich, Janet @ BookFinder.com",Amazon.com,used,3.0,"New Ed Format: Import. Pages 352. In Stock. From : BuyWorldwide, Australia",
9780755329076,Hard Eight [Paperback] Janet Evanovich,"Evanovich, Janet @ BookFinder.com",Amazon.com,used,4.0,"New Ed Format: Import. Pages 352. In Stock. From : smeikalbooks_london, United Kingdom",
9780755329076,Hard Eight [Paperback] Janet Evanovich,"Evanovich, Janet @ BookFinder.com",Amazon.com,used,12.0,"New Ed Format: Import. Pages 352. Usually ships within 6 to 7 days. From : Bahamut Media, United States",
9780755329076,Hard Eight [Paperback] Janet Evanovich,"Evanovich, Janet @ BookFinder.com",Amazon.com,used,13.0,"New Ed Format: Import. Pages 352. Usually ships within 6 to 7 days. From : awesomebooksusa, United States",
9780755329076,Hard Eight [Paperback] Janet Evanovich,"Evanovich, Janet @ BookFinder.com",Amazon.com,used,14.0,"New Ed Format: Import. Pages 352. Usually ships within 8 to 9 days. From : InfiniteBooks_USA, United States",
9780755329076,Hard Eight [Paperback] Janet Evanovich,"Evanovich, Janet @ BookFinder.com",Amazon.com,used,17.0,"New Ed Format: Import. Pages 352. In Stock. From : RAREWAVES-IMPORTS, United Kingdom",
9780755329076,Hard Eight [Paperback] Janet Evanovich,"Evanovich, Janet @ BookFinder.com",Amazon.com,used,18.0,"New Ed Format: Import. Pages 352. In Stock. Fulfillment by Amazon. From : Amazon.com, United States",
9780755329076,Hard Eight [Paperback] Janet Evanovich,"Evanovich, Janet @ BookFinder.com",Amazon.com (Prime),used,19.0,"New Ed Format: Import. Pages 352. In Stock. Fulfillment by Amazon. Amazon Prime. Not a Prime member? Try Amazon Prime 30-Day Free Trial which includes Prime Video, Prime Music and Prime Reading. From : Amazon.com (Prime), United States",
9780755329076,Hard Eight [Paperback] Janet Evanovich,"Evanovich, Janet @ BookFinder.com",Amazon.com,used,27.0,"New Ed Format: Import. Pages 352. In Stock. From : Books World Aparna, USA, United States",
9780755329076,Hard Eight [Paperback] Janet Evanovich,"Evanovich, Janet @ BookFinder.com",Amazon.com,used,15.0,"New Ed Format: Import. Pages 352. In Stock. From : World of Books (previously glenthebookseller), United States",
9780755329076,Hard Eight [Paperback] Janet Evanovich,"Evanovich, Janet @ BookFinder.com",Amazon.com,used,16.0,"New Ed Format: Import. Pages 352. In Stock. From : World of Books (previously glenthebookseller), United States",
9780755329076,Hard Eight [Paperback] Janet Evanovich,"Evanovich, Janet @ BookFinder.com",Amazon.com,used,17.0,"New Ed Format: Import. Pages 352. In stock Usually ships within 2 to 3 days. From : Bahamut Media, United States",
9780755329076,Hard Eight [Paperback] Janet Evanovich,"Evanovich, Janet @ BookFinder.com",Amazon.com,used,18.0,"New Ed Format: Import. Pages 352. In stock Usually ships within 2 to 3 days. From : awesomebooksusa, United States",
9780755329076,Hard Eight [Paperback] Janet Evanovich,"Evanovich, Janet @ BookFinder.com",Amazon.com,used,19.0,"New Ed Format: Import. Pages 352. In Stock. From : Hawking Books, United States",
9780755329076,Hard Eight [Paperback] Janet Evanovich,"Evanovich, Janet @ BookFinder.com",Amazon.com,used,20.0,"New Ed Format: Import. Pages 352. In stock Usually ships within 2 to 3 days. From : The Maryland Book Bank, United States",
9780755329076,Hard Eight [Paperback] Janet Evanovich,"Evanovich, Janet @ BookFinder.com",Amazon.com,used,22.0,"New Ed Format: Import. Pages 352. In Stock. From : BooksRun, United States",
9780755329076,Hard Eight [Paperback] Janet Evanovich,"Evanovich, Janet @ BookFinder.com",Amazon.com,used,27.0,"New Ed Format: Import. Pages 352. In Stock. From : BetterWorldBooksUK, United Kingdom",
9780755329076,Hard Eight [Paperback] Janet Evanovich,"Evanovich, Janet @ BookFinder.com",Amazon.com,used,28.0,"New Ed Format: Import. Pages 352. In Stock. From : BetterWorldBooksUK, United Kingdom",
9780755329076,Hard Eight [Paperback] Janet Evanovich,"Evanovich, Janet @ BookFinder.com",Amazon.com,used,29.0,"New Ed Format: Import. Pages 352. In Stock. From : WeBuyBooks-UK, United Kingdom",
9780140447477,Critique of Pure Reason (Penguin Classics),"Kant, Immanuel @ BookFinder.com",Amazon.com (Prime),used,6.0,"Revised. Pages 784. In Stock. Fulfillment by Amazon. Amazon Prime. Not a Prime member? Try Amazon Prime 30-Day Free Trial which includes Prime Video, Prime Music and Prime Reading. From : Amazon.com (Prime), United States",
9780140447477,Critique of Pure Reason (Penguin Classics),"Kant, Immanuel @ BookFinder.com",Amazon.com,used,7.0,"Revised. Pages 784. In Stock. Fulfillment by Amazon. From : Amazon.com, United States",
9780140447477,Critique of Pure Reason (Penguin Classics),"Kant, Immanuel @ BookFinder.com",Amazon.com,used,10.0,"Revised. Pages 784. In Stock. Fulfillment by Amazon. From : BOOKTIME LLC, United States",
9780140447477,Critique of Pure Reason (Penguin Classics),"Kant, Immanuel @ BookFinder.com",Amazon.com (Prime),used,11.0,"Revised. Pages 784. In Stock. Fulfillment by Amazon. Amazon Prime. Not a Prime member? Try Amazon Prime 30-Day Free Trial which includes Prime Video, Prime Music and Prime Reading. From : BOOKTIME LLC, United States",
9780140447477,Critique of Pure Reason (Penguin Classics),"Kant, Immanuel @ BookFinder.com",Amazon.com,used,17.0,"Revised. Pages 784. In Stock. From : HPB-Emerald, United States",
9780140447477,Critique of Pure Reason (Penguin Classics),"Kant, Immanuel @ BookFinder.com",Amazon.com,used,18.0,"Revised. Pages 784. In Stock. From : HPB Inc., United States",
9780140447477,Critique of Pure Reason (Penguin Classics),"Kant, Immanuel @ BookFinder.com",Amazon.com,used,23.0,"Revised. Pages 784. In Stock. From : Northeast Distributors, United States",
9780140447477,Critique of Pure Reason (Penguin Classics),"Kant, Immanuel @ BookFinder.com",Amazon.com,used,26.0,"Revised. Pages 784. In Stock. From : patricobooks, United States",
9780140447477,Critique of Pure Reason (Penguin Classics),"Kant, Immanuel @ BookFinder.com",Amazon.com,used,32.0,"Revised. Pages 784. In Stock. From : LuminaryBooks, United States",
9780140447477,Critique of Pure Reason (Penguin Classics),"Kant, Immanuel @ BookFinder.com",Amazon.com,used,33.0,"Revised. Pages 784. In Stock. From : MI Re-Tale, United States",
9780140447477,Critique of Pure Reason (Penguin Classics),"Kant, Immanuel @ BookFinder.com",Amazon.com,used,42.0,"Revised. Pages 784. In Stock. From : Gama1521, United States",
9780140447477,Critique of Pure Reason (Penguin Classics),"Kant, Immanuel @ BookFinder.com",Amazon.com,used,44.0,"Revised. Pages 784. In Stock. From : textbooks_source, United States",
9780140447477,Critique of Pure Reason (Penguin Classics),"Kant, Immanuel @ BookFinder.com",Amazon.com,used,47.0,"Revised. Pages 784. In Stock. From : DandyBuys, United States",
9780140447477,Critique of Pure Reason (Penguin Classics),"Kant, Immanuel @ BookFinder.com",Amazon.com (Prime),used,1.0,"Revised. Pages 784. In Stock. Fulfillment by Amazon. Amazon Prime. Not a Prime member? Try Amazon Prime 30-Day Free Trial which includes Prime Video, Prime Music and Prime Reading. From : Amazon.com (Prime), United States",
9780140447477,Critique of Pure Reason (Penguin Classics),"Kant, Immanuel @ BookFinder.com",Amazon.com,used,2.0,"Revised. Pages 784. In Stock. Fulfillment by Amazon. From : Amazon.com, United States",
9780140447477,Critique of Pure Reason (Penguin Classics),"Kant, Immanuel @ BookFinder.com",Amazon.com,used,3.0,"Revised. Pages 784. In Stock. Fulfillment by Amazon. From : BOOKTIME LLC, United States",
9780140447477,Critique of Pure Reason (Penguin Classics),"Kant, Immanuel @ BookFinder.com",Amazon.com (Prime),used,4.0,"Revised. Pages 784. In Stock. Fulfillment by Amazon. Amazon Prime. Not a Prime member? Try Amazon Prime 30-Day Free Trial which includes Prime Video, Prime Music and Prime Reading. From : BOOKTIME LLC, United States",
9780140447477,Critique of Pure Reason (Penguin Classics),"Kant, Immanuel @ BookFinder.com",Amazon.com,used,9.0,"Revised. Pages 784. In Stock. From : Gama1521, United States",
9780140447477,Critique of Pure Reason (Penguin Classics),"Kant, Immanuel @ BookFinder.com",Amazon.com,used,11.0,"Revised. Pages 784. In Stock. From : textbooks_source, United States",
9780140447477,Critique of Pure Reason (Penguin Classics),"Kant, Immanuel @ BookFinder.com",Amazon.com,used,12.0,"Revised. Pages 784. In Stock. From : DandyBuys, United States",
9780140447477,Critique of Pure Reason (Penguin Classics),"Kant, Immanuel @ BookFinder.com",Amazon.com,used,25.0,"Revised. Pages 784. In stock Usually ships within 2 to 3 days. From : SuperBookDeals---, United States",
9780140447477,Critique of Pure Reason (Penguin Classics),"Kant, Immanuel @ BookFinder.com",Amazon.com,used,26.0,"Revised. Pages 784. In stock Usually ships within 4 to 5 days. From : BuyWorldwide, Australia",
9780140447477,Critique of Pure Reason (Penguin Classics),"Kant, Immanuel @ BookFinder.com",Amazon.com,used,28.0,"Revised. Pages 784. Usually ships within 7 to 8 days. From : booksXpress, United States",
9780140447477,Critique of Pure Reason (Penguin Classics),"Kant, Immanuel @ BookFinder.com",Amazon.com,used,29.0,"Revised. Pages 784. In Stock. From : Ambis Enterprises, United States",
9780140447477,Critique of Pure Reason (Penguin Classics),"Kant, Immanuel @ BookFinder.com",Amazon.com,used,41.0,"Revised. Pages 784. Usually ships within 11 to 12 days. From : tabletopart, United States",
9780140447477,Critique of Pure Reason (Penguin Classics),"Kant, Immanuel @ BookFinder.com",Amazon.com,used,13.0,"Revised. Pages 784. In Stock. From : HPB-Emerald, United States",
9780140447477,Critique of Pure Reason (Penguin Classics),"Kant, Immanuel @ BookFinder.com",Amazon.com,used,14.0,"Revised. Pages 784. In Stock. From : HPB Inc., United States",
9780140447477,Critique of Pure Reason (Penguin Classics),"Kant, Immanuel @ BookFinder.com",Amazon.com,used,18.0,"Revised. Pages 784. In Stock. From : Northeast Distributors, United States",
9780140447477,Critique of Pure Reason (Penguin Classics),"Kant, Immanuel @ BookFinder.com",Amazon.com,used,21.0,"Revised. Pages 784. In Stock. From : patricobooks, United States",
9780140447477,Critique of Pure Reason (Penguin Classics),"Kant, Immanuel @ BookFinder.com",Amazon.com,used,27.0,"Revised. Pages 784. In Stock. From : LuminaryBooks, United States",
9780140447477,Critique of Pure Reason (Penguin Classics),"Kant, Immanuel @ BookFinder.com",Amazon.com,used,28.0,"Revised. Pages 784. In Stock. From : MI Re-Tale, United States",
9780140447477,Critique of Pure Reason (Penguin Classics),"Kant, Immanuel @ BookFinder.com",Amazon.com,used,50.0,"Revised. Pages 784. In Stock. From : BooksR4Students, United States",
9781420136388,Come The Morning (A Graham Novel),"Graham, Heather @ BookFinder.com",Amazon.com,used,7.0,"Reissue. Pages 448. In stock Usually ships within 3 to 4 days. From : ThriftBooks-Phoenix, United States",
9781420136388,Come The Morning (A Graham Novel),"Graham, Heather @ BookFinder.com",Amazon.com,used,8.0,"Reissue. Pages 448. In stock Usually ships within 3 to 4 days. From : ThriftBooks-Atlanta, United States",
9781420136388,Come The Morning (A Graham Novel),"Graham, Heather @ BookFinder.com",Amazon.com,used,9.0,"Reissue. Pages 448. In stock Usually ships within 3 to 4 days. From : ThriftBooks-Baltimore, United States",
9781420136388,Come The Morning (A Graham Novel),"Graham, Heather @ BookFinder.com",Amazon.com,used,12.0,"Reissue. Pages 448. In Stock. From : World of Books (previously glenthebookseller), United States",
9781420136388,Come The Morning (A Graham Novel),"Graham, Heather @ BookFinder.com",Amazon.com,used,13.0,"Reissue. Pages 448. In Stock. From : onceuponatimebooks, United States",
9781420136388,Come The Morning (A Graham Novel),"Graham, Heather @ BookFinder.com",Amazon.com,used,22.0,"Reissue. Pages 448. In Stock. From : Books, Beads & More, United States",
9781420136388,Come The Morning (A Graham Novel),"Graham, Heather @ BookFinder.com",Amazon.com,used,31.0,"Reissue. Pages 448. In Stock. From : Half Price Books Inc, United States",
9781420136388,Come The Morning (A Graham Novel),"Graham, Heather @ BookFinder.com",Amazon.com,used,33.0,"Reissue. Pages 448. In Stock. From : Copperfield's, United States",
9781420136388,Come The Morning (A Graham Novel),"Graham, Heather @ BookFinder.com",Amazon.com,used,34.0,"Reissue. Pages 448. In Stock. From : HPB-Emerald, United States",
9781420136388,Come The Morning (A Graham Novel),"Graham, Heather @ BookFinder.com",Amazon.com,used,35.0,"Reissue. Pages 448. In Stock. From : HPB-Emerald, United States",
9781420136388,Come The Morning (A Graham Novel),"Graham, Heather @ BookFinder.com",Amazon.com,used,7.0,"Reissue. Pages 448. In stock Usually ships within 3 to 4 days. From : ThriftBooks-Phoenix, United States",
9781420136388,Come The Morning (A Graham Novel),"Graham, Heather @ BookFinder.com",Amazon.com,used,8.0,"Reissue. Pages 448. In stock Usually ships within 3 to 4 days. From : ThriftBooks-Atlanta, United States",
9781420136388,Come The Morning (A Graham Novel),"Graham, Heather @ BookFinder.com",Amazon.com,used,9.0,"Reissue. Pages 448. In stock Usually ships within 3 to 4 days. From : ThriftBooks-Baltimore, United States",
9781420136388,Come The Morning (A Graham Novel),"Graham, Heather @ BookFinder.com",Amazon.com,used,12.0,"Reissue. Pages 448. In Stock. From : World of Books (previously glenthebookseller), United States",
9781420136388,Come The Morning (A Graham Novel),"Graham, Heather @ BookFinder.com",Amazon.com,used,13.0,"Reissue. Pages 448. In Stock. From : onceuponatimebooks, United States",
9781420136388,Come The Morning (A Graham Novel),"Graham, Heather @ BookFinder.com",Amazon.com,used,22.0,"Reissue. Pages 448. In Stock. From : Books, Beads & More, United States",
9781420136388,Come The Morning (A Graham Novel),"Graham, Heather @ BookFinder.com",Amazon.com,used,31.0,"Reissue. Pages 448. In Stock. From : Half Price Books Inc, United States",
9781420136388,Come The Morning (A Graham Novel),"Graham, Heather @ BookFinder.com",Amazon.com,used,33.0,"Reissue. Pages 448. In Stock. From : Copperfield's, United States",
9781420136388,Come The Morning (A Graham Novel),"Graham, Heather @ BookFinder.com",Amazon.com,used,34.0,"Reissue. Pages 448. In Stock. From : HPB-Emerald, United States",
9781420136388,Come The Morning (A Graham Novel),"Graham, Heather @ BookFinder.com",Amazon.com,used,35.0,"Reissue. Pages 448. In Stock. From : HPB-Emerald, United States",
9780828104852,The Italian Renaissance (American Heritage Library),"Plumb, J. H. @ BookFinder.com",Amazon.com,used,14.0,"Later Printing. Pages 318. In Stock. From : more-than-words, United States",
9780828104852,The Italian Renaissance (American Heritage Library),"Plumb, J. H. @ BookFinder.com",Amazon.com,used,15.0,"Later Printing. Pages 318. In Stock. From : World of Books (previously glenthebookseller), United States",
9780828104852,The Italian Renaissance (American Heritage Library),"Plumb, J. H. @ BookFinder.com",Amazon.com,used,16.0,"Later Printing. Pages 318. In Stock. From : World of Books (previously glenthebookseller), United States",
9780828104852,The Italian Renaissance (American Heritage Library),"Plumb, J. H. @ BookFinder.com",Amazon.com,used,19.0,"Later Printing. Pages 318. In Stock. From : Poquette's Books, United States",
9780828104852,The Italian Renaissance (American Heritage Library),"Plumb, J. H. @ BookFinder.com",Amazon.com,used,24.0,"Later Printing. Pages 318. In Stock. From : BooksRun, United States",
9780828104852,The Italian Renaissance (American Heritage Library),"Plumb, J. H. @ BookFinder.com",Amazon.com,used,39.0,"Later Printing. Pages 318. In stock Usually ships within 3 to 4 days. From : ThriftBooks-Phoenix, United States",
9780828104852,The Italian Renaissance (American Heritage Library),"Plumb, J. H. @ BookFinder.com",Amazon.com,used,43.0,"Later Printing. Pages 318. In Stock. Fulfillment by Amazon. From : Books Today For You, United States",
9780828104852,The Italian Renaissance (American Heritage Library),"Plumb, J. H. @ BookFinder.com",Amazon.com (Prime),used,44.0,"Later Printing. Pages 318. In Stock. Fulfillment by Amazon. Amazon Prime. Not a Prime member? Try Amazon Prime 30-Day Free Trial which includes Prime Video, Prime Music and Prime Reading. From : Books Today For You, United States",
9780828104852,The Italian Renaissance (American Heritage Library),"Plumb, J. H. @ BookFinder.com",Amazon.com,used,46.0,"Later Printing. Pages 318. In Stock. Fulfillment by Amazon. From : Mofulfillment, United States",
9780828104852,The Italian Renaissance (American Heritage Library),"Plumb, J. H. @ BookFinder.com",Amazon.com (Prime),used,47.0,"Later Printing. Pages 318. In Stock. Fulfillment by Amazon. Amazon Prime. Not a Prime member? Try Amazon Prime 30-Day Free Trial which includes Prime Video, Prime Music and Prime Reading. From : Mofulfillment, United States",
9780828104852,The Italian Renaissance (American Heritage Library),"Plumb, J. H. @ BookFinder.com",Amazon.com,used,48.0,"Later Printing. Pages 318. In Stock. From : WonderBook, United States",
9780828104852,The Italian Renaissance (American Heritage Library),"Plumb, J. H. @ BookFinder.com",Amazon.com,used,49.0,"Later Printing. Pages 318. In Stock. From : WonderBook, United States",
9780828104852,The Italian Renaissance (American Heritage Library),"Plumb, J. H. @ BookFinder.com",Amazon.com,used,1.0,"Later Printing. Pages 318. In Stock. From : leftover_from_love, United States",
9780828104852,The Italian Renaissance (American Heritage Library),"Plumb, J. H. @ BookFinder.com",Amazon.com,used,2.0,"Later Printing. Pages 318. In Stock. From : BOOKS FROM CA, United States",
9780828104852,The Italian Renaissance (American Heritage Library),"Plumb, J. H. @ BookFinder.com",Amazon.com,used,14.0,"Later Printing. Pages 318. In Stock. From : more-than-words, United States",
9780828104852,The Italian Renaissance (American Heritage Library),"Plumb, J. H. @ BookFinder.com",Amazon.com,used,15.0,"Later Printing. Pages 318. In Stock. From : World of Books (previously glenthebookseller), United States",
9780828104852,The Italian Renaissance (American Heritage Library),"Plumb, J. H. @ BookFinder.com",Amazon.com,used,16.0,"Later Printing. Pages 318. In Stock. From : World of Books (previously glenthebookseller), United States",
9780828104852,The Italian Renaissance (American Heritage Library),"Plumb, J. H. @ BookFinder.com",Amazon.com,used,19.0,"Later Printing. Pages 318. In Stock. From : Poquette's Books, United States",
9780828104852,The Italian Renaissance (American Heritage Library),"Plumb, J. H. @ BookFinder.com",Amazon.com,used,24.0,"Later Printing. Pages 318. In Stock. From : BooksRun, United States",
9780828104852,The Italian Renaissance (American Heritage Library),"Plumb, J. H. @ BookFinder.com",Amazon.com,used,39.0,"Later Printing. Pages 318. In stock Usually ships within 3 to 4 days. From : ThriftBooks-Phoenix, United States",
9780828104852,The Italian Renaissance (American Heritage Library),"Plumb, J. H. @ BookFinder.com",Amazon.com,used,43.0,"Later Printing. Pages 318. In Stock. Fulfillment by Amazon. From : Books Today For You, United States",
9780828104852,The Italian Renaissance (American Heritage Library),"Plumb, J. H. @ BookFinder.com",Amazon.com (Prime),used,44.0,"Later Printing. Pages 318. In Stock. Fulfillment by Amazon. Amazon Prime. Not a Prime member? Try Amazon Prime 30-Day Free Trial which includes Prime Video, Prime Music and Prime Reading. From : Books Today For You, United States",
9780828104852,The Italian Renaissance (American Heritage Library),"Plumb, J. H. @ BookFinder.com",Amazon.com,used,46.0,"Later Printing. Pages 318. In Stock. Fulfillment by Amazon. From : Mofulfillment, United States",
9780828104852,The Italian Renaissance (American Heritage Library),"Plumb, J. H. @ BookFinder.com",Amazon.com (Prime),used,47.0,"Later Printing. Pages 318. In Stock. Fulfillment by Amazon. Amazon Prime. Not a Prime member? Try Amazon Prime 30-Day Free Trial which includes Prime Video, Prime Music and Prime Reading. From : Mofulfillment, United States",
9780828104852,The Italian Renaissance (American Heritage Library),"Plumb, J. H. @ BookFinder.com",Amazon.com,used,48.0,"Later Printing. Pages 318. In Stock. From : WonderBook, United States",
9780828104852,The Italian Renaissance (American Heritage Library),"Plumb, J. H. @ BookFinder.com",Amazon.com,used,49.0,"Later Printing. Pages 318. In Stock. From : WonderBook, United States",
9781456405724,The Adventures of Huckleberry Finn: Unabridged and Illustrated,"Twain, Mark @ BookFinder.com",Amazon.com,used,3.0,"Illustrated, Reprint Format: Illustrated. Pages 234. In Stock. From : World of Books (previously glenthebookseller), United States",
9781456405724,The Adventures of Huckleberry Finn: Unabridged and Illustrated,"Twain, Mark @ BookFinder.com",Amazon.com,used,4.0,"Illustrated, Reprint Format: Illustrated. Pages 234. In Stock. From : onceuponatimebooks, United States",
9781456405724,The Adventures of Huckleberry Finn: Unabridged and Illustrated,"Twain, Mark @ BookFinder.com",Amazon.com,used,12.0,"Illustrated, Reprint Format: Illustrated. Pages 234. In stock Usually ships within 3 to 4 days. From : ThriftBooks-Baltimore, United States",
9781456405724,The Adventures of Huckleberry Finn: Unabridged and Illustrated,"Twain, Mark @ BookFinder.com",Amazon.com,used,13.0,"Illustrated, Reprint Format: Illustrated. Pages 234. In stock Usually ships within 3 to 4 days. From : ThriftBooks-Chicago, United States",
9781456405724,The Adventures of Huckleberry Finn: Unabridged and Illustrated,"Twain, Mark @ BookFinder.com",Amazon.com,used,14.0,"Illustrated, Reprint Format: Illustrated. Pages 234. In stock Usually ships within 3 to 4 days. From : ThriftBooks-Seattle, United States",
9781456405724,The Adventures of Huckleberry Finn: Unabridged and Illustrated,"Twain, Mark @ BookFinder.com",Amazon.com,used,15.0,"Illustrated, Reprint Format: Illustrated. Pages 234. In stock Usually ships within 3 to 4 days. From : ThriftBooks-Baltimore, United States",
9781456405724,The Adventures of Huckleberry Finn: Unabridged and Illustrated,"Twain, Mark @ BookFinder.com",Amazon.com,used,16.0,"Illustrated, Reprint Format: Illustrated. Pages 234. In stock Usually ships within 3 to 4 days. From : ThriftBooks-Dallas, United States",
9781456405724,The Adventures of Huckleberry Finn: Unabridged and Illustrated,"Twain, Mark @ BookFinder.com",Amazon.com,used,17.0,"Illustrated, Reprint Format: Illustrated. Pages 234. In stock Usually ships within 3 to 4 days. From : ThriftBooks-Phoenix, United States",
9781456405724,The Adventures of Huckleberry Finn: Unabridged and Illustrated,"Twain, Mark @ BookFinder.com",Amazon.com,used,18.0,"Illustrated, Reprint Format: Illustrated. Pages 234. In stock Usually ships within 3 to 4 days. From : ThriftBooks-Phoenix, United States",
9781456405724,The Adventures of Huckleberry Finn: Unabridged and Illustrated,"Twain, Mark @ BookFinder.com",Amazon.com,used,19.0,"Illustrated, Reprint Format: Illustrated. Pages 234. In stock Usually ships within 3 to 4 days. From : ThriftBooks-Dallas, United States",
9781456405724,The Adventures of Huckleberry Finn: Unabridged and Illustrated,"Twain, Mark @ BookFinder.com",Amazon.com,used,1.0,"Illustrated, Reprint Format: Illustrated. Pages 234. In Stock. From : Shakespeare Book House, United States",
9781456405724,The Adventures of Huckleberry Finn: Unabridged and Illustrated,"Twain, Mark @ BookFinder.com",Amazon.com,used,2.0,"Illustrated, Reprint Format: Illustrated. Pages 234. In Stock. From : BOOKS FROM CA, United States",
9781456405724,The Adventures of Huckleberry Finn: Unabridged and Illustrated,"Twain, Mark @ BookFinder.com",Amazon.com (Prime),used,3.0,"Illustrated, Reprint Format: Illustrated. Pages 234. In Stock. Fulfillment by Amazon. Amazon Prime. Not a Prime member? Try Amazon Prime 30-Day Free Trial which includes Prime Video, Prime Music and Prime Reading. From : Amazon.com (Prime), United States",
9781456405724,The Adventures of Huckleberry Finn: Unabridged and Illustrated,"Twain, Mark @ BookFinder.com",Amazon.com,used,4.0,"Illustrated, Reprint Format: Illustrated. Pages 234. In Stock. Fulfillment by Amazon. From : Amazon.com, United States",
9781456405724,The Adventures of Huckleberry Finn: Unabridged and Illustrated,"Twain, Mark @ BookFinder.com",Amazon.com,used,13.0,"Illustrated, Reprint Format: Illustrated. Pages 234. In stock Usually ships within 2 to 3 days. From : GrandEagleRetail, United States",
9781456405724,The Adventures of Huckleberry Finn: Unabridged and Illustrated,"Twain, Mark @ BookFinder.com",Amazon.com,used,3.0,"Illustrated, Reprint Format: Illustrated. Pages 234. In Stock. From : World of Books (previously glenthebookseller), United States",
9781456405724,The Adventures of Huckleberry Finn: Unabridged and Illustrated,"Twain, Mark @ BookFinder.com",Amazon.com,used,4.0,"Illustrated, Reprint Format: Illustrated. Pages 234. In Stock. From : onceuponatimebooks, United States",
9781456405724,The Adventures of Huckleberry Finn: Unabridged and Illustrated,"Twain, Mark @ BookFinder.com",Amazon.com,used,12.0,"Illustrated, Reprint Format: Illustrated. Pages 234. In stock Usually ships within 3 to 4 days. From : ThriftBooks-Baltimore, United States",
9781456405724,The Adventures of Huckleberry Finn: Unabridged and Illustrated,"Twain, Mark @ BookFinder.com",Amazon.com,used,13.0,"Illustrated, Reprint Format: Illustrated. Pages 234. In stock Usually ships within 3 to 4 days. From : ThriftBooks-Chicago, United States",
9781456405724,The Adventures of Huckleberry Finn: Unabridged and Illustrated,"Twain, Mark @ BookFinder.com",Amazon.com,used,14.0,"Illustrated, Reprint Format: Illustrated. Pages 234. In stock Usually ships within 3 to 4 days. From : ThriftBooks-Seattle, United States",
9781456405724,The Adventures of Huckleberry Finn: Unabridged and Illustrated,"Twain, Mark @ BookFinder.com",Amazon.com,used,15.0,"Illustrated, Reprint Format: Illustrated. Pages 234. In stock Usually ships within 3 to 4 days. From : ThriftBooks-Baltimore, United States",
9781456405724,The Adventures of Huckleberry Finn: Unabridged and Illustrated,"Twain, Mark @ BookFinder.com",Amazon.com,used,16.0,"Illustrated, Reprint Format: Illustrated. Pages 234. In stock Usually ships within 3 to 4 days. From : ThriftBooks-Dallas, United States",
9781456405724,The Adventures of Huckleberry Finn: Unabridged and Illustrated,"Twain, Mark @ BookFinder.com",Amazon.com,used,17.0,"Illustrated, Reprint Format: Illustrated. Pages 234. In stock Usually ships within 3 to 4 days. From : ThriftBooks-Phoenix, United States",
9781456405724,The Adventures of Huckleberry Finn: Unabridged and Illustrated,"Twain, Mark @ BookFinder.com",Amazon.com,used,18.0,"Illustrated, Reprint Format: Illustrated. Pages 234. In stock Usually ships within 3 to 4 days. From : ThriftBooks-Phoenix, United States",
9781456405724,The Adventures of Huckleberry Finn: Unabridged and Illustrated,"Twain, Mark @ BookFinder.com",Amazon.com,used,19.0,"Illustrated, Reprint Format: Illustrated. Pages 234. In stock Usually ships within 3 to 4 days. From : ThriftBooks-Dallas, United States",
9780553066197,Keepers of the Faith,Emile Loring @ BookFinder.com,Amazon.com,used,2.0,"10th Printing. Pages 186. In Stock. From : book-garden, United States",
9780553066197,Keepers of the Faith,Emile Loring @ BookFinder.com,Amazon.com,used,9.0,"10th Printing. Pages 186. In Stock. From : onceuponatimebooks, United States",
9780553066197,Keepers of the Faith,Emile Loring @ BookFinder.com,Amazon.com,used,10.0,"10th Printing. Pages 186. In Stock. From : Redux_Books, United States",
9780553066197,Keepers of the Faith,Emile Loring @ BookFinder.com,Amazon.com,used,15.0,"10th Printing. Pages 186. In Stock. From : Half Price Books Inc, United States",
9780553066197,Keepers of the Faith,Emile Loring @ BookFinder.com,Amazon.com,used,20.0,"10th Printing. Pages 186. In stock Usually ships within 3 to 4 days. From : ThriftBooks-Seattle, United States",
9780553066197,Keepers of the Faith,Emile Loring @ BookFinder.com,Amazon.com,used,21.0,"10th Printing. Pages 186. In stock Usually ships within 3 to 4 days. From : ThriftBooks-Seattle, United States",
9780553066197,Keepers of the Faith,Emile Loring @ BookFinder.com,Amazon.com,used,22.0,"10th Printing. Pages 186. In stock Usually ships within 3 to 4 days. From : ThriftBooks-Dallas, United States",
9780553066197,Keepers of the Faith,Emile Loring @ BookFinder.com,Amazon.com,used,23.0,"10th Printing. Pages 186. In stock Usually ships within 3 to 4 days. From : ThriftBooks-Dallas, United States",
9780553066197,Keepers of the Faith,Emile Loring @ BookFinder.com,Amazon.com,used,24.0,"10th Printing. Pages 186. In stock Usually ships within 3 to 4 days. From : ThriftBooks-Atlanta, United States",
9780553066197,Keepers of the Faith,Emile Loring @ BookFinder.com,Amazon.com,used,25.0,"10th Printing. Pages 186. In stock Usually ships within 3 to 4 days. From : ThriftBooks-Baltimore, United States",
9780553066197,Keepers of the Faith,Emile Loring @ BookFinder.com,Amazon.com,used,2.0,"10th Printing. Pages 186. In Stock. From : book-garden, United States",
9780553066197,Keepers of the Faith,Emile Loring @ BookFinder.com,Amazon.com,used,9.0,"10th Printing. Pages 186. In Stock. From : onceuponatimebooks, United States",
9780553066197,Keepers of the Faith,Emile Loring @ BookFinder.com,Amazon.com,used,10.0,"10th Printing. Pages 186. In Stock. From : Redux_Books, United States",
9780553066197,Keepers of the Faith,Emile Loring @ BookFinder.com,Amazon.com,used,15.0,"10th Printing. Pages 186. In Stock. From : Half Price Books Inc, United States",
9780553066197,Keepers of the Faith,Emile Loring @ BookFinder.com,Amazon.com,used,20.0,"10th Printing. Pages 186. In stock Usually ships within 3 to 4 days. From : ThriftBooks-Seattle, United States",
9780553066197,Keepers of the Faith,Emile Loring @ BookFinder.com,Amazon.com,used,21.0,"10th Printing. Pages 186. In stock Usually ships within 3 to 4 days. From : ThriftBooks-Seattle, United States",
9780553066197,Keepers of the Faith,Emile Loring @ BookFinder.com,Amazon.com,used,22.0,"10th Printing. Pages 186. In stock Usually ships within 3 to 4 days. From : ThriftBooks-Dallas, United States",
9780553066197,Keepers of the Faith,Emile Loring @ BookFinder.com,Amazon.com,used,23.0,"10th Printing. Pages 186. In stock Usually ships within 3 to 4 days. From : ThriftBooks-Dallas, United States",
9780553066197,Keepers of the Faith,Emile Loring @ BookFinder.com,Amazon.com,used,24.0,"10th Printing. Pages 186. In stock Usually ships within 3 to 4 days. From : ThriftBooks-Atlanta, United States",
9780553066197,Keepers of the Faith,Emile Loring @ BookFinder.com,Amazon.com,used,25.0,"10th Printing. Pages 186. In stock Usually ships within 3 to 4 days. From : ThriftBooks-Baltimore, United States",
9782110808042,Paul et Virginie,"Bernardin De Saint-Pierre, Jacques-Henri; Guitton, Édouard @ BookFinder.com",Amazon.com,used,3.0,"0. Pages 408. In Stock. From : anybookCom, United Kingdom",
9782110808042,Paul et Virginie,"Bernardin De Saint-Pierre, Jacques-Henri; Guitton, Édouard @ BookFinder.com",Amazon.com,used,9.0,"0. Pages 408. In stock Usually ships within 3 to 4 days. From : Walletkite, France",
9782110808042,Paul et Virginie,"Bernardin De Saint-Pierre, Jacques-Henri; Guitton, Édouard @ BookFinder.com",Amazon.com,used,2.0,"0. Pages 408. In Stock. From : anybookCom, United Kingdom",
9782110808042,Paul et Virginie,"Bernardin De Saint-Pierre, Jacques-Henri; Guitton, Édouard @ BookFinder.com",Amazon.com,used,7.0,"0. Pages 408. In stock Usually ships within 3 to 4 days. From : Walletkite, France",
9781448156085,,@ BookFinder.com,Amazon.com,used,2.0,"New Ed Format: Kindle eBook. Pages 306. Available for download now. From : PRH UK, United States",
9781448156085,,@ BookFinder.com,Amazon.com,used,2.0,"New Ed Format: Kindle eBook. Pages 306. Available for download now. From : PRH UK, United States",
9781408857823,Chasing the Scream,Johann Hari @ BookFinder.com,Amazon.com,used,10.0,"UK ed. Format: Import. Pages 400. In Stock. Fulfillment by Amazon. From : Reader's Oasis, United States",
9781408857823,Chasing the Scream,Johann Hari @ BookFinder.com,Amazon.com (Prime),used,11.0,"UK ed. Format: Import. Pages 400. In Stock. Fulfillment by Amazon. Amazon Prime. Not a Prime member? Try Amazon Prime 30-Day Free Trial which includes Prime Video, Prime Music and Prime Reading. From : Reader's Oasis, United States",
9781408857823,Chasing the Scream,Johann Hari @ BookFinder.com,Amazon.com,used,12.0,"UK ed. Format: Import. Pages 400. In Stock. From : BetterWorldBooksUK, United Kingdom",
9781408857823,Chasing the Scream,Johann Hari @ BookFinder.com,Amazon.com,used,17.0,"UK ed. Format: Import. Pages 400. In Stock. From : GreatBookDealz, United States",
9781408857823,Chasing the Scream,Johann Hari @ BookFinder.com,Amazon.com.au,used,28.0,"1 Format: Kindle eBook. Pages 401. Available for download now. From : Amazon Australia Services, Inc.",
9781408857823,Chasing the Scream,Johann Hari @ BookFinder.com,Amazon.com,used,34.0,"UK ed. Format: Import. Pages 400. In Stock. From : LuminaryBooks, United States",
9781408857823,Chasing the Scream,Johann Hari @ BookFinder.com,Amazon.com,used,39.0,"UK ed. Format: Import. Pages 400. In Stock. Fulfillment by Amazon. From : Waresby, United States",
9781408857823,Chasing the Scream,Johann Hari @ BookFinder.com,Amazon.com (Prime),used,40.0,"UK ed. Format: Import. Pages 400. In Stock. Fulfillment by Amazon. Amazon Prime. Not a Prime member? Try Amazon Prime 30-Day Free Trial which includes Prime Video, Prime Music and Prime Reading. From : Waresby, United States",
9781408857823,Chasing the Scream,Johann Hari @ BookFinder.com,Amazon.com,used,42.0,"UK ed. Format: Import. Pages 400. In stock Usually ships within 2 to 3 days. From : Bahamut Media, United States",
9781408857823,Chasing the Scream,Johann Hari @ BookFinder.com,Amazon.com,used,48.0,"UK ed. Format: Import. Pages 400. In stock Usually ships within 2 to 3 days. From : awesomebooksusa, United States",
9781408857823,Chasing the Scream,Johann Hari @ BookFinder.com,Amazon.com.au,used,1.0,"1 Format: Kindle eBook. Pages 401. Available for download now. From : Amazon Australia Services, Inc.",
9781408857823,Chasing the Scream,Johann Hari @ BookFinder.com,Amazon.com,used,10.0,"UK ed. Format: Import. Pages 400. In Stock. Fulfillment by Amazon. From : Reader's Oasis, United States",
9781408857823,Chasing the Scream,Johann Hari @ BookFinder.com,Amazon.com (Prime),used,11.0,"UK ed. Format: Import. Pages 400. In Stock. Fulfillment by Amazon. Amazon Prime. Not a Prime member? Try Amazon Prime 30-Day Free Trial which includes Prime Video, Prime Music and Prime Reading. From : Reader's Oasis, United States",
9781408857823,Chasing the Scream,Johann Hari @ BookFinder.com,Amazon.com,used,12.0,"UK ed. Format: Import. Pages 400. In Stock. From : BetterWorldBooksUK, United Kingdom",
9781408857823,Chasing the Scream,Johann Hari @ BookFinder.com,Amazon.com,used,17.0,"UK ed. Format: Import. Pages 400. In Stock. From : GreatBookDealz, United States",
9781408857823,Chasing the Scream,Johann Hari @ BookFinder.com,Amazon.com,used,32.0,"UK ed. Format: Import. Pages 400. In Stock. From : LuminaryBooks, United States",
9781408857823,Chasing the Scream,Johann Hari @ BookFinder.com,Amazon.com,used,37.0,"UK ed. Format: Import. Pages 400. In Stock. Fulfillment by Amazon. From : Waresby, United States",
9781408857823,Chasing the Scream,Johann Hari @ BookFinder.com,Amazon.com (Prime),used,38.0,"UK ed. Format: Import. Pages 400. In Stock. Fulfillment by Amazon. Amazon Prime. Not a Prime member? Try Amazon Prime 30-Day Free Trial which includes Prime Video, Prime Music and Prime Reading. From : Waresby, United States",
9781408857823,Chasing the Scream,Johann Hari @ BookFinder.com,Amazon.com,used,39.0,"UK ed. Format: Import. Pages 400. In stock Usually ships within 2 to 3 days. From : Bahamut Media, United States",
9781408857823,Chasing the Scream,Johann Hari @ BookFinder.com,Amazon.com,used,45.0,"UK ed. Format: Import. Pages 400. In stock Usually ships within 2 to 3 days. From : awesomebooksusa, United States",
9781408857823,Chasing the Scream,Johann Hari @ BookFinder.com,Amazon.com,used,50.0,"UK ed. Format: Import. Pages 400. In Stock. From : shoppelo, United States",
9780375726064,If It Die . . .: An Autobiography,"Gide, Andre @ BookFinder.com",Amazon.com,used,15.0,"New Ed. Pages 336. In Stock. From : Goodwill South Florida, United States",
9780375726064,If It Die . . .: An Autobiography,"Gide, Andre @ BookFinder.com",Amazon.com,used,17.0,"New Ed. Pages 336. In Stock. From : Crazydog7, United States",
9780375726064,If It Die . . .: An Autobiography,"Gide, Andre @ BookFinder.com",Amazon.com,used,21.0,"New Ed. Pages 336. In Stock. From : World of Books (previously glenthebookseller), United States",
9780375726064,If It Die . . .: An Autobiography,"Gide, Andre @ BookFinder.com",Amazon.com,used,22.0,"New Ed. Pages 336. In Stock. From : books_from_california, United States",
9780375726064,If It Die . . .: An Autobiography,"Gide, Andre @ BookFinder.com",Amazon.com,used,23.0,"New Ed. Pages 336. In Stock. From : Better World Books: South, United States",
9780375726064,If It Die . . .: An Autobiography,"Gide, Andre @ BookFinder.com",Amazon.com,used,24.0,"New Ed. Pages 336. In Stock. From : Better World Books: South, United States",
9780375726064,If It Die . . .: An Autobiography,"Gide, Andre @ BookFinder.com",Amazon.com,used,25.0,"New Ed. Pages 336. In Stock. From : Better World Books: West, United States",
9780375726064,If It Die . . .: An Autobiography,"Gide, Andre @ BookFinder.com",Amazon.com,used,29.0,"New Ed. Pages 336. In Stock. From : Fast Cat Books, United States",
9780375726064,If It Die . . .: An Autobiography,"Gide, Andre @ BookFinder.com",Amazon.com,used,30.0,"New Ed. Pages 336. In Stock. Fulfillment by Amazon. From : Amazon.com, United States",
9780375726064,If It Die . . .: An Autobiography,"Gide, Andre @ BookFinder.com",Amazon.com (Prime),used,31.0,"New Ed. Pages 336. In Stock. Fulfillment by Amazon. Amazon Prime. Not a Prime member? Try Amazon Prime 30-Day Free Trial which includes Prime Video, Prime Music and Prime Reading. From : Amazon.com (Prime), United States",
9780375726064,If It Die . . .: An Autobiography,"Gide, Andre @ BookFinder.com",Amazon.com,used,34.0,"New Ed. Pages 336. In Stock. Fulfillment by Amazon. From : Willows Book Store, United States",
9780375726064,If It Die . . .: An Autobiography,"Gide, Andre @ BookFinder.com",Amazon.com (Prime),used,35.0,"New Ed. Pages 336. In Stock. Fulfillment by Amazon. Amazon Prime. Not a Prime member? Try Amazon Prime 30-Day Free Trial which includes Prime Video, Prime Music and Prime Reading. From : Willows Book Store, United States",
9780375726064,If It Die . . .: An Autobiography,"Gide, Andre @ BookFinder.com",Amazon.com,used,1.0,"New Ed. Pages 336. In Stock. Fulfillment by Amazon. From : Amazon.com, United States",
9780375726064,If It Die . . .: An Autobiography,"Gide, Andre @ BookFinder.com",Amazon.com (Prime),used,2.0,"New Ed. Pages 336. In Stock. Fulfillment by Amazon. Amazon Prime. Not a Prime member? Try Amazon Prime 30-Day Free Trial which includes Prime Video, Prime Music and Prime Reading. From : Amazon.com (Prime), United States",
9780375726064,If It Die . . .: An Autobiography,"Gide, Andre @ BookFinder.com",Amazon.com,used,3.0,"New Ed. Pages 336. In Stock. Fulfillment by Amazon. From : Willows Book Store, United States",
9780375726064,If It Die . . .: An Autobiography,"Gide, Andre @ BookFinder.com",Amazon.com (Prime),used,4.0,"New Ed. Pages 336. In Stock. Fulfillment by Amazon. Amazon Prime. Not a Prime member? Try Amazon Prime 30-Day Free Trial which includes Prime Video, Prime Music and Prime Reading. From : Willows Book Store, United States",
9780375726064,If It Die . . .: An Autobiography,"Gide, Andre @ BookFinder.com",Amazon.com,used,20.0,"New Ed. Pages 336. Usually ships within 9 to 10 days. From : SuperBookDeals---, United States",
9780375726064,If It Die . . .: An Autobiography,"Gide, Andre @ BookFinder.com",Amazon.com,used,21.0,"New Ed. Pages 336. In Stock. From : Ambis Enterprises, United States",
9780375726064,If It Die . . .: An Autobiography,"Gide, Andre @ BookFinder.com",Amazon.com,used,23.0,"New Ed. Pages 336. Usually ships within 11 to 12 days. From : bargainbookstores-, United States",
9780375726064,If It Die . . .: An Autobiography,"Gide, Andre @ BookFinder.com",Amazon.com,used,24.0,"New Ed. Pages 336. In Stock. From : betterdeals2019, United States",
9780375726064,If It Die . . .: An Autobiography,"Gide, Andre @ BookFinder.com",Amazon.com,used,25.0,"New Ed. Pages 336. In stock Usually ships within 2 to 3 days. From : webdelicollc, United States",
9780375726064,If It Die . . .: An Autobiography,"Gide, Andre @ BookFinder.com",Amazon.com,used,28.0,"New Ed. Pages 336. In stock Usually ships within 3 to 4 days. From : Cyprus City Sales, United States",
9780375726064,If It Die . . .: An Autobiography,"Gide, Andre @ BookFinder.com",Amazon.com,used,29.0,"New Ed. Pages 336. In stock Usually ships within 3 to 4 days. From : North Star Book Company, United States",
9780375726064,If It Die . . .: An Autobiography,"Gide, Andre @ BookFinder.com",Amazon.com,used,31.0,"New Ed. Pages 336. Usually ships within 2 to 3 weeks. From : booksXpress, United States",
9780375726064,If It Die . . .: An Autobiography,"Gide, Andre @ BookFinder.com",Amazon.com,used,15.0,"New Ed. Pages 336. In Stock. From : Goodwill South Florida, United States",
9780375726064,If It Die . . .: An Autobiography,"Gide, Andre @ BookFinder.com",Amazon.com,used,17.0,"New Ed. Pages 336. In Stock. From : Crazydog7, United States",
9780375726064,If It Die . . .: An Autobiography,"Gide, Andre @ BookFinder.com",Amazon.com,used,21.0,"New Ed. Pages 336. In Stock. From : World of Books (previously glenthebookseller), United States",
9780375726064,If It Die . . .: An Autobiography,"Gide, Andre @ BookFinder.com",Amazon.com,used,22.0,"New Ed. Pages 336. In Stock. From : books_from_california, United States",
9780375726064,If It Die . . .: An Autobiography,"Gide, Andre @ BookFinder.com",Amazon.com,used,23.0,"New Ed. Pages 336. In Stock. From : Better World Books: South, United States",
9780375726064,If It Die . . .: An Autobiography,"Gide, Andre @ BookFinder.com",Amazon.com,used,24.0,"New Ed. Pages 336. In Stock. From : Better World Books: South, United States",
9780375726064,If It Die . . .: An Autobiography,"Gide, Andre @ BookFinder.com",Amazon.com,used,25.0,"New Ed. Pages 336. In Stock. From : Better World Books: West, United States",
9780375726064,If It Die . . .: An Autobiography,"Gide, Andre @ BookFinder.com",Amazon.com,used,29.0,"New Ed. Pages 336. In Stock. From : Fast Cat Books, United States",
9780375726064,If It Die . . .: An Autobiography,"Gide, Andre @ BookFinder.com",Amazon.com,used,35.0,"New Ed. Pages 336. Usually ships within 9 to 10 days. From : SuperBookDeals---, United States",
9780375726064,If It Die . . .: An Autobiography,"Gide, Andre @ BookFinder.com",Amazon.com,used,40.0,"New Ed. Pages 336. In Stock. From : bestandfastestbooks, United States",
9781849701471,Phalanx (6) (Soul Drinkers),"Counter, Ben @ BookFinder.com",Amazon.com,used,9.0,"Original. Pages 416. In stock Usually ships within 3 to 4 days. From : Aspen Book Co., United States",
9781849701471,Phalanx (6) (Soul Drinkers),"Counter, Ben @ BookFinder.com",Amazon.com,used,10.0,"Original. Pages 416. In stock Usually ships within 3 to 4 days. From : ThriftBooks-Baltimore, United States",
9781849701471,Phalanx (6) (Soul Drinkers),"Counter, Ben @ BookFinder.com",Amazon.com,used,15.0,"Original. Pages 416. In stock Usually ships within 2 to 3 days. From : Reliant Distribution, United States",
9781849701471,Phalanx (6) (Soul Drinkers),"Counter, Ben @ BookFinder.com",Amazon.com,used,17.0,"Original. Pages 416. In Stock. From : HPB-Diamond, United States",
9781849701471,Phalanx (6) (Soul Drinkers),"Counter, Ben @ BookFinder.com",Amazon.com,used,20.0,"Original. Pages 416. In Stock. From : Blue Vase Books, United States",
9781849701471,Phalanx (6) (Soul Drinkers),"Counter, Ben @ BookFinder.com",Amazon.com,used,29.0,"Original. Pages 416. In Stock. Fulfillment by Amazon. From : Vogman, United States",
9781849701471,Phalanx (6) (Soul Drinkers),"Counter, Ben @ BookFinder.com",Amazon.com (Prime),used,30.0,"Original. Pages 416. In Stock. Fulfillment by Amazon. Amazon Prime. Not a Prime member? Try Amazon Prime 30-Day Free Trial which includes Prime Video, Prime Music and Prime Reading. From : Vogman, United States",
9781849701471,Phalanx (6) (Soul Drinkers),"Counter, Ben @ BookFinder.com",Amazon.com,used,31.0,"Original. Pages 416. In Stock. Fulfillment by Amazon. From : Arias Exchange, United States",
9781849701471,Phalanx (6) (Soul Drinkers),"Counter, Ben @ BookFinder.com",Amazon.com (Prime),used,32.0,"Original. Pages 416. In Stock. Fulfillment by Amazon. Amazon Prime. Not a Prime member? Try Amazon Prime 30-Day Free Trial which includes Prime Video, Prime Music and Prime Reading. From : Arias Exchange, United States",
9781849701471,Phalanx (6) (Soul Drinkers),"Counter, Ben @ BookFinder.com",Amazon.com,used,34.0,"Original. Pages 416. In Stock. From : JDD - Denver, United States",
9781849701471,Phalanx (6) (Soul Drinkers),"Counter, Ben @ BookFinder.com",Amazon.com,used,38.0,"Original. Pages 416. In Stock. From : Books Remembered, United States",
9781849701471,Phalanx (6) (Soul Drinkers),"Counter, Ben @ BookFinder.com",Amazon.com,used,39.0,"Original. Pages 416. In Stock. From : Libup Books!, United States",
9781849701471,Phalanx (6) (Soul Drinkers),"Counter, Ben @ BookFinder.com",Amazon.com,used,3.0,"Original. Pages 416. In Stock. From : belskiy, United States",
9781849701471,Phalanx (6) (Soul Drinkers),"Counter, Ben @ BookFinder.com",Amazon.com,used,7.0,"Original. Pages 416. In Stock. From : Libup Books!, United States",
9781849701471,Phalanx (6) (Soul Drinkers),"Counter, Ben @ BookFinder.com",Amazon.com,used,9.0,"Original. Pages 416. In stock Usually ships within 3 to 4 days. From : Aspen Book Co., United States",
9781849701471,Phalanx (6) (Soul Drinkers),"Counter, Ben @ BookFinder.com",Amazon.com,used,10.0,"Original. Pages 416. In stock Usually ships within 3 to 4 days. From : ThriftBooks-Baltimore, United States",
9781849701471,Phalanx (6) (Soul Drinkers),"Counter, Ben @ BookFinder.com",Amazon.com,used,15.0,"Original. Pages 416. In stock Usually ships within 2 to 3 days. From : Reliant Distribution, United States",
9781849701471,Phalanx (6) (Soul Drinkers),"Counter, Ben @ BookFinder.com",Amazon.com,used,17.0,"Original. Pages 416. In Stock. From : HPB-Diamond, United States",
9781849701471,Phalanx (6) (Soul Drinkers),"Counter, Ben @ BookFinder.com",Amazon.com,used,20.0,"Original. Pages 416. In Stock. From : Blue Vase Books, United States",
9781849701471,Phalanx (6) (Soul Drinkers),"Counter, Ben @ BookFinder.com",Amazon.com,used,29.0,"Original. Pages 416. In Stock. Fulfillment by Amazon. From : Vogman, United States",
9781849701471,Phalanx (6) (Soul Drinkers),"Counter, Ben @ BookFinder.com",Amazon.com (Prime),used,30.0,"Original. Pages 416. In Stock. Fulfillment by Amazon. Amazon Prime. Not a Prime member? Try Amazon Prime 30-Day Free Trial which includes Prime Video, Prime Music and Prime Reading. From : Vogman, United States",
9781849701471,Phalanx (6) (Soul Drinkers),"Counter, Ben @ BookFinder.com",Amazon.com,used,31.0,"Original. Pages 416. In Stock. Fulfillment by Amazon. From : Arias Exchange, United States",
9781849701471,Phalanx (6) (Soul Drinkers),"Counter, Ben @ BookFinder.com",Amazon.com (Prime),used,32.0,"Original. Pages 416. In Stock. Fulfillment by Amazon. Amazon Prime. Not a Prime member? Try Amazon Prime 30-Day Free Trial which includes Prime Video, Prime Music and Prime Reading. From : Arias Exchange, United States",
9781849701471,Phalanx (6) (Soul Drinkers),"Counter, Ben @ BookFinder.com",Amazon.com,used,34.0,"Original. Pages 416. In Stock. From : JDD - Denver, United States",
9781849701471,Phalanx (6) (Soul Drinkers),"Counter, Ben @ BookFinder.com",Amazon.com,used,38.0,"Original. Pages 416. In Stock. From : Books Remembered, United States",
9781849701471,Phalanx (6) (Soul Drinkers),"Counter, Ben @ BookFinder.com",Amazon.com,used,39.0,"Original. Pages 416. In Stock. From : Libup Books!, United States",
9780192503459,Mansfield Park,"Austen, Jane @ BookFinder.com",Amazon.com,used,7.0,"3rd. Pages 418. In Stock. From : Atmosphere Bks, Spain",
9780192503459,Mansfield Park,"Austen, Jane @ BookFinder.com",Amazon.com,used,7.0,"3rd. Pages 418. In Stock. From : Atmosphere Bks, Spain",
9782253006725,La Princesse De Cleves (French Edition),De La Fayette @ BookFinder.com,Amazon.com,used,1.0,"0. Pages 304. In stock Usually ships within 3 to 4 days. From : ThriftBooks-Baltimore, United States",
9782253006725,La Princesse De Cleves (French Edition),De La Fayette @ BookFinder.com,Amazon.com,used,2.0,"0. Pages 304. In stock Usually ships within 3 to 4 days. From : ThriftBooks-Dallas, United States",
9782253006725,La Princesse De Cleves (French Edition),De La Fayette @ BookFinder.com,Amazon.com,used,3.0,"0. Pages 304. In Stock. From : WEST BOOKS, Canada",
9782253006725,La Princesse De Cleves (French Edition),De La Fayette @ BookFinder.com,Amazon.com,used,4.0,"0. Pages 304. In Stock. From : WEST BOOKS, Canada",
9782253006725,La Princesse De Cleves (French Edition),De La Fayette @ BookFinder.com,Amazon.com,used,5.0,"0. Pages 304. In Stock. From : WEST BOOKS, Canada",
9782253006725,La Princesse De Cleves (French Edition),De La Fayette @ BookFinder.com,Amazon.com,used,6.0,"0. Pages 304. In Stock. From : WEST BOOKS, Canada",
9782253006725,La Princesse De Cleves (French Edition),De La Fayette @ BookFinder.com,Amazon.com,used,7.0,"0. Pages 304. In Stock. From : WEST BOOKS, Canada",
9782253006725,La Princesse De Cleves (French Edition),De La Fayette @ BookFinder.com,Amazon.com,used,8.0,"0. Pages 304. In Stock. From : WEST BOOKS, Canada",
9782253006725,La Princesse De Cleves (French Edition),De La Fayette @ BookFinder.com,Amazon.com,used,9.0,"0. Pages 304. In Stock. From : WEST BOOKS, Canada",
9782253006725,La Princesse De Cleves (French Edition),De La Fayette @ BookFinder.com,Amazon.com,used,19.0,"0. Pages 304. In stock Usually ships within 2 to 3 days. From : Bahamut Media, United States",
9782253006725,La Princesse De Cleves (French Edition),De La Fayette @ BookFinder.com,Amazon.com,used,4.0,"0. Pages 304. In stock Usually ships within 4 to 5 days. From : WEST BOOKS, Canada",
9782253006725,La Princesse De Cleves (French Edition),De La Fayette @ BookFinder.com,Amazon.com,used,5.0,"0. Pages 304. In Stock. From : Harmony in Hues, Canada",
9782253006725,La Princesse De Cleves (French Edition),De La Fayette @ BookFinder.com,Amazon.com,used,6.0,"0. Pages 304. In Stock. From : International Book Import Service (IBIS), United States",
9782253006725,La Princesse De Cleves (French Edition),De La Fayette @ BookFinder.com,Amazon.com,used,8.0,"0. Pages 304. Usually ships within 9 to 10 days. From : ship_option_#1, United Kingdom",
9782253006725,La Princesse De Cleves (French Edition),De La Fayette @ BookFinder.com,Amazon.com,used,10.0,"0. Pages 304. In stock Usually ships within 2 to 3 days. From : Yachew LTD UK, United Kingdom",
9782253006725,La Princesse De Cleves (French Edition),De La Fayette @ BookFinder.com,Amazon.com,used,1.0,"0. Pages 304. In stock Usually ships within 3 to 4 days. From : ThriftBooks-Baltimore, United States",
9782253006725,La Princesse De Cleves (French Edition),De La Fayette @ BookFinder.com,Amazon.com,used,2.0,"0. Pages 304. In stock Usually ships within 3 to 4 days. From : ThriftBooks-Dallas, United States",
9782253006725,La Princesse De Cleves (French Edition),De La Fayette @ BookFinder.com,Amazon.com,used,3.0,"0. Pages 304. In Stock. From : WEST BOOKS, Canada",
9782253006725,La Princesse De Cleves (French Edition),De La Fayette @ BookFinder.com,Amazon.com,used,4.0,"0. Pages 304. In Stock. From : WEST BOOKS, Canada",
9782253006725,La Princesse De Cleves (French Edition),De La Fayette @ BookFinder.com,Amazon.com,used,5.0,"0. Pages 304. In Stock. From : WEST BOOKS, Canada",
9782253006725,La Princesse De Cleves (French Edition),De La Fayette @ BookFinder.com,Amazon.com,used,6.0,"0. Pages 304. In Stock. From : WEST BOOKS, Canada",
9782253006725,La Princesse De Cleves (French Edition),De La Fayette @ BookFinder.com,Amazon.com,used,7.0,"0. Pages 304. In Stock. From : WEST BOOKS, Canada",
9782253006725,La Princesse De Cleves (French Edition),De La Fayette @ BookFinder.com,Amazon.com,used,8.0,"0. Pages 304. In Stock. From : WEST BOOKS, Canada",
9782253006725,La Princesse De Cleves (French Edition),De La Fayette @ BookFinder.com,Amazon.com,used,9.0,"0. Pages 304. In Stock. From : WEST BOOKS, Canada",
9782253006725,La Princesse De Cleves (French Edition),De La Fayette @ BookFinder.com,Amazon.com,used,19.0,"0. Pages 304. In stock Usually ships within 2 to 3 days. From : Bahamut Media, United States",
9781936305629,"Gabriel's Inferno (Gabriel, Book 1)","Reynard, Sylvain @ BookFinder.com",Amazon.com,used,10.0,"0. Pages 518. In Stock. From : YourOnlineBookstore, United States",
9781936305629,"Gabriel's Inferno (Gabriel, Book 1)","Reynard, Sylvain @ BookFinder.com",Amazon.com,used,11.0,"0. Pages 518. In Stock. From : World of Books (previously glenthebookseller), United States",
9781936305629,"Gabriel's Inferno (Gabriel, Book 1)","Reynard, Sylvain @ BookFinder.com",Amazon.com,used,27.0,"0. Pages 518. In Stock. From : World of Books (previously glenthebookseller), United States",
9781936305629,"Gabriel's Inferno (Gabriel, Book 1)","Reynard, Sylvain @ BookFinder.com",Amazon.com,used,28.0,"0. Pages 518. In stock Usually ships within 3 to 4 days. From : ThriftBooks-Chicago, United States",
9781936305629,"Gabriel's Inferno (Gabriel, Book 1)","Reynard, Sylvain @ BookFinder.com",Amazon.com,used,29.0,"0. Pages 518. In stock Usually ships within 3 to 4 days. From : ThriftBooks-Phoenix, United States",
9781936305629,"Gabriel's Inferno (Gabriel, Book 1)","Reynard, Sylvain @ BookFinder.com",Amazon.com,used,30.0,"0. Pages 518. In stock Usually ships within 3 to 4 days. From : ThriftBooks-Dallas, United States",
9781936305629,"Gabriel's Inferno (Gabriel, Book 1)","Reynard, Sylvain @ BookFinder.com",Amazon.com,used,31.0,"0. Pages 518. In stock Usually ships within 3 to 4 days. From : ThriftBooks-Baltimore, United States",
9781936305629,"Gabriel's Inferno (Gabriel, Book 1)","Reynard, Sylvain @ BookFinder.com",Amazon.com,used,32.0,"0. Pages 518. In stock Usually ships within 3 to 4 days. From : ThriftBooks-Phoenix, United States",
9781936305629,"Gabriel's Inferno (Gabriel, Book 1)","Reynard, Sylvain @ BookFinder.com",Amazon.com,used,33.0,"0. Pages 518. In stock Usually ships within 3 to 4 days. From : ThriftBooks-Atlanta, United States",
9781936305629,"Gabriel's Inferno (Gabriel, Book 1)","Reynard, Sylvain @ BookFinder.com",Amazon.com,used,34.0,"0. Pages 518. In stock Usually ships within 3 to 4 days. From : ThriftBooks-Seattle, United States",
9781936305629,"Gabriel's Inferno (Gabriel, Book 1)","Reynard, Sylvain @ BookFinder.com",Amazon.com,used,10.0,"0. Pages 518. In Stock. From : YourOnlineBookstore, United States",
9781936305629,"Gabriel's Inferno (Gabriel, Book 1)","Reynard, Sylvain @ BookFinder.com",Amazon.com,used,11.0,"0. Pages 518. In Stock. From : World of Books (previously glenthebookseller), United States",
9781936305629,"Gabriel's Inferno (Gabriel, Book 1)","Reynard, Sylvain @ BookFinder.com",Amazon.com,used,27.0,"0. Pages 518. In Stock. From : World of Books (previously glenthebookseller), United States",
9781936305629,"Gabriel's Inferno (Gabriel, Book 1)","Reynard, Sylvain @ BookFinder.com",Amazon.com,used,28.0,"0. Pages 518. In stock Usually ships within 3 to 4 days. From : ThriftBooks-Chicago, United States",
9781936305629,"Gabriel's Inferno (Gabriel, Book 1)","Reynard, Sylvain @ BookFinder.com",Amazon.com,used,29.0,"0. Pages 518. In stock Usually ships within 3 to 4 days. From : ThriftBooks-Phoenix, United States",
9781936305629,"Gabriel's Inferno (Gabriel, Book 1)","Reynard, Sylvain @ BookFinder.com",Amazon.com,used,30.0,"0. Pages 518. In stock Usually ships within 3 to 4 days. From : ThriftBooks-Dallas, United States",
9781936305629,"Gabriel's Inferno (Gabriel, Book 1)","Reynard, Sylvain @ BookFinder.com",Amazon.com,used,31.0,"0. Pages 518. In stock Usually ships within 3 to 4 days. From : ThriftBooks-Baltimore, United States",
9781936305629,"Gabriel's Inferno (Gabriel, Book 1)","Reynard, Sylvain @ BookFinder.com",Amazon.com,used,32.0,"0. Pages 518. In stock Usually ships within 3 to 4 days. From : ThriftBooks-Phoenix, United States",
9781936305629,"Gabriel's Inferno (Gabriel, Book 1)","Reynard, Sylvain @ BookFinder.com",Amazon.com,used,33.0,"0. Pages 518. In stock Usually ships within 3 to 4 days. From : ThriftBooks-Atlanta, United States",
9781936305629,"Gabriel's Inferno (Gabriel, Book 1)","Reynard, Sylvain @ BookFinder.com",Amazon.com,used,34.0,"0. Pages 518. In stock Usually ships within 3 to 4 days. From : ThriftBooks-Seattle, United States",
9781861713612,Fanny Hill: Memoirs of a Woman of Pleasure,"Cleland, John @ BookFinder.com",Amazon.com,used,1.0,"Illustrated Format: Illustrated. Pages 200. In Stock. Fulfillment by Amazon. From : Amazon.com, United States",
9781861713612,Fanny Hill: Memoirs of a Woman of Pleasure,"Cleland, John @ BookFinder.com",Amazon.com (Prime),used,2.0,"Illustrated Format: Illustrated. Pages 200. In Stock. Fulfillment by Amazon. Amazon Prime. Not a Prime member? Try Amazon Prime 30-Day Free Trial which includes Prime Video, Prime Music and Prime Reading. From : Amazon.com (Prime), United States",
9781861713612,Fanny Hill: Memoirs of a Woman of Pleasure,"Cleland, John @ BookFinder.com",Amazon.com,used,12.0,"Illustrated Format: Illustrated. Pages 200. In stock Usually ships within 3 to 4 days. From : Franklin's Collections, United States",
9781861713612,Fanny Hill: Memoirs of a Woman of Pleasure,"Cleland, John @ BookFinder.com",Amazon.com,used,13.0,"Illustrated Format: Illustrated. Pages 200. In Stock. From : betterdeals2019, United States",
9781861713612,Fanny Hill: Memoirs of a Woman of Pleasure,"Cleland, John @ BookFinder.com",Amazon.com,used,18.0,"Illustrated Format: Illustrated. Pages 200. In Stock. From : RAREWAVES-IMPORTS, United Kingdom",
9781861713612,Fanny Hill: Memoirs of a Woman of Pleasure,"Cleland, John @ BookFinder.com",Amazon.com,used,1.0,"Illustrated Format: Illustrated. Pages 200. In Stock. Fulfillment by Amazon. From : Amazon.com, United States",
9781861713612,Fanny Hill: Memoirs of a Woman of Pleasure,"Cleland, John @ BookFinder.com",Amazon.com (Prime),used,2.0,"Illustrated Format: Illustrated. Pages 200. In Stock. Fulfillment by Amazon. Amazon Prime. Not a Prime member? Try Amazon Prime 30-Day Free Trial which includes Prime Video, Prime Music and Prime Reading. From : Amazon.com (Prime), United States",
9781861713612,Fanny Hill: Memoirs of a Woman of Pleasure,"Cleland, John @ BookFinder.com",Amazon.com,used,12.0,"Illustrated Format: Illustrated. Pages 200. In stock Usually ships within 3 to 4 days. From : Franklin's Collections, United States",
9781861713612,Fanny Hill: Memoirs of a Woman of Pleasure,"Cleland, John @ BookFinder.com",Amazon.com,used,13.0,"Illustrated Format: Illustrated. Pages 200. In Stock. From : betterdeals2019, United States",
9781861713612,Fanny Hill: Memoirs of a Woman of Pleasure,"Cleland, John @ BookFinder.com",Amazon.com,used,18.0,"Illustrated Format: Illustrated. Pages 200. In Stock. From : RAREWAVES-IMPORTS, United Kingdom",
9780415281560,"Colloquial Italian 2: The Next Step in Language Learning (Colloquial Series (Multimedia)) (Book, CD, Cassette Package)","Lymbery, Sylvia; Silipo, Sandra @ BookFinder.com",Amazon.com,used,4.0,"1. Pages 224. In Stock. From : Basi6 International, United States",
9780415281560,"Colloquial Italian 2: The Next Step in Language Learning (Colloquial Series (Multimedia)) (Book, CD, Cassette Package)","Lymbery, Sylvia; Silipo, Sandra @ BookFinder.com",Amazon.com,used,11.0,"1. Pages 224. In stock Usually ships within 3 to 4 days. From : Books Paradise Global, United States",
9780415281560,"Colloquial Italian 2: The Next Step in Language Learning (Colloquial Series (Multimedia)) (Book, CD, Cassette Package)","Lymbery, Sylvia; Silipo, Sandra @ BookFinder.com",Amazon.com,used,12.0,"1. Pages 224. In stock Usually ships within 4 to 5 days. From : Sams-Books, United States",
9780415281560,"Colloquial Italian 2: The Next Step in Language Learning (Colloquial Series (Multimedia)) (Book, CD, Cassette Package)","Lymbery, Sylvia; Silipo, Sandra @ BookFinder.com",Amazon.com,used,13.0,"1. Pages 224. Usually ships within 6 to 7 days. From : Books Paradise Global, United States",
9780415281560,"Colloquial Italian 2: The Next Step in Language Learning (Colloquial Series (Multimedia)) (Book, CD, Cassette Package)","Lymbery, Sylvia; Silipo, Sandra @ BookFinder.com",Amazon.com,used,23.0,"1. Pages 224. Usually ships within 9 to 10 days. From : mallen stores, United States",
9780415281560,"Colloquial Italian 2: The Next Step in Language Learning (Colloquial Series (Multimedia)) (Book, CD, Cassette Package)","Lymbery, Sylvia; Silipo, Sandra @ BookFinder.com",Amazon.com,used,4.0,"1. Pages 224. In Stock. From : Basi6 International, United States",
9780415281560,"Colloquial Italian 2: The Next Step in Language Learning (Colloquial Series (Multimedia)) (Book, CD, Cassette Package)","Lymbery, Sylvia; Silipo, Sandra @ BookFinder.com",Amazon.com,used,11.0,"1. Pages 224. In stock Usually ships within 3 to 4 days. From : Books Paradise Global, United States",
9780415281560,"Colloquial Italian 2: The Next Step in Language Learning (Colloquial Series (Multimedia)) (Book, CD, Cassette Package)","Lymbery, Sylvia; Silipo, Sandra @ BookFinder.com",Amazon.com,used,12.0,"1. Pages 224. Usually ships within 6 to 7 days. From : Books Paradise Global, United States",
9780415281560,"Colloquial Italian 2: The Next Step in Language Learning (Colloquial Series (Multimedia)) (Book, CD, Cassette Package)","Lymbery, Sylvia; Silipo, Sandra @ BookFinder.com",Amazon.com,used,1.0,"1. Pages 224. In stock Usually ships within 4 to 5 days. From : Sams-Books, United States",
9780415281560,"Colloquial Italian 2: The Next Step in Language Learning (Colloquial Series (Multimedia)) (Book, CD, Cassette Package)","Lymbery, Sylvia; Silipo, Sandra @ BookFinder.com",Amazon.com,used,5.0,"1. Pages 224. Usually ships within 9 to 10 days. From : mallen stores, United States",
9780716767091,A Student Handbook for Writing in Biology,"Knisely, Karin @ BookFinder.com",Amazon.com,used,10.0,"Second. Pages 224. In Stock. From : World of Books (previously glenthebookseller), United States",
9780716767091,A Student Handbook for Writing in Biology,"Knisely, Karin @ BookFinder.com",Amazon.com,used,11.0,"Second. Pages 224. In Stock. From : World of Books (previously glenthebookseller), United States",
9780716767091,A Student Handbook for Writing in Biology,"Knisely, Karin @ BookFinder.com",Amazon.com,used,12.0,"Second. Pages 224. In Stock. From : YourOnlineBookstore, United States",
9780716767091,A Student Handbook for Writing in Biology,"Knisely, Karin @ BookFinder.com",Amazon.com,used,14.0,"Second. Pages 224. In Stock. From : onceuponatimebooks, United States",
9780716767091,A Student Handbook for Writing in Biology,"Knisely, Karin @ BookFinder.com",Amazon.com,used,19.0,"Second. Pages 224. In stock Usually ships within 3 to 4 days. From : ThriftBooks-Baltimore, United States",
9780716767091,A Student Handbook for Writing in Biology,"Knisely, Karin @ BookFinder.com",Amazon.com,used,23.0,"Second. Pages 224. In Stock. From : La Petite Porte Rouge, United States",
9780716767091,A Student Handbook for Writing in Biology,"Knisely, Karin @ BookFinder.com",Amazon.com,used,30.0,"Second. Pages 224. In Stock. From : svithjodbooks, United States",
9780716767091,A Student Handbook for Writing in Biology,"Knisely, Karin @ BookFinder.com",Amazon.com,used,37.0,"Second. Pages 224. In Stock. From : Kiswa's Kloset, United States",
9780716767091,A Student Handbook for Writing in Biology,"Knisely, Karin @ BookFinder.com",Amazon.com,used,38.0,"Second. Pages 224. In Stock. From : BOOKBAE, United States",
9780716767091,A Student Handbook for Writing in Biology,"Knisely, Karin @ BookFinder.com",Amazon.com,used,39.0,"Second. Pages 224. In Stock. From : Leaferguy, United States",
9780716767091,A Student Handbook for Writing in Biology,"Knisely, Karin @ BookFinder.com",Amazon.com,used,47.0,"Second. Pages 224. In Stock. From : b4cause, United States",
9780716767091,A Student Handbook for Writing in Biology,"Knisely, Karin @ BookFinder.com",Amazon.com,used,48.0,"Second. Pages 224. In Stock. From : kak6, United States",
9780716767091,A Student Handbook for Writing in Biology,"Knisely, Karin @ BookFinder.com",Amazon.com,used,2.0,"Second. Pages 224. In Stock. From : b4cause, United States",
9780716767091,A Student Handbook for Writing in Biology,"Knisely, Karin @ BookFinder.com",Amazon.com,used,3.0,"Second. Pages 224. In Stock. From : kak6, United States",
9780716767091,A Student Handbook for Writing in Biology,"Knisely, Karin @ BookFinder.com",Amazon.com,used,4.0,"Second. Pages 224. In Stock. From : books2friends, United States",
9780716767091,A Student Handbook for Writing in Biology,"Knisely, Karin @ BookFinder.com",Amazon.com,used,10.0,"Second. Pages 224. In Stock. From : World of Books (previously glenthebookseller), United States",
9780716767091,A Student Handbook for Writing in Biology,"Knisely, Karin @ BookFinder.com",Amazon.com,used,11.0,"Second. Pages 224. In Stock. From : World of Books (previously glenthebookseller), United States",
9780716767091,A Student Handbook for Writing in Biology,"Knisely, Karin @ BookFinder.com",Amazon.com,used,12.0,"Second. Pages 224. In Stock. From : YourOnlineBookstore, United States",
9780716767091,A Student Handbook for Writing in Biology,"Knisely, Karin @ BookFinder.com",Amazon.com,used,14.0,"Second. Pages 224. In Stock. From : onceuponatimebooks, United States",
9780716767091,A Student Handbook for Writing in Biology,"Knisely, Karin @ BookFinder.com",Amazon.com,used,19.0,"Second. Pages 224. In stock Usually ships within 3 to 4 days. From : ThriftBooks-Baltimore, United States",
9780716767091,A Student Handbook for Writing in Biology,"Knisely, Karin @ BookFinder.com",Amazon.com,used,23.0,"Second. Pages 224. In Stock. From : La Petite Porte Rouge, United States",
9780716767091,A Student Handbook for Writing in Biology,"Knisely, Karin @ BookFinder.com",Amazon.com,used,30.0,"Second. Pages 224. In Stock. From : svithjodbooks, United States",
9780716767091,A Student Handbook for Writing in Biology,"Knisely, Karin @ BookFinder.com",Amazon.com,used,37.0,"Second. Pages 224. In Stock. From : Kiswa's Kloset, United States",
9780716767091,A Student Handbook for Writing in Biology,"Knisely, Karin @ BookFinder.com",Amazon.com,used,38.0,"Second. Pages 224. In Stock. From : BOOKBAE, United States",
9780716767091,A Student Handbook for Writing in Biology,"Knisely, Karin @ BookFinder.com",Amazon.com,used,39.0,"Second. Pages 224. In Stock. From : Leaferguy, United States",
9781509880669,A House That Once Was,"Fogliano, Julie @ BookFinder.com",Amazon.com,used,5.0,"Main Market. Pages 48. In stock Usually ships within 3 to 4 days. From : ThriftBooks-Phoenix, United States",
9781509880669,A House That Once Was,"Fogliano, Julie @ BookFinder.com",Amazon.com,used,9.0,"Main Market. Pages 48. In stock Usually ships within 2 to 3 days. From : awesomebooksusa, United States",
9781509880669,A House That Once Was,"Fogliano, Julie @ BookFinder.com",Amazon.com,used,10.0,"Main Market. Pages 48. In stock Usually ships within 2 to 3 days. From : Bahamut Media, United States",
9781509880669,A House That Once Was,"Fogliano, Julie @ BookFinder.com",Amazon.com,used,5.0,"Main Market. Pages 48. In stock Usually ships within 3 to 4 days. From : ThriftBooks-Phoenix, United States",
9781509880669,A House That Once Was,"Fogliano, Julie @ BookFinder.com",Amazon.com,used,9.0,"Main Market. Pages 48. In stock Usually ships within 2 to 3 days. From : awesomebooksusa, United States",
9781509880669,A House That Once Was,"Fogliano, Julie @ BookFinder.com",Amazon.com,used,10.0,"Main Market. Pages 48. In stock Usually ships within 2 to 3 days. From : Bahamut Media, United States",
9780002557399,"The Geometry of Love: Space, Time, Mystery, and Meaning in an Ordinary Church",Margaret Visser @ BookFinder.com,Amazon.com,used,8.0,"First Edition. Pages 322. In stock Usually ships within 3 to 4 days. From : ThriftBooks-Baltimore, United States",
9780002557399,"The Geometry of Love: Space, Time, Mystery, and Meaning in an Ordinary Church",Margaret Visser @ BookFinder.com,Amazon.com,used,9.0,"First Edition. Pages 322. In stock Usually ships within 3 to 4 days. From : ThriftBooks-Atlanta, United States",
9780002557399,"The Geometry of Love: Space, Time, Mystery, and Meaning in an Ordinary Church",Margaret Visser @ BookFinder.com,Amazon.com,used,10.0,"First Edition. Pages 322. In stock Usually ships within 3 to 4 days. From : ThriftBooks-Chicago, United States",
9780002557399,"The Geometry of Love: Space, Time, Mystery, and Meaning in an Ordinary Church",Margaret Visser @ BookFinder.com,Amazon.com,used,11.0,"First Edition. Pages 322. In stock Usually ships within 3 to 4 days. From : ThriftBooks-Phoenix, United States",
9780002557399,"The Geometry of Love: Space, Time, Mystery, and Meaning in an Ordinary Church",Margaret Visser @ BookFinder.com,Amazon.com,used,12.0,"First Edition. Pages 322. In stock Usually ships within 3 to 4 days. From : ThriftBooks-Baltimore, United States",
9780002557399,"The Geometry of Love: Space, Time, Mystery, and Meaning in an Ordinary Church",Margaret Visser @ BookFinder.com,Amazon.com,used,13.0,"First Edition. Pages 322. In stock Usually ships within 3 to 4 days. From : ThriftBooks-Seattle, United States",
9780002557399,"The Geometry of Love: Space, Time, Mystery, and Meaning in an Ordinary Church",Margaret Visser @ BookFinder.com,Amazon.com,used,14.0,"First Edition. Pages 322. In stock Usually ships within 3 to 4 days. From : ThriftBooks-Dallas, United States",
9780002557399,"The Geometry of Love: Space, Time, Mystery, and Meaning in an Ordinary Church",Margaret Visser @ BookFinder.com,Amazon.com,used,21.0,"First Edition. Pages 322. In Stock. From : World of Books (previously glenthebookseller), United States",
9780002557399,"The Geometry of Love: Space, Time, Mystery, and Meaning in an Ordinary Church",Margaret Visser @ BookFinder.com,Amazon.com,used,31.0,"First Edition. Pages 322. In stock Usually ships within 2 to 3 days. From : Tennessee Library Consignments, United States",
9780002557399,"The Geometry of Love: Space, Time, Mystery, and Meaning in an Ordinary Church",Margaret Visser @ BookFinder.com,Amazon.com,used,41.0,"First Edition. Pages 322. In Stock. Fulfillment by Amazon. From : BOOK_DEPOT, United States",
9780002557399,"The Geometry of Love: Space, Time, Mystery, and Meaning in an Ordinary Church",Margaret Visser @ BookFinder.com,Amazon.com (Prime),used,42.0,"First Edition. Pages 322. In Stock. Fulfillment by Amazon. Amazon Prime. Not a Prime member? Try Amazon Prime 30-Day Free Trial which includes Prime Video, Prime Music and Prime Reading. From : BOOK_DEPOT, United States",
9780002557399,"The Geometry of Love: Space, Time, Mystery, and Meaning in an Ordinary Church",Margaret Visser @ BookFinder.com,Amazon.com,used,2.0,"First Edition. Pages 322. Usually ships within 11 to 12 days. From : Hafa Adai Books LLC, United States",
9780002557399,"The Geometry of Love: Space, Time, Mystery, and Meaning in an Ordinary Church",Margaret Visser @ BookFinder.com,Amazon.com,used,4.0,"First Edition. Pages 322. In Stock. Fulfillment by Amazon. From : Mermaid, Canada",
9780002557399,"The Geometry of Love: Space, Time, Mystery, and Meaning in an Ordinary Church",Margaret Visser @ BookFinder.com,Amazon.com,used,13.0,"First Edition. Pages 322. In Stock. From : Books Unplugged, United States",
9780002557399,"The Geometry of Love: Space, Time, Mystery, and Meaning in an Ordinary Church",Margaret Visser @ BookFinder.com,Amazon.com,used,8.0,"First Edition. Pages 322. In stock Usually ships within 3 to 4 days. From : ThriftBooks-Baltimore, United States",
9780002557399,"The Geometry of Love: Space, Time, Mystery, and Meaning in an Ordinary Church",Margaret Visser @ BookFinder.com,Amazon.com,used,9.0,"First Edition. Pages 322. In stock Usually ships within 3 to 4 days. From : ThriftBooks-Atlanta, United States",
9780002557399,"The Geometry of Love: Space, Time, Mystery, and Meaning in an Ordinary Church",Margaret Visser @ BookFinder.com,Amazon.com,used,10.0,"First Edition. Pages 322. In stock Usually ships within 3 to 4 days. From : ThriftBooks-Chicago, United States",
9780002557399,"The Geometry of Love: Space, Time, Mystery, and Meaning in an Ordinary Church",Margaret Visser @ BookFinder.com,Amazon.com,used,11.0,"First Edition. Pages 322. In stock Usually ships within 3 to 4 days. From : ThriftBooks-Phoenix, United States",
9780002557399,"The Geometry of Love: Space, Time, Mystery, and Meaning in an Ordinary Church",Margaret Visser @ BookFinder.com,Amazon.com,used,12.0,"First Edition. Pages 322. In stock Usually ships within 3 to 4 days. From : ThriftBooks-Baltimore, United States",
9780002557399,"The Geometry of Love: Space, Time, Mystery, and Meaning in an Ordinary Church",Margaret Visser @ BookFinder.com,Amazon.com,used,13.0,"First Edition. Pages 322. In stock Usually ships within 3 to 4 days. From : ThriftBooks-Seattle, United States",
9780002557399,"The Geometry of Love: Space, Time, Mystery, and Meaning in an Ordinary Church",Margaret Visser @ BookFinder.com,Amazon.com,used,14.0,"First Edition. Pages 322. In stock Usually ships within 3 to 4 days. From : ThriftBooks-Dallas, United States",
9780002557399,"The Geometry of Love: Space, Time, Mystery, and Meaning in an Ordinary Church",Margaret Visser @ BookFinder.com,Amazon.com,used,21.0,"First Edition. Pages 322. In Stock. From : World of Books (previously glenthebookseller), United States",
9780002557399,"The Geometry of Love: Space, Time, Mystery, and Meaning in an Ordinary Church",Margaret Visser @ BookFinder.com,Amazon.com,used,31.0,"First Edition. Pages 322. In stock Usually ships within 2 to 3 days. From : Tennessee Library Consignments, United States",
9780002557399,"The Geometry of Love: Space, Time, Mystery, and Meaning in an Ordinary Church",Margaret Visser @ BookFinder.com,Amazon.com,used,41.0,"First Edition. Pages 322. In Stock. Fulfillment by Amazon. From : BOOK_DEPOT, United States",
9780002557399,"The Geometry of Love: Space, Time, Mystery, and Meaning in an Ordinary Church",Margaret Visser @ BookFinder.com,Amazon.com (Prime),used,42.0,"First Edition. Pages 322. In Stock. Fulfillment by Amazon. Amazon Prime. Not a Prime member? Try Amazon Prime 30-Day Free Trial which includes Prime Video, Prime Music and Prime Reading. From : BOOK_DEPOT, United States",
9789871786237,Steve Jobs,Walter Isaacson @ BookFinder.com,Amazon.com,used,13.0,"9871786239. In Stock. From : Goodwill South Florida, United States",
9789871786237,Steve Jobs,Walter Isaacson @ BookFinder.com,Amazon.com,used,20.0,"9871786239. In Stock. From : the_book_community, United States",
9789871786237,Steve Jobs,Walter Isaacson @ BookFinder.com,Amazon.com,used,21.0,"9871786239. In stock Usually ships within 2 to 3 days. From : Clickgoodwill, United States",
9789871786237,Steve Jobs,Walter Isaacson @ BookFinder.com,Amazon.com,used,22.0,"9871786239. In stock Usually ships within 3 to 4 days. From : Serendipity UnLtd, United States",
9789871786237,Steve Jobs,Walter Isaacson @ BookFinder.com,Amazon.com,used,25.0,"9871786239. In Stock. From : BOOKS DIB, United States",
9789871786237,Steve Jobs,Walter Isaacson @ BookFinder.com,Amazon.com,used,26.0,"9871786239. In Stock. From : BOOKS DIB, United States",
9789871786237,Steve Jobs,Walter Isaacson @ BookFinder.com,Amazon.com,used,27.0,"9871786239. In Stock. From : BOOKS DIB, United States",
9789871786237,Steve Jobs,Walter Isaacson @ BookFinder.com,Amazon.com,used,6.0,"9871786239. In Stock. From : BOOKS DIB, United States",
9789871786237,Steve Jobs,Walter Isaacson @ BookFinder.com,Amazon.com,used,7.0,"9871786239. In Stock. From : BOOKS DIB, United States",
9789871786237,Steve Jobs,Walter Isaacson @ BookFinder.com,Amazon.com,used,8.0,"9871786239. In Stock. From : BOOKS DIB, United States",
9789871786237,Steve Jobs,Walter Isaacson @ BookFinder.com,Amazon.com,used,10.0,"9871786239. In Stock. From : Goodwill South Florida, United States",
9789871786237,Steve Jobs,Walter Isaacson @ BookFinder.com,Amazon.com,used,15.0,"9871786239. In Stock. From : the_book_community, United States",
9789871786237,Steve Jobs,Walter Isaacson @ BookFinder.com,Amazon.com,used,16.0,"9871786239. In stock Usually ships within 2 to 3 days. From : Clickgoodwill, United States",
9789871786237,Steve Jobs,Walter Isaacson @ BookFinder.com,Amazon.com,used,17.0,"9871786239. In stock Usually ships within 3 to 4 days. From : Serendipity UnLtd, United States",
9780307071002,BAMBI,Shaped Color; Golden Books @ BookFinder.com,Amazon.com,used,25.0,"Copyright 1969. Pages 27. In Stock. From : Quality New & Used Books 4U, United States",
9780307071002,BAMBI,Shaped Color; Golden Books @ BookFinder.com,Amazon.com,used,27.0,"Copyright 1969. Pages 27. In Stock. Fulfillment by Amazon. From : -OnTimeBooks-, United States",
9780307071002,BAMBI,Shaped Color; Golden Books @ BookFinder.com,Amazon.com (Prime),used,28.0,"Copyright 1969. Pages 27. In Stock. Fulfillment by Amazon. Amazon Prime. Not a Prime member? Try Amazon Prime 30-Day Free Trial which includes Prime Video, Prime Music and Prime Reading. From : -OnTimeBooks-, United States",
9780307071002,BAMBI,Shaped Color; Golden Books @ BookFinder.com,Amazon.com,used,29.0,"Copyright 1969. Pages 27. In Stock. From : BookRescue!!, United States",
9780307071002,BAMBI,Shaped Color; Golden Books @ BookFinder.com,Amazon.com,used,30.0,"Copyright 1969. Pages 27. In Stock. From : BookRescue!!, United States",
9780307071002,BAMBI,Shaped Color; Golden Books @ BookFinder.com,Amazon.com,used,32.0,"Copyright 1969. Pages 27. In Stock. Fulfillment by Amazon. From : Ashley P. Consulting, United States",
9780307071002,BAMBI,Shaped Color; Golden Books @ BookFinder.com,Amazon.com (Prime),used,33.0,"Copyright 1969. Pages 27. In Stock. Fulfillment by Amazon. Amazon Prime. Not a Prime member? Try Amazon Prime 30-Day Free Trial which includes Prime Video, Prime Music and Prime Reading. From : Ashley P. Consulting, United States",
9780307071002,BAMBI,Shaped Color; Golden Books @ BookFinder.com,Amazon.com,used,34.0,"Copyright 1969. Pages 27. In Stock. From : onc1958, United States",
9780307071002,BAMBI,Shaped Color; Golden Books @ BookFinder.com,Amazon.com,used,36.0,"Copyright 1969. Pages 27. In Stock. From : kismetbooks, United States",
9780307071002,BAMBI,Shaped Color; Golden Books @ BookFinder.com,Amazon.com,used,25.0,"Copyright 1969. Pages 27. In Stock. From : Quality New & Used Books 4U, United States",
9780307071002,BAMBI,Shaped Color; Golden Books @ BookFinder.com,Amazon.com,used,27.0,"Copyright 1969. Pages 27. In Stock. Fulfillment by Amazon. From : -OnTimeBooks-, United States",
9780307071002,BAMBI,Shaped Color; Golden Books @ BookFinder.com,Amazon.com (Prime),used,28.0,"Copyright 1969. Pages 27. In Stock. Fulfillment by Amazon. Amazon Prime. Not a Prime member? Try Amazon Prime 30-Day Free Trial which includes Prime Video, Prime Music and Prime Reading. From : -OnTimeBooks-, United States",
9780307071002,BAMBI,Shaped Color; Golden Books @ BookFinder.com,Amazon.com,used,29.0,"Copyright 1969. Pages 27. In Stock. From : BookRescue!!, United States",
9780307071002,BAMBI,Shaped Color; Golden Books @ BookFinder.com,Amazon.com,used,30.0,"Copyright 1969. Pages 27. In Stock. From : BookRescue!!, United States",
9780307071002,BAMBI,Shaped Color; Golden Books @ BookFinder.com,Amazon.com,used,32.0,"Copyright 1969. Pages 27. In Stock. Fulfillment by Amazon. From : Ashley P. Consulting, United States",
9780307071002,BAMBI,Shaped Color; Golden Books @ BookFinder.com,Amazon.com (Prime),used,33.0,"Copyright 1969. Pages 27. In Stock. Fulfillment by Amazon. Amazon Prime. Not a Prime member? Try Amazon Prime 30-Day Free Trial which includes Prime Video, Prime Music and Prime Reading. From : Ashley P. Consulting, United States",
9780307071002,BAMBI,Shaped Color; Golden Books @ BookFinder.com,Amazon.com,used,34.0,"Copyright 1969. Pages 27. In Stock. From : onc1958, United States",
9780307071002,BAMBI,Shaped Color; Golden Books @ BookFinder.com,Amazon.com,used,35.0,"Copyright 1969. Pages 27. In Stock. From : kismetbooks, United States",
9781935429067,"Akira, Vol. 4",Katsuhiro Otomo @ BookFinder.com,Amazon.com,used,2.0,"Illustrated Format: Illustrated. Pages 392. In Stock. From : more-than-words, United States",
9781935429067,"Akira, Vol. 4",Katsuhiro Otomo @ BookFinder.com,Amazon.com,used,5.0,"Illustrated Format: Illustrated. Pages 392. In Stock. From : HPB Inc., United States",
9781935429067,"Akira, Vol. 4",Katsuhiro Otomo @ BookFinder.com,Amazon.com,used,6.0,"Illustrated Format: Illustrated. Pages 392. In Stock. From : Half Price Books Inc, United States",
9781935429067,"Akira, Vol. 4",Katsuhiro Otomo @ BookFinder.com,Amazon.com,used,13.0,"Illustrated Format: Illustrated. Pages 392. In Stock. Fulfillment by Amazon. From : Amazon.com, United States",
9781935429067,"Akira, Vol. 4",Katsuhiro Otomo @ BookFinder.com,Amazon.com (Prime),used,14.0,"Illustrated Format: Illustrated. Pages 392. In Stock. Fulfillment by Amazon. Amazon Prime. Not a Prime member? Try Amazon Prime 30-Day Free Trial which includes Prime Video, Prime Music and Prime Reading. From : Amazon.com (Prime), United States",
9781935429067,"Akira, Vol. 4",Katsuhiro Otomo @ BookFinder.com,Amazon.com,used,27.0,"Illustrated Format: Illustrated. Pages 392. In stock Usually ships within 4 to 5 days. From : allnewbooks, United States",
9781935429067,"Akira, Vol. 4",Katsuhiro Otomo @ BookFinder.com,Amazon.com,used,28.0,"Illustrated Format: Illustrated. Pages 392. In stock Usually ships within 4 to 5 days. From : allnewbooks, United States",
9781935429067,"Akira, Vol. 4",Katsuhiro Otomo @ BookFinder.com,Amazon.com,used,29.0,"Illustrated Format: Illustrated. Pages 392. In stock Usually ships within 4 to 5 days. From : BuyWorldwide, Australia",
9781935429067,"Akira, Vol. 4",Katsuhiro Otomo @ BookFinder.com,Amazon.com,used,30.0,"Illustrated Format: Illustrated. Pages 392. In Stock. From : RussellBooks, United States",
9781935429067,"Akira, Vol. 4",Katsuhiro Otomo @ BookFinder.com,Amazon.com,used,31.0,"Illustrated Format: Illustrated. Pages 392. In Stock. From : Ambis Enterprises, United States",
9781935429067,"Akira, Vol. 4",Katsuhiro Otomo @ BookFinder.com,Amazon.com,used,32.0,"Illustrated Format: Illustrated. Pages 392. In stock Usually ships within 2 to 3 days. From : Windy Books, United States",
9781935429067,"Akira, Vol. 4",Katsuhiro Otomo @ BookFinder.com,Amazon.com,used,33.0,"Illustrated Format: Illustrated. Pages 392. Usually ships within 7 to 8 days. From : booksXpress, United States",
9781935429067,"Akira, Vol. 4",Katsuhiro Otomo @ BookFinder.com,Amazon.com,used,35.0,"Illustrated Format: Illustrated. Pages 392. In Stock. From : GF Books, Inc., United States",
9781935429067,"Akira, Vol. 4",Katsuhiro Otomo @ BookFinder.com,Amazon.com,used,44.0,"Illustrated Format: Illustrated. Pages 392. In stock Usually ships within 3 to 4 days. From : Publisher Direct, United States",
9781935429067,"Akira, Vol. 4",Katsuhiro Otomo @ BookFinder.com,Amazon.com,used,47.0,"Illustrated Format: Illustrated. Pages 392. Usually ships within 9 to 10 days. From : GrandEagleRetail, United States",
9781935429067,"Akira, Vol. 4",Katsuhiro Otomo @ BookFinder.com,Amazon.com,used,49.0,"Illustrated Format: Illustrated. Pages 392. In stock Usually ships within 2 to 3 days. From : webdelicollc, United States",
9781935429067,"Akira, Vol. 4",Katsuhiro Otomo @ BookFinder.com,Amazon.com,used,2.0,"Illustrated Format: Illustrated. Pages 392. In Stock. Fulfillment by Amazon. From : Amazon.com, United States",
9781935429067,"Akira, Vol. 4",Katsuhiro Otomo @ BookFinder.com,Amazon.com (Prime),used,3.0,"Illustrated Format: Illustrated. Pages 392. In Stock. Fulfillment by Amazon. Amazon Prime. Not a Prime member? Try Amazon Prime 30-Day Free Trial which includes Prime Video, Prime Music and Prime Reading. From : Amazon.com (Prime), United States",
9781935429067,"Akira, Vol. 4",Katsuhiro Otomo @ BookFinder.com,Amazon.com,used,11.0,"Illustrated Format: Illustrated. Pages 392. In stock Usually ships within 4 to 5 days. From : allnewbooks, United States",
9781935429067,"Akira, Vol. 4",Katsuhiro Otomo @ BookFinder.com,Amazon.com,used,12.0,"Illustrated Format: Illustrated. Pages 392. In stock Usually ships within 4 to 5 days. From : BuyWorldwide, Australia",
9781935429067,"Akira, Vol. 4",Katsuhiro Otomo @ BookFinder.com,Amazon.com,used,13.0,"Illustrated Format: Illustrated. Pages 392. In Stock. From : Ambis Enterprises, United States",
9781935429067,"Akira, Vol. 4",Katsuhiro Otomo @ BookFinder.com,Amazon.com,used,14.0,"Illustrated Format: Illustrated. Pages 392. In stock Usually ships within 2 to 3 days. From : Windy Books, United States",
9781935429067,"Akira, Vol. 4",Katsuhiro Otomo @ BookFinder.com,Amazon.com,used,15.0,"Illustrated Format: Illustrated. Pages 392. Usually ships within 7 to 8 days. From : booksXpress, United States",
9781935429067,"Akira, Vol. 4",Katsuhiro Otomo @ BookFinder.com,Amazon.com,used,24.0,"Illustrated Format: Illustrated. Pages 392. In stock Usually ships within 3 to 4 days. From : Publisher Direct, United States",
9781935429067,"Akira, Vol. 4",Katsuhiro Otomo @ BookFinder.com,Amazon.com,used,26.0,"Illustrated Format: Illustrated. Pages 392. Usually ships within 9 to 10 days. From : GrandEagleRetail, United States",
9781935429067,"Akira, Vol. 4",Katsuhiro Otomo @ BookFinder.com,Amazon.com,used,28.0,"Illustrated Format: Illustrated. Pages 392. In stock Usually ships within 2 to 3 days. From : webdelicollc, United States",
9781935429067,"Akira, Vol. 4",Katsuhiro Otomo @ BookFinder.com,Amazon.com,used,31.0,"Illustrated Format: Illustrated. Pages 392. In Stock. From : betterdeals2019, United States",
9781935429067,"Akira, Vol. 4",Katsuhiro Otomo @ BookFinder.com,Amazon.com,used,2.0,"Illustrated Format: Illustrated. Pages 392. In Stock. From : more-than-words, United States",
9781935429067,"Akira, Vol. 4",Katsuhiro Otomo @ BookFinder.com,Amazon.com,used,5.0,"Illustrated Format: Illustrated. Pages 392. In Stock. From : HPB Inc., United States",
9781935429067,"Akira, Vol. 4",Katsuhiro Otomo @ BookFinder.com,Amazon.com,used,6.0,"Illustrated Format: Illustrated. Pages 392. In Stock. From : Half Price Books Inc, United States",
9781935429067,"Akira, Vol. 4",Katsuhiro Otomo @ BookFinder.com,Amazon.com,used,14.0,"Illustrated Format: Illustrated. Pages 392. In stock Usually ships within 4 to 5 days. From : allnewbooks, United States",
9781935429067,"Akira, Vol. 4",Katsuhiro Otomo @ BookFinder.com,Amazon.com,used,15.0,"Illustrated Format: Illustrated. Pages 392. In Stock. From : RussellBooks, United States",
9781935429067,"Akira, Vol. 4",Katsuhiro Otomo @ BookFinder.com,Amazon.com,used,17.0,"Illustrated Format: Illustrated. Pages 392. In Stock. From : GF Books, Inc., United States",
9781935429067,"Akira, Vol. 4",Katsuhiro Otomo @ BookFinder.com,Amazon.com,used,20.0,"Illustrated Format: Illustrated. Pages 392. In Stock. From : RussellBooks, United States",
9780263752243,the hard man,"Jordan, Penny @ BookFinder.com",Amazon.com,used,5.0,"New Ed Format: Import. Pages 190. In stock Usually ships within 2 to 3 days. From : Bahamut Media, United States",
9780263752243,the hard man,"Jordan, Penny @ BookFinder.com",Amazon.com,used,6.0,"New Ed Format: Import. Pages 190. In stock Usually ships within 2 to 3 days. From : awesomebooksusa, United States",
9780263752243,the hard man,"Jordan, Penny @ BookFinder.com",Amazon.com,used,16.0,"New Ed Format: Import. Pages 190. In Stock. From : worldofbooksusa, United Kingdom",
9780263752243,the hard man,"Jordan, Penny @ BookFinder.com",Amazon.com,used,19.0,"New Ed Format: Import. Pages 190. In stock Usually ships within 4 to 5 days. From : Chocobooks., France",
9780263752243,the hard man,"Jordan, Penny @ BookFinder.com",Amazon.com,used,35.0,"New Ed Format: Import. Pages 190. In Stock. From : BookRescue!!, United States",
9780263752243,the hard man,"Jordan, Penny @ BookFinder.com",Amazon.com.au,used,37.0,New. Pages 190. Usually dispatched within 2 to 3 weeks. From : SonicBW,
9780263752243,the hard man,"Jordan, Penny @ BookFinder.com",Amazon.com.au,used,1.0,New. Pages 190. Usually dispatched within 2 to 3 weeks. From : SonicBW,
9780263752243,the hard man,"Jordan, Penny @ BookFinder.com",Amazon.com,used,5.0,"New Ed Format: Import. Pages 190. In stock Usually ships within 2 to 3 days. From : Bahamut Media, United States",
9780263752243,the hard man,"Jordan, Penny @ BookFinder.com",Amazon.com,used,6.0,"New Ed Format: Import. Pages 190. In stock Usually ships within 2 to 3 days. From : awesomebooksusa, United States",
9780263752243,the hard man,"Jordan, Penny @ BookFinder.com",Amazon.com,used,16.0,"New Ed Format: Import. Pages 190. In Stock. From : worldofbooksusa, United Kingdom",
9780263752243,the hard man,"Jordan, Penny @ BookFinder.com",Amazon.com,used,19.0,"New Ed Format: Import. Pages 190. In stock Usually ships within 4 to 5 days. From : Chocobooks., France",
9780263752243,the hard man,"Jordan, Penny @ BookFinder.com",Amazon.com,used,35.0,"New Ed Format: Import. Pages 190. In Stock. From : BookRescue!!, United States",
9780575072602,Ilium,Dan Simmons @ BookFinder.com,Amazon.com.au,used,2.0,New. Pages 592. Usually dispatched within 2 to 3 weeks. From : SonicBW,
9780545611596,The Sea of Monsters (Percy Jackson and the Olympians),Rick Riordan @ BookFinder.com,Amazon.com,used,13.0,"Movie Tie-In. Pages 0. In Stock. From : World of Books (previously glenthebookseller), United States",
9780545611596,The Sea of Monsters (Percy Jackson and the Olympians),Rick Riordan @ BookFinder.com,Amazon.com,used,14.0,"Movie Tie-In. Pages 0. In Stock. From : World of Books (previously glenthebookseller), United States",
9780545611596,The Sea of Monsters (Percy Jackson and the Olympians),Rick Riordan @ BookFinder.com,Amazon.com,used,15.0,"Movie Tie-In. Pages 0. In Stock. From : GreatBookDealz, United States",
9780545611596,The Sea of Monsters (Percy Jackson and the Olympians),Rick Riordan @ BookFinder.com,Amazon.com,used,16.0,"Movie Tie-In. Pages 0. In Stock. From : hagitb, United States",
9780545611596,The Sea of Monsters (Percy Jackson and the Olympians),Rick Riordan @ BookFinder.com,Amazon.com,used,19.0,"Movie Tie-In. Pages 0. In Stock. From : Goodwill Retail Services, Inc., United States",
9780545611596,The Sea of Monsters (Percy Jackson and the Olympians),Rick Riordan @ BookFinder.com,Amazon.com,used,20.0,"Movie Tie-In. Pages 0. In Stock. From : Off The Shelf STL, United States",
9780545611596,The Sea of Monsters (Percy Jackson and the Olympians),Rick Riordan @ BookFinder.com,Amazon.com,used,21.0,"Movie Tie-In. Pages 0. In stock Usually ships within 3 to 4 days. From : ThriftBooks-Seattle, United States",
9780545611596,The Sea of Monsters (Percy Jackson and the Olympians),Rick Riordan @ BookFinder.com,Amazon.com,used,22.0,"Movie Tie-In. Pages 0. In stock Usually ships within 3 to 4 days. From : ThriftBooks-Phoenix, United States",
9780545611596,The Sea of Monsters (Percy Jackson and the Olympians),Rick Riordan @ BookFinder.com,Amazon.com,used,23.0,"Movie Tie-In. Pages 0. In stock Usually ships within 3 to 4 days. From : ThriftBooks-Chicago, United States",
9780545611596,The Sea of Monsters (Percy Jackson and the Olympians),Rick Riordan @ BookFinder.com,Amazon.com,used,24.0,"Movie Tie-In. Pages 0. In stock Usually ships within 3 to 4 days. From : ThriftBooks-Dallas, United States",
9780545611596,The Sea of Monsters (Percy Jackson and the Olympians),Rick Riordan @ BookFinder.com,Amazon.com,used,17.0,"Movie Tie-In. Pages 0. In Stock. From : WYEMART USA, United Kingdom",
9780545611596,The Sea of Monsters (Percy Jackson and the Olympians),Rick Riordan @ BookFinder.com,Amazon.com,used,18.0,"Movie Tie-In. Pages 0. In Stock. From : WYEMART USA, United Kingdom",
9780545611596,The Sea of Monsters (Percy Jackson and the Olympians),Rick Riordan @ BookFinder.com,Amazon.com,used,19.0,"Movie Tie-In. Pages 0. In Stock. From : the_book_community, United States",
9780545611596,The Sea of Monsters (Percy Jackson and the Olympians),Rick Riordan @ BookFinder.com,Amazon.com,used,20.0,"Movie Tie-In. Pages 0. In stock Usually ships within 3 to 4 days. From : Serendipity UnLtd, United States",
9780545611596,The Sea of Monsters (Percy Jackson and the Olympians),Rick Riordan @ BookFinder.com,Amazon.com,used,24.0,"Movie Tie-In. Pages 0. In Stock. Fulfillment by Amazon. From : SUNSHINEBOOKS1144, United States",
9780545611596,The Sea of Monsters (Percy Jackson and the Olympians),Rick Riordan @ BookFinder.com,Amazon.com (Prime),used,25.0,"Movie Tie-In. Pages 0. In Stock. Fulfillment by Amazon. Amazon Prime. Not a Prime member? Try Amazon Prime 30-Day Free Trial which includes Prime Video, Prime Music and Prime Reading. From : SUNSHINEBOOKS1144, United States",
9780545611596,The Sea of Monsters (Percy Jackson and the Olympians),Rick Riordan @ BookFinder.com,Amazon.com,used,13.0,"Movie Tie-In. Pages 0. In Stock. From : World of Books (previously glenthebookseller), United States",
9780545611596,The Sea of Monsters (Percy Jackson and the Olympians),Rick Riordan @ BookFinder.com,Amazon.com,used,14.0,"Movie Tie-In. Pages 0. In Stock. From : World of Books (previously glenthebookseller), United States",
9780545611596,The Sea of Monsters (Percy Jackson and the Olympians),Rick Riordan @ BookFinder.com,Amazon.com,used,15.0,"Movie Tie-In. Pages 0. In Stock. From : GreatBookDealz, United States",
9780545611596,The Sea of Monsters (Percy Jackson and the Olympians),Rick Riordan @ BookFinder.com,Amazon.com,used,16.0,"Movie Tie-In. Pages 0. In Stock. From : hagitb, United States",
9780545611596,The Sea of Monsters (Percy Jackson and the Olympians),Rick Riordan @ BookFinder.com,Amazon.com,used,19.0,"Movie Tie-In. Pages 0. In Stock. From : Goodwill Retail Services, Inc., United States",
9780545611596,The Sea of Monsters (Percy Jackson and the Olympians),Rick Riordan @ BookFinder.com,Amazon.com,used,20.0,"Movie Tie-In. Pages 0. In Stock. From : Off The Shelf STL, United States",
9780545611596,The Sea of Monsters (Percy Jackson and the Olympians),Rick Riordan @ BookFinder.com,Amazon.com,used,21.0,"Movie Tie-In. Pages 0. In stock Usually ships within 3 to 4 days. From : ThriftBooks-Seattle, United States",
9780545611596,The Sea of Monsters (Percy Jackson and the Olympians),Rick Riordan @ BookFinder.com,Amazon.com,used,22.0,"Movie Tie-In. Pages 0. In stock Usually ships within 3 to 4 days. From : ThriftBooks-Phoenix, United States",
9780545611596,The Sea of Monsters (Percy Jackson and the Olympians),Rick Riordan @ BookFinder.com,Amazon.com,used,23.0,"Movie Tie-In. Pages 0. In stock Usually ships within 3 to 4 days. From : ThriftBooks-Chicago, United States",
9780545611596,The Sea of Monsters (Percy Jackson and the Olympians),Rick Riordan @ BookFinder.com,Amazon.com,used,24.0,"Movie Tie-In. Pages 0. In stock Usually ships within 3 to 4 days. From : ThriftBooks-Dallas, United States",
9780135734384,Medical Sociology,"Cockerham, University William C @ BookFinder.com",Amazon.com,used,4.0,"4th. Pages 344. In Stock. From : bookmans_exchange, United States",
9780135734384,Medical Sociology,"Cockerham, University William C @ BookFinder.com",Amazon.com,used,5.0,"4th. Pages 344. In stock Usually ships within 3 to 4 days. From : emaxbooks, United States",
9780135734384,Medical Sociology,"Cockerham, University William C @ BookFinder.com",Amazon.com,used,4.0,"4th. Pages 344. In Stock. From : bookmans_exchange, United States",
9780135734384,Medical Sociology,"Cockerham, University William C @ BookFinder.com",Amazon.com,used,5.0,"4th. Pages 344. In stock Usually ships within 3 to 4 days. From : emaxbooks, United States",
9781119653936,Comparing Religions: The Study of Us That Changes Us,"Kripal, Jeffrey J.; Anzali, Ata; Jain, Andrea R.; Prophet, Erin; Sanchez, Stefan @ BookFinder.com",Amazon.com,used,12.0,"2. Pages 528. In Stock. Fulfillment by Amazon. From : Half-Price Hank's Books, United States",
9781119653936,Comparing Religions: The Study of Us That Changes Us,"Kripal, Jeffrey J.; Anzali, Ata; Jain, Andrea R.; Prophet, Erin; Sanchez, Stefan @ BookFinder.com",Amazon.com (Prime),used,13.0,"2. Pages 528. In Stock. Fulfillment by Amazon. Amazon Prime. Not a Prime member? Try Amazon Prime 30-Day Free Trial which includes Prime Video, Prime Music and Prime Reading. From : Half-Price Hank's Books, United States",
9781119653936,Comparing Religions: The Study of Us That Changes Us,"Kripal, Jeffrey J.; Anzali, Ata; Jain, Andrea R.; Prophet, Erin; Sanchez, Stefan @ BookFinder.com",Amazon.com,used,14.0,2. Pages 528. In Stock. Fulfillment by Amazon. From : Amazon Resale,
9781119653936,Comparing Religions: The Study of Us That Changes Us,"Kripal, Jeffrey J.; Anzali, Ata; Jain, Andrea R.; Prophet, Erin; Sanchez, Stefan @ BookFinder.com",Amazon.com.au,used,16.0,"2 Format: Kindle eBook. Pages 507. Available for download now. From : Amazon Australia Services, Inc.",
9781119653936,Comparing Religions: The Study of Us That Changes Us,"Kripal, Jeffrey J.; Anzali, Ata; Jain, Andrea R.; Prophet, Erin; Sanchez, Stefan @ BookFinder.com",Amazon.com,used,19.0,"2. Pages 528. In Stock. Fulfillment by Amazon. From : eCampus_, United States",
9781119653936,Comparing Religions: The Study of Us That Changes Us,"Kripal, Jeffrey J.; Anzali, Ata; Jain, Andrea R.; Prophet, Erin; Sanchez, Stefan @ BookFinder.com",Amazon.com (Prime),used,20.0,"2. Pages 528. In Stock. Fulfillment by Amazon. Amazon Prime. Not a Prime member? Try Amazon Prime 30-Day Free Trial which includes Prime Video, Prime Music and Prime Reading. From : eCampus_, United States",
9781119653936,Comparing Religions: The Study of Us That Changes Us,"Kripal, Jeffrey J.; Anzali, Ata; Jain, Andrea R.; Prophet, Erin; Sanchez, Stefan @ BookFinder.com",Amazon.com,used,22.0,"2. Pages 528. In Stock. Fulfillment by Amazon. From : ayvax, United States",
9781119653936,Comparing Religions: The Study of Us That Changes Us,"Kripal, Jeffrey J.; Anzali, Ata; Jain, Andrea R.; Prophet, Erin; Sanchez, Stefan @ BookFinder.com",Amazon.com (Prime),used,23.0,"2. Pages 528. In Stock. Fulfillment by Amazon. Amazon Prime. Not a Prime member? Try Amazon Prime 30-Day Free Trial which includes Prime Video, Prime Music and Prime Reading. From : ayvax, United States",
9781119653936,Comparing Religions: The Study of Us That Changes Us,"Kripal, Jeffrey J.; Anzali, Ata; Jain, Andrea R.; Prophet, Erin; Sanchez, Stefan @ BookFinder.com",Amazon.com,used,24.0,"2. Pages 528. In Stock. Fulfillment by Amazon. From : STANZA, United States",
9781119653936,Comparing Religions: The Study of Us That Changes Us,"Kripal, Jeffrey J.; Anzali, Ata; Jain, Andrea R.; Prophet, Erin; Sanchez, Stefan @ BookFinder.com",Amazon.com (Prime),used,25.0,"2. Pages 528. In Stock. Fulfillment by Amazon. Amazon Prime. Not a Prime member? Try Amazon Prime 30-Day Free Trial which includes Prime Video, Prime Music and Prime Reading. From : STANZA, United States",
9781119653936,Comparing Religions: The Study of Us That Changes Us,"Kripal, Jeffrey J.; Anzali, Ata; Jain, Andrea R.; Prophet, Erin; Sanchez, Stefan @ BookFinder.com",Amazon.com,used,38.0,"2. Pages 528. Usually ships within 5 to 6 days. From : SuperBookDeals---, United States",
9781119653936,Comparing Religions: The Study of Us That Changes Us,"Kripal, Jeffrey J.; Anzali, Ata; Jain, Andrea R.; Prophet, Erin; Sanchez, Stefan @ BookFinder.com",Amazon.com,used,39.0,"2. Pages 528. In Stock. From : BuyWorldwide, Australia",
9781119653936,Comparing Religions: The Study of Us That Changes Us,"Kripal, Jeffrey J.; Anzali, Ata; Jain, Andrea R.; Prophet, Erin; Sanchez, Stefan @ BookFinder.com",Amazon.com,used,44.0,"2. Pages 528. In Stock. From : agreenhippo1, United Kingdom",
9781119653936,Comparing Religions: The Study of Us That Changes Us,"Kripal, Jeffrey J.; Anzali, Ata; Jain, Andrea R.; Prophet, Erin; Sanchez, Stefan @ BookFinder.com",Amazon.com,used,46.0,"2. Pages 528. Usually ships within 10 to 11 days. From : GrandEagleRetail, United States",
9781119653936,Comparing Religions: The Study of Us That Changes Us,"Kripal, Jeffrey J.; Anzali, Ata; Jain, Andrea R.; Prophet, Erin; Sanchez, Stefan @ BookFinder.com",Amazon.com.au,used,2.0,"2 Format: Kindle eBook. Pages 507. Available for download now. From : Amazon Australia Services, Inc.",
9781119653936,Comparing Religions: The Study of Us That Changes Us,"Kripal, Jeffrey J.; Anzali, Ata; Jain, Andrea R.; Prophet, Erin; Sanchez, Stefan @ BookFinder.com",Amazon.com,used,3.0,"2. Pages 528. In Stock. Fulfillment by Amazon. From : ayvax, United States",
9781119653936,Comparing Religions: The Study of Us That Changes Us,"Kripal, Jeffrey J.; Anzali, Ata; Jain, Andrea R.; Prophet, Erin; Sanchez, Stefan @ BookFinder.com",Amazon.com (Prime),used,4.0,"2. Pages 528. In Stock. Fulfillment by Amazon. Amazon Prime. Not a Prime member? Try Amazon Prime 30-Day Free Trial which includes Prime Video, Prime Music and Prime Reading. From : ayvax, United States",
9781119653936,Comparing Religions: The Study of Us That Changes Us,"Kripal, Jeffrey J.; Anzali, Ata; Jain, Andrea R.; Prophet, Erin; Sanchez, Stefan @ BookFinder.com",Amazon.com,used,14.0,"2. Pages 528. Usually ships within 5 to 6 days. From : SuperBookDeals---, United States",
9781119653936,Comparing Religions: The Study of Us That Changes Us,"Kripal, Jeffrey J.; Anzali, Ata; Jain, Andrea R.; Prophet, Erin; Sanchez, Stefan @ BookFinder.com",Amazon.com,used,15.0,"2. Pages 528. In Stock. From : BuyWorldwide, Australia",
9781119653936,Comparing Religions: The Study of Us That Changes Us,"Kripal, Jeffrey J.; Anzali, Ata; Jain, Andrea R.; Prophet, Erin; Sanchez, Stefan @ BookFinder.com",Amazon.com,used,16.0,"2. Pages 528. In Stock. From : agreenhippo1, United Kingdom",
9781119653936,Comparing Religions: The Study of Us That Changes Us,"Kripal, Jeffrey J.; Anzali, Ata; Jain, Andrea R.; Prophet, Erin; Sanchez, Stefan @ BookFinder.com",Amazon.com,used,17.0,"2. Pages 528. Usually ships within 10 to 11 days. From : GrandEagleRetail, United States",
9781119653936,Comparing Religions: The Study of Us That Changes Us,"Kripal, Jeffrey J.; Anzali, Ata; Jain, Andrea R.; Prophet, Erin; Sanchez, Stefan @ BookFinder.com",Amazon.com,used,31.0,"2. Pages 528. In Stock. From : firstclassbooks, United States",
9781119653936,Comparing Religions: The Study of Us That Changes Us,"Kripal, Jeffrey J.; Anzali, Ata; Jain, Andrea R.; Prophet, Erin; Sanchez, Stefan @ BookFinder.com",Amazon.com,used,32.0,"2. Pages 528. In stock Usually ships within 3 to 4 days. From : Bahamut Media, United States",
9781119653936,Comparing Religions: The Study of Us That Changes Us,"Kripal, Jeffrey J.; Anzali, Ata; Jain, Andrea R.; Prophet, Erin; Sanchez, Stefan @ BookFinder.com",Amazon.com,used,33.0,"2. Pages 528. In stock Usually ships within 3 to 4 days. From : OxfordshireEngland, United Kingdom",
9781119653936,Comparing Religions: The Study of Us That Changes Us,"Kripal, Jeffrey J.; Anzali, Ata; Jain, Andrea R.; Prophet, Erin; Sanchez, Stefan @ BookFinder.com",Amazon.com,used,34.0,"2. Pages 528. Usually ships within 6 to 7 days. From : Bahamut Media, United States",
9781119653936,Comparing Religions: The Study of Us That Changes Us,"Kripal, Jeffrey J.; Anzali, Ata; Jain, Andrea R.; Prophet, Erin; Sanchez, Stefan @ BookFinder.com",Amazon.com,used,39.0,"2. Pages 528. In stock Usually ships within 3 to 4 days. From : awesomebooksusa, United States",
9781119653936,Comparing Religions: The Study of Us That Changes Us,"Kripal, Jeffrey J.; Anzali, Ata; Jain, Andrea R.; Prophet, Erin; Sanchez, Stefan @ BookFinder.com",Amazon.com,used,1.0,"2. Pages 528. In Stock. Fulfillment by Amazon. From : Half-Price Hank's Books, United States",
9781119653936,Comparing Religions: The Study of Us That Changes Us,"Kripal, Jeffrey J.; Anzali, Ata; Jain, Andrea R.; Prophet, Erin; Sanchez, Stefan @ BookFinder.com",Amazon.com (Prime),used,2.0,"2. Pages 528. In Stock. Fulfillment by Amazon. Amazon Prime. Not a Prime member? Try Amazon Prime 30-Day Free Trial which includes Prime Video, Prime Music and Prime Reading. From : Half-Price Hank's Books, United States",
9781119653936,Comparing Religions: The Study of Us That Changes Us,"Kripal, Jeffrey J.; Anzali, Ata; Jain, Andrea R.; Prophet, Erin; Sanchez, Stefan @ BookFinder.com",Amazon.com,used,3.0,2. Pages 528. In Stock. Fulfillment by Amazon. From : Amazon Resale,
9781119653936,Comparing Religions: The Study of Us That Changes Us,"Kripal, Jeffrey J.; Anzali, Ata; Jain, Andrea R.; Prophet, Erin; Sanchez, Stefan @ BookFinder.com",Amazon.com,used,5.0,"2. Pages 528. In Stock. Fulfillment by Amazon. From : eCampus_, United States",
9781119653936,Comparing Religions: The Study of Us That Changes Us,"Kripal, Jeffrey J.; Anzali, Ata; Jain, Andrea R.; Prophet, Erin; Sanchez, Stefan @ BookFinder.com",Amazon.com (Prime),used,6.0,"2. Pages 528. In Stock. Fulfillment by Amazon. Amazon Prime. Not a Prime member? Try Amazon Prime 30-Day Free Trial which includes Prime Video, Prime Music and Prime Reading. From : eCampus_, United States",
9781119653936,Comparing Religions: The Study of Us That Changes Us,"Kripal, Jeffrey J.; Anzali, Ata; Jain, Andrea R.; Prophet, Erin; Sanchez, Stefan @ BookFinder.com",Amazon.com,used,8.0,"2. Pages 528. In Stock. Fulfillment by Amazon. From : STANZA, United States",
9781119653936,Comparing Religions: The Study of Us That Changes Us,"Kripal, Jeffrey J.; Anzali, Ata; Jain, Andrea R.; Prophet, Erin; Sanchez, Stefan @ BookFinder.com",Amazon.com (Prime),used,9.0,"2. Pages 528. In Stock. Fulfillment by Amazon. Amazon Prime. Not a Prime member? Try Amazon Prime 30-Day Free Trial which includes Prime Video, Prime Music and Prime Reading. From : STANZA, United States",
9781119653936,Comparing Religions: The Study of Us That Changes Us,"Kripal, Jeffrey J.; Anzali, Ata; Jain, Andrea R.; Prophet, Erin; Sanchez, Stefan @ BookFinder.com",Amazon.com,used,21.0,"2. Pages 528. Usually ships within 5 to 6 days. From : SuperBookDeals---, United States",
9781119653936,Comparing Religions: The Study of Us That Changes Us,"Kripal, Jeffrey J.; Anzali, Ata; Jain, Andrea R.; Prophet, Erin; Sanchez, Stefan @ BookFinder.com",Amazon.com,used,22.0,"2. Pages 528. In Stock. From : firstclassbooks, United States",
9781119653936,Comparing Religions: The Study of Us That Changes Us,"Kripal, Jeffrey J.; Anzali, Ata; Jain, Andrea R.; Prophet, Erin; Sanchez, Stefan @ BookFinder.com",Amazon.com,used,23.0,"2. Pages 528. In Stock. From : firstclassbooks, United States",
9781119653936,Comparing Religions: The Study of Us That Changes Us,"Kripal, Jeffrey J.; Anzali, Ata; Jain, Andrea R.; Prophet, Erin; Sanchez, Stefan @ BookFinder.com",Amazon.com,used,37.0,"2. Pages 528. In Stock. From : Libup Books!, United States",
9781468406368,Personality Psychology: Recent Trends and Emerging Directions,@ BookFinder.com,Amazon.com,used,4.0,"Softcover reprint of the original 1st ed. 1989. Pages 372. In stock Usually ships within 4 to 5 days. From : allnewbooks, United States",
9781468406368,Personality Psychology: Recent Trends and Emerging Directions,@ BookFinder.com,Amazon.com,used,6.0,"Softcover reprint of the original 1st ed. 1989. Pages 372. In Stock. Fulfillment by Amazon. From : Amazon.com, United States",
9781468406368,Personality Psychology: Recent Trends and Emerging Directions,@ BookFinder.com,Amazon.com (Prime),used,7.0,"Softcover reprint of the original 1st ed. 1989. Pages 372. In Stock. Fulfillment by Amazon. Amazon Prime. Not a Prime member? Try Amazon Prime 30-Day Free Trial which includes Prime Video, Prime Music and Prime Reading. From : Amazon.com (Prime), United States",
9781468406368,Personality Psychology: Recent Trends and Emerging Directions,@ BookFinder.com,Amazon.com,used,16.0,"Softcover reprint of the original 1st ed. 1989. Pages 372. Usually ships within 12 to 13 days. From : SuperBookDeals---, United States",
9781468406368,Personality Psychology: Recent Trends and Emerging Directions,@ BookFinder.com,Amazon.com,used,18.0,"Softcover reprint of the original 1st ed. 1989. Pages 372. In Stock. From : betterdeals2019, United States",
9781468406368,Personality Psychology: Recent Trends and Emerging Directions,@ BookFinder.com,Amazon.com,used,21.0,"Softcover reprint of the original 1st ed. 1989. Pages 372. Usually ships within 7 to 8 days. From : bargainbookstores-, United States",
9781468406368,Personality Psychology: Recent Trends and Emerging Directions,@ BookFinder.com,Amazon.com,used,22.0,"Softcover reprint of the original 1st ed. 1989. Pages 372. In stock Usually ships within 3 to 4 days. From : Franklin's Collections, United States",
9781468406368,Personality Psychology: Recent Trends and Emerging Directions,@ BookFinder.com,Amazon.com,used,26.0,"Softcover reprint of the original 1st ed. 1989. Pages 372. Usually ships within 12 to 13 days. From : SuperBookDeals---, United States",
9781468406368,Personality Psychology: Recent Trends and Emerging Directions,@ BookFinder.com,Amazon.com,used,27.0,"Softcover reprint of the original 1st ed. 1989. Pages 372. Usually ships within 13 to 14 days. From : BOOKS etc. _, United States",
9781468406368,Personality Psychology: Recent Trends and Emerging Directions,@ BookFinder.com,Amazon.com,used,28.0,"Softcover reprint of the original 1st ed. 1989. Pages 372. Usually ships within 13 to 14 days. From : BOOKS etc. _, United States",
9781468406368,Personality Psychology: Recent Trends and Emerging Directions,@ BookFinder.com,Amazon.com,used,4.0,"Softcover reprint of the original 1st ed. 1989. Pages 372. In stock Usually ships within 4 to 5 days. From : allnewbooks, United States",
9781468406368,Personality Psychology: Recent Trends and Emerging Directions,@ BookFinder.com,Amazon.com,used,6.0,"Softcover reprint of the original 1st ed. 1989. Pages 372. In Stock. Fulfillment by Amazon. From : Amazon.com, United States",
9781468406368,Personality Psychology: Recent Trends and Emerging Directions,@ BookFinder.com,Amazon.com (Prime),used,7.0,"Softcover reprint of the original 1st ed. 1989. Pages 372. In Stock. Fulfillment by Amazon. Amazon Prime. Not a Prime member? Try Amazon Prime 30-Day Free Trial which includes Prime Video, Prime Music and Prime Reading. From : Amazon.com (Prime), United States",
9781468406368,Personality Psychology: Recent Trends and Emerging Directions,@ BookFinder.com,Amazon.com,used,14.0,"Softcover reprint of the original 1st ed. 1989. Pages 372. Usually ships within 12 to 13 days. From : SuperBookDeals---, United States",
9781468406368,Personality Psychology: Recent Trends and Emerging Directions,@ BookFinder.com,Amazon.com,used,15.0,"Softcover reprint of the original 1st ed. 1989. Pages 372. In Stock. From : betterdeals2019, United States",
9781468406368,Personality Psychology: Recent Trends and Emerging Directions,@ BookFinder.com,Amazon.com,used,18.0,"Softcover reprint of the original 1st ed. 1989. Pages 372. Usually ships within 7 to 8 days. From : bargainbookstores-, United States",
9781468406368,Personality Psychology: Recent Trends and Emerging Directions,@ BookFinder.com,Amazon.com,used,19.0,"Softcover reprint of the original 1st ed. 1989. Pages 372. In stock Usually ships within 3 to 4 days. From : Franklin's Collections, United States",
9781468406368,Personality Psychology: Recent Trends and Emerging Directions,@ BookFinder.com,Amazon.com,used,23.0,"Softcover reprint of the original 1st ed. 1989. Pages 372. Usually ships within 13 to 14 days. From : BOOKS etc. _, United States",
9781468406368,Personality Psychology: Recent Trends and Emerging Directions,@ BookFinder.com,Amazon.com,used,45.0,"Softcover reprint of the original 1st ed. 1989. Pages 372. In stock Usually ships within 4 to 5 days. From : Booksmart Singapore, Singapore",
9781468406368,Personality Psychology: Recent Trends and Emerging Directions,@ BookFinder.com,Amazon.com,used,4.0,"Softcover reprint of the original 1st ed. 1989. Pages 372. Usually ships within 12 to 13 days. From : SuperBookDeals---, United States",
9781468406368,Personality Psychology: Recent Trends and Emerging Directions,@ BookFinder.com,Amazon.com,used,5.0,"Softcover reprint of the original 1st ed. 1989. Pages 372. Usually ships within 13 to 14 days. From : BOOKS etc. _, United States",
9780061130366,Sacred Games: A Novel (P.S.),"Chandra, Vikram @ BookFinder.com",Amazon.com,used,12.0,"Reprint. Pages 964. In Stock. From : World of Books (previously glenthebookseller), United States",
9780061130366,Sacred Games: A Novel (P.S.),"Chandra, Vikram @ BookFinder.com",Amazon.com,used,13.0,"Reprint. Pages 964. In Stock. From : World of Books (previously glenthebookseller), United States",
9780061130366,Sacred Games: A Novel (P.S.),"Chandra, Vikram @ BookFinder.com",Amazon.com,used,14.0,"Reprint. Pages 964. In Stock. From : MegaReads, United States",
9780061130366,Sacred Games: A Novel (P.S.),"Chandra, Vikram @ BookFinder.com",Amazon.com,used,15.0,"Reprint. Pages 964. In Stock. From : GREENWORLD GOODS, United States",
9780061130366,Sacred Games: A Novel (P.S.),"Chandra, Vikram @ BookFinder.com",Amazon.com,used,18.0,"Reprint. Pages 964. In Stock. From : Orion LLC, United States",
9780061130366,Sacred Games: A Novel (P.S.),"Chandra, Vikram @ BookFinder.com",Amazon.com,used,35.0,"Reprint. Pages 964. In stock Usually ships within 3 to 4 days. From : ThriftBooks-Dallas, United States",
9780061130366,Sacred Games: A Novel (P.S.),"Chandra, Vikram @ BookFinder.com",Amazon.com,used,36.0,"Reprint. Pages 964. In stock Usually ships within 3 to 4 days. From : ThriftBooks-Phoenix, United States",
9780061130366,Sacred Games: A Novel (P.S.),"Chandra, Vikram @ BookFinder.com",Amazon.com,used,43.0,"Reprint. Pages 964. In Stock. From : midtownscholarbookstore, United States",
9780061130366,Sacred Games: A Novel (P.S.),"Chandra, Vikram @ BookFinder.com",Amazon.com,used,50.0,"Reprint. Pages 964. In Stock. Fulfillment by Amazon. From : BOOK_DEPOT, United States",
9780061130366,Sacred Games: A Novel (P.S.),"Chandra, Vikram @ BookFinder.com",Amazon.com (Prime),used,6.0,"Reprint. Pages 964. In Stock. Fulfillment by Amazon. Amazon Prime. Not a Prime member? Try Amazon Prime 30-Day Free Trial which includes Prime Video, Prime Music and Prime Reading. From : Amazon.com (Prime), United States",
9780061130366,Sacred Games: A Novel (P.S.),"Chandra, Vikram @ BookFinder.com",Amazon.com,used,7.0,"Reprint. Pages 964. In Stock. Fulfillment by Amazon. From : Amazon.com, United States",
9780061130366,Sacred Games: A Novel (P.S.),"Chandra, Vikram @ BookFinder.com",Amazon.com,used,10.0,"Reprint. Pages 964. In stock Usually ships within 2 to 3 days. From : TheWorldShopUSA, Australia",
9780061130366,Sacred Games: A Novel (P.S.),"Chandra, Vikram @ BookFinder.com",Amazon.com,used,12.0,"Reprint. Pages 964. In stock Usually ships within 3 to 4 days. From : indoobestsellers, United States",
9780061130366,Sacred Games: A Novel (P.S.),"Chandra, Vikram @ BookFinder.com",Amazon.com,used,19.0,"Reprint. Pages 964. In Stock. From : Libup Books!, United States",
9780061130366,Sacred Games: A Novel (P.S.),"Chandra, Vikram @ BookFinder.com",Amazon.com,used,12.0,"Reprint. Pages 964. In Stock. From : World of Books (previously glenthebookseller), United States",
9780061130366,Sacred Games: A Novel (P.S.),"Chandra, Vikram @ BookFinder.com",Amazon.com,used,13.0,"Reprint. Pages 964. In Stock. From : World of Books (previously glenthebookseller), United States",
9780061130366,Sacred Games: A Novel (P.S.),"Chandra, Vikram @ BookFinder.com",Amazon.com,used,14.0,"Reprint. Pages 964. In Stock. From : MegaReads, United States",
9780061130366,Sacred Games: A Novel (P.S.),"Chandra, Vikram @ BookFinder.com",Amazon.com,used,15.0,"Reprint. Pages 964. In Stock. From : GREENWORLD GOODS, United States",
9780061130366,Sacred Games: A Novel (P.S.),"Chandra, Vikram @ BookFinder.com",Amazon.com,used,18.0,"Reprint. Pages 964. In Stock. From : Orion LLC, United States",
9780061130366,Sacred Games: A Novel (P.S.),"Chandra, Vikram @ BookFinder.com",Amazon.com,used,35.0,"Reprint. Pages 964. In stock Usually ships within 3 to 4 days. From : ThriftBooks-Dallas, United States",
9780061130366,Sacred Games: A Novel (P.S.),"Chandra, Vikram @ BookFinder.com",Amazon.com,used,36.0,"Reprint. Pages 964. In stock Usually ships within 3 to 4 days. From : ThriftBooks-Phoenix, United States",
9780061130366,Sacred Games: A Novel (P.S.),"Chandra, Vikram @ BookFinder.com",Amazon.com,used,43.0,"Reprint. Pages 964. In Stock. From : midtownscholarbookstore, United States",
9780061130366,Sacred Games: A Novel (P.S.),"Chandra, Vikram @ BookFinder.com",Amazon.com,used,50.0,"Reprint. Pages 964. In Stock. Fulfillment by Amazon. From : BOOK_DEPOT, United States",
9780425075722,Tomorrow the Stars,"Heinlein, Robert A. @ BookFinder.com",Amazon.com,used,5.0,"18th Printing. Pages 207. In Stock. From : Redux_Books, United States",
9780425075722,Tomorrow the Stars,"Heinlein, Robert A. @ BookFinder.com",Amazon.com,used,6.0,"18th Printing. Pages 207. In stock Usually ships within 3 to 4 days. From : ThriftBooks-Baltimore, United States",
9780425075722,Tomorrow the Stars,"Heinlein, Robert A. @ BookFinder.com",Amazon.com,used,10.0,"18th Printing. Pages 207. In Stock. From : books_from_california, United States",
9780425075722,Tomorrow the Stars,"Heinlein, Robert A. @ BookFinder.com",Amazon.com,used,15.0,"18th Printing. Pages 207. In Stock. From : ginnybug, United States",
9780425075722,Tomorrow the Stars,"Heinlein, Robert A. @ BookFinder.com",Amazon.com,used,17.0,"18th Printing. Pages 207. In Stock. From : gehlbh, United States",
9780425075722,Tomorrow the Stars,"Heinlein, Robert A. @ BookFinder.com",Amazon.com,used,18.0,"18th Printing. Pages 207. In Stock. From : Half Price Books Inc, United States",
9780425075722,Tomorrow the Stars,"Heinlein, Robert A. @ BookFinder.com",Amazon.com.au,used,44.0,Reissue. Usually dispatched within 2 to 3 weeks. From : SonicBW,
9780425075722,Tomorrow the Stars,"Heinlein, Robert A. @ BookFinder.com",Amazon.com.au,used,3.0,Reissue. Usually dispatched within 2 to 3 weeks. From : SonicBW,
9780425075722,Tomorrow the Stars,"Heinlein, Robert A. @ BookFinder.com",Amazon.com,used,5.0,"18th Printing. Pages 207. In Stock. From : Redux_Books, United States",
9780425075722,Tomorrow the Stars,"Heinlein, Robert A. @ BookFinder.com",Amazon.com,used,6.0,"18th Printing. Pages 207. In stock Usually ships within 3 to 4 days. From : ThriftBooks-Baltimore, United States",
9780425075722,Tomorrow the Stars,"Heinlein, Robert A. @ BookFinder.com",Amazon.com,used,10.0,"18th Printing. Pages 207. In Stock. From : books_from_california, United States",
9780425075722,Tomorrow the Stars,"Heinlein, Robert A. @ BookFinder.com",Amazon.com,used,15.0,"18th Printing. Pages 207. In Stock. From : ginnybug, United States",
9780425075722,Tomorrow the Stars,"Heinlein, Robert A. @ BookFinder.com",Amazon.com,used,17.0,"18th Printing. Pages 207. In Stock. From : gehlbh, United States",
9780425075722,Tomorrow the Stars,"Heinlein, Robert A. @ BookFinder.com",Amazon.com,used,18.0,"18th Printing. Pages 207. In Stock. From : Half Price Books Inc, United States",
9780681403123,Grimms Fairy Tales,"Grimm, Jacob @ BookFinder.com",Amazon.com,used,16.0,"reprint. Pages 0. In Stock. From : Red's Corner, United States",
9780681403123,Grimms Fairy Tales,"Grimm, Jacob @ BookFinder.com",Amazon.com,used,17.0,"reprint. Pages 0. In Stock. From : HPB-Ruby, United States",
9780681403123,Grimms Fairy Tales,"Grimm, Jacob @ BookFinder.com",Amazon.com,used,18.0,"reprint. Pages 0. In Stock. From : HPB Inc., United States",
9780681403123,Grimms Fairy Tales,"Grimm, Jacob @ BookFinder.com",Amazon.com,used,19.0,"reprint. Pages 0. In stock Usually ships within 3 to 4 days. From : ThriftBooks-Phoenix, United States",
9780681403123,Grimms Fairy Tales,"Grimm, Jacob @ BookFinder.com",Amazon.com,used,25.0,"reprint. Pages 0. In Stock. From : HPB-Ruby, United States",
9780681403123,Grimms Fairy Tales,"Grimm, Jacob @ BookFinder.com",Amazon.com,used,26.0,"reprint. Pages 0. In Stock. From : HPB-Emerald, United States",
9780681403123,Grimms Fairy Tales,"Grimm, Jacob @ BookFinder.com",Amazon.com,used,32.0,"reprint. Pages 0. In Stock. Fulfillment by Amazon. From : Raquelsofia, United States",
9780681403123,Grimms Fairy Tales,"Grimm, Jacob @ BookFinder.com",Amazon.com (Prime),used,33.0,"reprint. Pages 0. In Stock. Fulfillment by Amazon. Amazon Prime. Not a Prime member? Try Amazon Prime 30-Day Free Trial which includes Prime Video, Prime Music and Prime Reading. From : Raquelsofia, United States",
9780681403123,Grimms Fairy Tales,"Grimm, Jacob @ BookFinder.com",Amazon.com,used,34.0,"reprint. Pages 0. In Stock. From : osnoopy13, United States",
9780681403123,Grimms Fairy Tales,"Grimm, Jacob @ BookFinder.com",Amazon.com,used,40.0,"reprint. Pages 0. In Stock. From : Better World Books: West, United States",
9780681403123,Grimms Fairy Tales,"Grimm, Jacob @ BookFinder.com",Amazon.com,used,41.0,"reprint. Pages 0. In Stock. From : Better World Books: South, United States",
9780681403123,Grimms Fairy Tales,"Grimm, Jacob @ BookFinder.com",Amazon.com,used,42.0,"reprint. Pages 0. In Stock. From : WITHEROWBOOKS, United States",
9780681403123,Grimms Fairy Tales,"Grimm, Jacob @ BookFinder.com",Amazon.com,used,45.0,"reprint. Pages 0. In Stock. From : AllStarBooks57, United States",
9780681403123,Grimms Fairy Tales,"Grimm, Jacob @ BookFinder.com",Amazon.com,used,50.0,"reprint. Pages 0. In Stock. From : lexingtonbooks, United States",
9780681403123,Grimms Fairy Tales,"Grimm, Jacob @ BookFinder.com",Amazon.com,used,1.0,"reprint. Pages 0. In Stock. Fulfillment by Amazon. From : Raquelsofia, United States",
9780681403123,Grimms Fairy Tales,"Grimm, Jacob @ BookFinder.com",Amazon.com (Prime),used,2.0,"reprint. Pages 0. In Stock. Fulfillment by Amazon. Amazon Prime. Not a Prime member? Try Amazon Prime 30-Day Free Trial which includes Prime Video, Prime Music and Prime Reading. From : Raquelsofia, United States",
9780681403123,Grimms Fairy Tales,"Grimm, Jacob @ BookFinder.com",Amazon.com,used,3.0,"reprint. Pages 0. In Stock. From : osnoopy13, United States",
9780681403123,Grimms Fairy Tales,"Grimm, Jacob @ BookFinder.com",Amazon.com,used,5.0,"reprint. Pages 0. In Stock. From : lexingtonbooks, United States",
9780681403123,Grimms Fairy Tales,"Grimm, Jacob @ BookFinder.com",Amazon.com,used,10.0,"reprint. Pages 0. In Stock. From : aldinebooks2, United States",
9780681403123,Grimms Fairy Tales,"Grimm, Jacob @ BookFinder.com",Amazon.com,used,11.0,"reprint. Pages 0. In Stock. From : A.Messinger Books, United States",
9780681403123,Grimms Fairy Tales,"Grimm, Jacob @ BookFinder.com",Amazon.com,used,16.0,"reprint. Pages 0. In Stock. From : Red's Corner, United States",
9780681403123,Grimms Fairy Tales,"Grimm, Jacob @ BookFinder.com",Amazon.com,used,17.0,"reprint. Pages 0. In Stock. From : HPB-Ruby, United States",
9780681403123,Grimms Fairy Tales,"Grimm, Jacob @ BookFinder.com",Amazon.com,used,18.0,"reprint. Pages 0. In Stock. From : HPB Inc., United States",
9780681403123,Grimms Fairy Tales,"Grimm, Jacob @ BookFinder.com",Amazon.com,used,19.0,"reprint. Pages 0. In stock Usually ships within 3 to 4 days. From : ThriftBooks-Phoenix, United States",
9780681403123,Grimms Fairy Tales,"Grimm, Jacob @ BookFinder.com",Amazon.com,used,25.0,"reprint. Pages 0. In Stock. From : HPB-Ruby, United States",
9780681403123,Grimms Fairy Tales,"Grimm, Jacob @ BookFinder.com",Amazon.com,used,26.0,"reprint. Pages 0. In Stock. From : HPB-Emerald, United States",
9780681403123,Grimms Fairy Tales,"Grimm, Jacob @ BookFinder.com",Amazon.com,used,37.0,"reprint. Pages 0. In Stock. From : Better World Books: West, United States",
9780681403123,Grimms Fairy Tales,"Grimm, Jacob @ BookFinder.com",Amazon.com,used,38.0,"reprint. Pages 0. In Stock. From : Better World Books: South, United States",
9780681403123,Grimms Fairy Tales,"Grimm, Jacob @ BookFinder.com",Amazon.com,used,39.0,"reprint. Pages 0. In Stock. From : WITHEROWBOOKS, United States",
9780681403123,Grimms Fairy Tales,"Grimm, Jacob @ BookFinder.com",Amazon.com,used,42.0,"reprint. Pages 0. In Stock. From : AllStarBooks57, United States",
